[2025-11-20 14:23:24] local.ERROR: Route [login] not defined. {"exception":"[object] (Symfony\\Component\\Routing\\Exception\\RouteNotFoundException(code: 0): Route [login] not defined. at C:\\Users\\ADMIN\\Desktop\\K2\\projects\\4viewsocial_api_admin\\vendor\\laravel\\framework\\src\\Illuminate\\Routing\\UrlGenerator.php:526)
[stacktrace]
#0 C:\\Users\\ADMIN\\Desktop\\K2\\projects\\4viewsocial_api_admin\\vendor\\laravel\\framework\\src\\Illuminate\\Foundation\\helpers.php(871): Illuminate\\Routing\\UrlGenerator->route('login', Array, true)
#1 C:\\Users\\ADMIN\\Desktop\\K2\\projects\\4viewsocial_api_admin\\vendor\\laravel\\framework\\src\\Illuminate\\Foundation\\Configuration\\ApplicationBuilder.php(278): route('login')
#2 [internal function]: Illuminate\\Foundation\\Configuration\\ApplicationBuilder->Illuminate\\Foundation\\Configuration\\{closure}(Object(Illuminate\\Http\\Request))
#3 C:\\Users\\ADMIN\\Desktop\\K2\\projects\\4viewsocial_api_admin\\vendor\\laravel\\framework\\src\\Illuminate\\Auth\\Middleware\\Authenticate.php(117): call_user_func(Object(Closure), Object(Illuminate\\Http\\Request))
#4 C:\\Users\\ADMIN\\Desktop\\K2\\projects\\4viewsocial_api_admin\\vendor\\laravel\\framework\\src\\Illuminate\\Auth\\Middleware\\Authenticate.php(104): Illuminate\\Auth\\Middleware\\Authenticate->redirectTo(Object(Illuminate\\Http\\Request))
#5 C:\\Users\\ADMIN\\Desktop\\K2\\projects\\4viewsocial_api_admin\\vendor\\laravel\\framework\\src\\Illuminate\\Auth\\Middleware\\Authenticate.php(87): Illuminate\\Auth\\Middleware\\Authenticate->unauthenticated(Object(Illuminate\\Http\\Request), Array)
#6 C:\\Users\\ADMIN\\Desktop\\K2\\projects\\4viewsocial_api_admin\\vendor\\laravel\\framework\\src\\Illuminate\\Auth\\Middleware\\Authenticate.php(61): Illuminate\\Auth\\Middleware\\Authenticate->authenticate(Object(Illuminate\\Http\\Request), Array)
#7 C:\\Users\\ADMIN\\Desktop\\K2\\projects\\4viewsocial_api_admin\\vendor\\laravel\\framework\\src\\Illuminate\\Pipeline\\Pipeline.php(219): Illuminate\\Auth\\Middleware\\Authenticate->handle(Object(Illuminate\\Http\\Request), Object(Closure), 'sanctum')
#8 C:\\Users\\ADMIN\\Desktop\\K2\\projects\\4viewsocial_api_admin\\vendor\\laravel\\framework\\src\\Illuminate\\Pipeline\\Pipeline.php(137): Illuminate\\Pipeline\\Pipeline->Illuminate\\Pipeline\\{closure}(Object(Illuminate\\Http\\Request))
#9 C:\\Users\\ADMIN\\Desktop\\K2\\projects\\4viewsocial_api_admin\\vendor\\laravel\\framework\\src\\Illuminate\\Routing\\Router.php(821): Illuminate\\Pipeline\\Pipeline->then(Object(Closure))
#10 C:\\Users\\ADMIN\\Desktop\\K2\\projects\\4viewsocial_api_admin\\vendor\\laravel\\framework\\src\\Illuminate\\Routing\\Router.php(800): Illuminate\\Routing\\Router->runRouteWithinStack(Object(Illuminate\\Routing\\Route), Object(Illuminate\\Http\\Request))
#11 C:\\Users\\ADMIN\\Desktop\\K2\\projects\\4viewsocial_api_admin\\vendor\\laravel\\framework\\src\\Illuminate\\Routing\\Router.php(764): Illuminate\\Routing\\Router->runRoute(Object(Illuminate\\Http\\Request), Object(Illuminate\\Routing\\Route))
#12 C:\\Users\\ADMIN\\Desktop\\K2\\projects\\4viewsocial_api_admin\\vendor\\laravel\\framework\\src\\Illuminate\\Routing\\Router.php(753): Illuminate\\Routing\\Router->dispatchToRoute(Object(Illuminate\\Http\\Request))
#13 C:\\Users\\ADMIN\\Desktop\\K2\\projects\\4viewsocial_api_admin\\vendor\\laravel\\framework\\src\\Illuminate\\Foundation\\Http\\Kernel.php(200): Illuminate\\Routing\\Router->dispatch(Object(Illuminate\\Http\\Request))
#14 C:\\Users\\ADMIN\\Desktop\\K2\\projects\\4viewsocial_api_admin\\vendor\\laravel\\framework\\src\\Illuminate\\Pipeline\\Pipeline.php(180): Illuminate\\Foundation\\Http\\Kernel->Illuminate\\Foundation\\Http\\{closure}(Object(Illuminate\\Http\\Request))
#15 C:\\Users\\ADMIN\\Desktop\\K2\\projects\\4viewsocial_api_admin\\vendor\\laravel\\framework\\src\\Illuminate\\Foundation\\Http\\Middleware\\TransformsRequest.php(21): Illuminate\\Pipeline\\Pipeline->Illuminate\\Pipeline\\{closure}(Object(Illuminate\\Http\\Request))
#16 C:\\Users\\ADMIN\\Desktop\\K2\\projects\\4viewsocial_api_admin\\vendor\\laravel\\framework\\src\\Illuminate\\Foundation\\Http\\Middleware\\ConvertEmptyStringsToNull.php(31): Illuminate\\Foundation\\Http\\Middleware\\TransformsRequest->handle(Object(Illuminate\\Http\\Request), Object(Closure))
#17 C:\\Users\\ADMIN\\Desktop\\K2\\projects\\4viewsocial_api_admin\\vendor\\laravel\\framework\\src\\Illuminate\\Pipeline\\Pipeline.php(219): Illuminate\\Foundation\\Http\\Middleware\\ConvertEmptyStringsToNull->handle(Object(Illuminate\\Http\\Request), Object(Closure))
#18 C:\\Users\\ADMIN\\Desktop\\K2\\projects\\4viewsocial_api_admin\\vendor\\laravel\\framework\\src\\Illuminate\\Foundation\\Http\\Middleware\\TransformsRequest.php(21): Illuminate\\Pipeline\\Pipeline->Illuminate\\Pipeline\\{closure}(Object(Illuminate\\Http\\Request))
#19 C:\\Users\\ADMIN\\Desktop\\K2\\projects\\4viewsocial_api_admin\\vendor\\laravel\\framework\\src\\Illuminate\\Foundation\\Http\\Middleware\\TrimStrings.php(51): Illuminate\\Foundation\\Http\\Middleware\\TransformsRequest->handle(Object(Illuminate\\Http\\Request), Object(Closure))
#20 C:\\Users\\ADMIN\\Desktop\\K2\\projects\\4viewsocial_api_admin\\vendor\\laravel\\framework\\src\\Illuminate\\Pipeline\\Pipeline.php(219): Illuminate\\Foundation\\Http\\Middleware\\TrimStrings->handle(Object(Illuminate\\Http\\Request), Object(Closure))
#21 C:\\Users\\ADMIN\\Desktop\\K2\\projects\\4viewsocial_api_admin\\vendor\\laravel\\framework\\src\\Illuminate\\Http\\Middleware\\ValidatePostSize.php(27): Illuminate\\Pipeline\\Pipeline->Illuminate\\Pipeline\\{closure}(Object(Illuminate\\Http\\Request))
#22 C:\\Users\\ADMIN\\Desktop\\K2\\projects\\4viewsocial_api_admin\\vendor\\laravel\\framework\\src\\Illuminate\\Pipeline\\Pipeline.php(219): Illuminate\\Http\\Middleware\\ValidatePostSize->handle(Object(Illuminate\\Http\\Request), Object(Closure))
#23 C:\\Users\\ADMIN\\Desktop\\K2\\projects\\4viewsocial_api_admin\\vendor\\laravel\\framework\\src\\Illuminate\\Foundation\\Http\\Middleware\\PreventRequestsDuringMaintenance.php(109): Illuminate\\Pipeline\\Pipeline->Illuminate\\Pipeline\\{closure}(Object(Illuminate\\Http\\Request))
#24 C:\\Users\\ADMIN\\Desktop\\K2\\projects\\4viewsocial_api_admin\\vendor\\laravel\\framework\\src\\Illuminate\\Pipeline\\Pipeline.php(219): Illuminate\\Foundation\\Http\\Middleware\\PreventRequestsDuringMaintenance->handle(Object(Illuminate\\Http\\Request), Object(Closure))
#25 C:\\Users\\ADMIN\\Desktop\\K2\\projects\\4viewsocial_api_admin\\vendor\\laravel\\framework\\src\\Illuminate\\Http\\Middleware\\HandleCors.php(61): Illuminate\\Pipeline\\Pipeline->Illuminate\\Pipeline\\{closure}(Object(Illuminate\\Http\\Request))
#26 C:\\Users\\ADMIN\\Desktop\\K2\\projects\\4viewsocial_api_admin\\vendor\\laravel\\framework\\src\\Illuminate\\Pipeline\\Pipeline.php(219): Illuminate\\Http\\Middleware\\HandleCors->handle(Object(Illuminate\\Http\\Request), Object(Closure))
#27 C:\\Users\\ADMIN\\Desktop\\K2\\projects\\4viewsocial_api_admin\\vendor\\laravel\\framework\\src\\Illuminate\\Http\\Middleware\\TrustProxies.php(58): Illuminate\\Pipeline\\Pipeline->Illuminate\\Pipeline\\{closure}(Object(Illuminate\\Http\\Request))
#28 C:\\Users\\ADMIN\\Desktop\\K2\\projects\\4viewsocial_api_admin\\vendor\\laravel\\framework\\src\\Illuminate\\Pipeline\\Pipeline.php(219): Illuminate\\Http\\Middleware\\TrustProxies->handle(Object(Illuminate\\Http\\Request), Object(Closure))
#29 C:\\Users\\ADMIN\\Desktop\\K2\\projects\\4viewsocial_api_admin\\vendor\\laravel\\framework\\src\\Illuminate\\Foundation\\Http\\Middleware\\InvokeDeferredCallbacks.php(22): Illuminate\\Pipeline\\Pipeline->Illuminate\\Pipeline\\{closure}(Object(Illuminate\\Http\\Request))
#30 C:\\Users\\ADMIN\\Desktop\\K2\\projects\\4viewsocial_api_admin\\vendor\\laravel\\framework\\src\\Illuminate\\Pipeline\\Pipeline.php(219): Illuminate\\Foundation\\Http\\Middleware\\InvokeDeferredCallbacks->handle(Object(Illuminate\\Http\\Request), Object(Closure))
#31 C:\\Users\\ADMIN\\Desktop\\K2\\projects\\4viewsocial_api_admin\\vendor\\laravel\\framework\\src\\Illuminate\\Http\\Middleware\\ValidatePathEncoding.php(26): Illuminate\\Pipeline\\Pipeline->Illuminate\\Pipeline\\{closure}(Object(Illuminate\\Http\\Request))
#32 C:\\Users\\ADMIN\\Desktop\\K2\\projects\\4viewsocial_api_admin\\vendor\\laravel\\framework\\src\\Illuminate\\Pipeline\\Pipeline.php(219): Illuminate\\Http\\Middleware\\ValidatePathEncoding->handle(Object(Illuminate\\Http\\Request), Object(Closure))
#33 C:\\Users\\ADMIN\\Desktop\\K2\\projects\\4viewsocial_api_admin\\vendor\\laravel\\framework\\src\\Illuminate\\Pipeline\\Pipeline.php(137): Illuminate\\Pipeline\\Pipeline->Illuminate\\Pipeline\\{closure}(Object(Illuminate\\Http\\Request))
#34 C:\\Users\\ADMIN\\Desktop\\K2\\projects\\4viewsocial_api_admin\\vendor\\laravel\\framework\\src\\Illuminate\\Foundation\\Http\\Kernel.php(175): Illuminate\\Pipeline\\Pipeline->then(Object(Closure))
#35 C:\\Users\\ADMIN\\Desktop\\K2\\projects\\4viewsocial_api_admin\\vendor\\laravel\\framework\\src\\Illuminate\\Foundation\\Http\\Kernel.php(144): Illuminate\\Foundation\\Http\\Kernel->sendRequestThroughRouter(Object(Illuminate\\Http\\Request))
#36 C:\\Users\\ADMIN\\Desktop\\K2\\projects\\4viewsocial_api_admin\\vendor\\laravel\\framework\\src\\Illuminate\\Foundation\\Application.php(1220): Illuminate\\Foundation\\Http\\Kernel->handle(Object(Illuminate\\Http\\Request))
#37 C:\\Users\\ADMIN\\Desktop\\K2\\projects\\4viewsocial_api_admin\\public\\index.php(20): Illuminate\\Foundation\\Application->handleRequest(Object(Illuminate\\Http\\Request))
#38 C:\\Users\\ADMIN\\Desktop\\K2\\projects\\4viewsocial_api_admin\\vendor\\laravel\\framework\\src\\Illuminate\\Foundation\\resources\\server.php(23): require_once('C:\\\\Users\\\\ADMIN\\\\...')
#39 {main}
"} 
[2025-11-20 16:22:40] local.ERROR: Class "App\Http\Controllers\UserController" does not exist {"exception":"[object] (ReflectionException(code: -1): Class \"App\\Http\\Controllers\\UserController\" does not exist at C:\\Users\\ADMIN\\Desktop\\K2\\projects\\4viewsocial_api_admin\\vendor\\laravel\\framework\\src\\Illuminate\\Foundation\\Console\\RouteListCommand.php:235)
[stacktrace]
#0 C:\\Users\\ADMIN\\Desktop\\K2\\projects\\4viewsocial_api_admin\\vendor\\laravel\\framework\\src\\Illuminate\\Foundation\\Console\\RouteListCommand.php(235): ReflectionClass->__construct('App\\\\Http\\\\Contro...')
#1 C:\\Users\\ADMIN\\Desktop\\K2\\projects\\4viewsocial_api_admin\\vendor\\laravel\\framework\\src\\Illuminate\\Foundation\\Console\\RouteListCommand.php(149): Illuminate\\Foundation\\Console\\RouteListCommand->isVendorRoute(Object(Illuminate\\Routing\\Route))
#2 C:\\Users\\ADMIN\\Desktop\\K2\\projects\\4viewsocial_api_admin\\vendor\\laravel\\framework\\src\\Illuminate\\Foundation\\Console\\RouteListCommand.php(117): Illuminate\\Foundation\\Console\\RouteListCommand->getRouteInformation(Object(Illuminate\\Routing\\Route))
#3 [internal function]: Illuminate\\Foundation\\Console\\RouteListCommand->Illuminate\\Foundation\\Console\\{closure}(Object(Illuminate\\Routing\\Route), 4)
#4 C:\\Users\\ADMIN\\Desktop\\K2\\projects\\4viewsocial_api_admin\\vendor\\laravel\\framework\\src\\Illuminate\\Collections\\Arr.php(786): array_map(Object(Closure), Array, Array)
#5 C:\\Users\\ADMIN\\Desktop\\K2\\projects\\4viewsocial_api_admin\\vendor\\laravel\\framework\\src\\Illuminate\\Collections\\Collection.php(814): Illuminate\\Support\\Arr::map(Array, Object(Closure))
#6 C:\\Users\\ADMIN\\Desktop\\K2\\projects\\4viewsocial_api_admin\\vendor\\laravel\\framework\\src\\Illuminate\\Foundation\\Console\\RouteListCommand.php(117): Illuminate\\Support\\Collection->map(Object(Closure))
#7 C:\\Users\\ADMIN\\Desktop\\K2\\projects\\4viewsocial_api_admin\\vendor\\laravel\\framework\\src\\Illuminate\\Foundation\\Console\\RouteListCommand.php(102): Illuminate\\Foundation\\Console\\RouteListCommand->getRoutes()
#8 C:\\Users\\ADMIN\\Desktop\\K2\\projects\\4viewsocial_api_admin\\vendor\\laravel\\framework\\src\\Illuminate\\Container\\BoundMethod.php(36): Illuminate\\Foundation\\Console\\RouteListCommand->handle()
#9 C:\\Users\\ADMIN\\Desktop\\K2\\projects\\4viewsocial_api_admin\\vendor\\laravel\\framework\\src\\Illuminate\\Container\\Util.php(43): Illuminate\\Container\\BoundMethod::Illuminate\\Container\\{closure}()
#10 C:\\Users\\ADMIN\\Desktop\\K2\\projects\\4viewsocial_api_admin\\vendor\\laravel\\framework\\src\\Illuminate\\Container\\BoundMethod.php(96): Illuminate\\Container\\Util::unwrapIfClosure(Object(Closure))
#11 C:\\Users\\ADMIN\\Desktop\\K2\\projects\\4viewsocial_api_admin\\vendor\\laravel\\framework\\src\\Illuminate\\Container\\BoundMethod.php(35): Illuminate\\Container\\BoundMethod::callBoundMethod(Object(Illuminate\\Foundation\\Application), Array, Object(Closure))
#12 C:\\Users\\ADMIN\\Desktop\\K2\\projects\\4viewsocial_api_admin\\vendor\\laravel\\framework\\src\\Illuminate\\Container\\Container.php(836): Illuminate\\Container\\BoundMethod::call(Object(Illuminate\\Foundation\\Application), Array, Array, NULL)
#13 C:\\Users\\ADMIN\\Desktop\\K2\\projects\\4viewsocial_api_admin\\vendor\\laravel\\framework\\src\\Illuminate\\Console\\Command.php(211): Illuminate\\Container\\Container->call(Array)
#14 C:\\Users\\ADMIN\\Desktop\\K2\\projects\\4viewsocial_api_admin\\vendor\\symfony\\console\\Command\\Command.php(318): Illuminate\\Console\\Command->execute(Object(Symfony\\Component\\Console\\Input\\ArgvInput), Object(Illuminate\\Console\\OutputStyle))
#15 C:\\Users\\ADMIN\\Desktop\\K2\\projects\\4viewsocial_api_admin\\vendor\\laravel\\framework\\src\\Illuminate\\Console\\Command.php(180): Symfony\\Component\\Console\\Command\\Command->run(Object(Symfony\\Component\\Console\\Input\\ArgvInput), Object(Illuminate\\Console\\OutputStyle))
#16 C:\\Users\\ADMIN\\Desktop\\K2\\projects\\4viewsocial_api_admin\\vendor\\symfony\\console\\Application.php(1073): Illuminate\\Console\\Command->run(Object(Symfony\\Component\\Console\\Input\\ArgvInput), Object(Symfony\\Component\\Console\\Output\\ConsoleOutput))
#17 C:\\Users\\ADMIN\\Desktop\\K2\\projects\\4viewsocial_api_admin\\vendor\\symfony\\console\\Application.php(356): Symfony\\Component\\Console\\Application->doRunCommand(Object(Illuminate\\Foundation\\Console\\RouteListCommand), Object(Symfony\\Component\\Console\\Input\\ArgvInput), Object(Symfony\\Component\\Console\\Output\\ConsoleOutput))
#18 C:\\Users\\ADMIN\\Desktop\\K2\\projects\\4viewsocial_api_admin\\vendor\\symfony\\console\\Application.php(195): Symfony\\Component\\Console\\Application->doRun(Object(Symfony\\Component\\Console\\Input\\ArgvInput), Object(Symfony\\Component\\Console\\Output\\ConsoleOutput))
#19 C:\\Users\\ADMIN\\Desktop\\K2\\projects\\4viewsocial_api_admin\\vendor\\laravel\\framework\\src\\Illuminate\\Foundation\\Console\\Kernel.php(197): Symfony\\Component\\Console\\Application->run(Object(Symfony\\Component\\Console\\Input\\ArgvInput), Object(Symfony\\Component\\Console\\Output\\ConsoleOutput))
#20 C:\\Users\\ADMIN\\Desktop\\K2\\projects\\4viewsocial_api_admin\\vendor\\laravel\\framework\\src\\Illuminate\\Foundation\\Application.php(1235): Illuminate\\Foundation\\Console\\Kernel->handle(Object(Symfony\\Component\\Console\\Input\\ArgvInput), Object(Symfony\\Component\\Console\\Output\\ConsoleOutput))
#21 C:\\Users\\ADMIN\\Desktop\\K2\\projects\\4viewsocial_api_admin\\artisan(16): Illuminate\\Foundation\\Application->handleCommand(Object(Symfony\\Component\\Console\\Input\\ArgvInput))
#22 {main}
"} 
[2025-11-20 16:24:38] local.ERROR: Class "App\Http\Controllers\UserController" does not exist {"exception":"[object] (ReflectionException(code: -1): Class \"App\\Http\\Controllers\\UserController\" does not exist at C:\\Users\\ADMIN\\Desktop\\K2\\projects\\4viewsocial_api_admin\\vendor\\laravel\\framework\\src\\Illuminate\\Foundation\\Console\\RouteListCommand.php:235)
[stacktrace]
#0 C:\\Users\\ADMIN\\Desktop\\K2\\projects\\4viewsocial_api_admin\\vendor\\laravel\\framework\\src\\Illuminate\\Foundation\\Console\\RouteListCommand.php(235): ReflectionClass->__construct('App\\\\Http\\\\Contro...')
#1 C:\\Users\\ADMIN\\Desktop\\K2\\projects\\4viewsocial_api_admin\\vendor\\laravel\\framework\\src\\Illuminate\\Foundation\\Console\\RouteListCommand.php(149): Illuminate\\Foundation\\Console\\RouteListCommand->isVendorRoute(Object(Illuminate\\Routing\\Route))
#2 C:\\Users\\ADMIN\\Desktop\\K2\\projects\\4viewsocial_api_admin\\vendor\\laravel\\framework\\src\\Illuminate\\Foundation\\Console\\RouteListCommand.php(117): Illuminate\\Foundation\\Console\\RouteListCommand->getRouteInformation(Object(Illuminate\\Routing\\Route))
#3 [internal function]: Illuminate\\Foundation\\Console\\RouteListCommand->Illuminate\\Foundation\\Console\\{closure}(Object(Illuminate\\Routing\\Route), 4)
#4 C:\\Users\\ADMIN\\Desktop\\K2\\projects\\4viewsocial_api_admin\\vendor\\laravel\\framework\\src\\Illuminate\\Collections\\Arr.php(786): array_map(Object(Closure), Array, Array)
#5 C:\\Users\\ADMIN\\Desktop\\K2\\projects\\4viewsocial_api_admin\\vendor\\laravel\\framework\\src\\Illuminate\\Collections\\Collection.php(814): Illuminate\\Support\\Arr::map(Array, Object(Closure))
#6 C:\\Users\\ADMIN\\Desktop\\K2\\projects\\4viewsocial_api_admin\\vendor\\laravel\\framework\\src\\Illuminate\\Foundation\\Console\\RouteListCommand.php(117): Illuminate\\Support\\Collection->map(Object(Closure))
#7 C:\\Users\\ADMIN\\Desktop\\K2\\projects\\4viewsocial_api_admin\\vendor\\laravel\\framework\\src\\Illuminate\\Foundation\\Console\\RouteListCommand.php(102): Illuminate\\Foundation\\Console\\RouteListCommand->getRoutes()
#8 C:\\Users\\ADMIN\\Desktop\\K2\\projects\\4viewsocial_api_admin\\vendor\\laravel\\framework\\src\\Illuminate\\Container\\BoundMethod.php(36): Illuminate\\Foundation\\Console\\RouteListCommand->handle()
#9 C:\\Users\\ADMIN\\Desktop\\K2\\projects\\4viewsocial_api_admin\\vendor\\laravel\\framework\\src\\Illuminate\\Container\\Util.php(43): Illuminate\\Container\\BoundMethod::Illuminate\\Container\\{closure}()
#10 C:\\Users\\ADMIN\\Desktop\\K2\\projects\\4viewsocial_api_admin\\vendor\\laravel\\framework\\src\\Illuminate\\Container\\BoundMethod.php(96): Illuminate\\Container\\Util::unwrapIfClosure(Object(Closure))
#11 C:\\Users\\ADMIN\\Desktop\\K2\\projects\\4viewsocial_api_admin\\vendor\\laravel\\framework\\src\\Illuminate\\Container\\BoundMethod.php(35): Illuminate\\Container\\BoundMethod::callBoundMethod(Object(Illuminate\\Foundation\\Application), Array, Object(Closure))
#12 C:\\Users\\ADMIN\\Desktop\\K2\\projects\\4viewsocial_api_admin\\vendor\\laravel\\framework\\src\\Illuminate\\Container\\Container.php(836): Illuminate\\Container\\BoundMethod::call(Object(Illuminate\\Foundation\\Application), Array, Array, NULL)
#13 C:\\Users\\ADMIN\\Desktop\\K2\\projects\\4viewsocial_api_admin\\vendor\\laravel\\framework\\src\\Illuminate\\Console\\Command.php(211): Illuminate\\Container\\Container->call(Array)
#14 C:\\Users\\ADMIN\\Desktop\\K2\\projects\\4viewsocial_api_admin\\vendor\\symfony\\console\\Command\\Command.php(318): Illuminate\\Console\\Command->execute(Object(Symfony\\Component\\Console\\Input\\ArgvInput), Object(Illuminate\\Console\\OutputStyle))
#15 C:\\Users\\ADMIN\\Desktop\\K2\\projects\\4viewsocial_api_admin\\vendor\\laravel\\framework\\src\\Illuminate\\Console\\Command.php(180): Symfony\\Component\\Console\\Command\\Command->run(Object(Symfony\\Component\\Console\\Input\\ArgvInput), Object(Illuminate\\Console\\OutputStyle))
#16 C:\\Users\\ADMIN\\Desktop\\K2\\projects\\4viewsocial_api_admin\\vendor\\symfony\\console\\Application.php(1073): Illuminate\\Console\\Command->run(Object(Symfony\\Component\\Console\\Input\\ArgvInput), Object(Symfony\\Component\\Console\\Output\\ConsoleOutput))
#17 C:\\Users\\ADMIN\\Desktop\\K2\\projects\\4viewsocial_api_admin\\vendor\\symfony\\console\\Application.php(356): Symfony\\Component\\Console\\Application->doRunCommand(Object(Illuminate\\Foundation\\Console\\RouteListCommand), Object(Symfony\\Component\\Console\\Input\\ArgvInput), Object(Symfony\\Component\\Console\\Output\\ConsoleOutput))
#18 C:\\Users\\ADMIN\\Desktop\\K2\\projects\\4viewsocial_api_admin\\vendor\\symfony\\console\\Application.php(195): Symfony\\Component\\Console\\Application->doRun(Object(Symfony\\Component\\Console\\Input\\ArgvInput), Object(Symfony\\Component\\Console\\Output\\ConsoleOutput))
#19 C:\\Users\\ADMIN\\Desktop\\K2\\projects\\4viewsocial_api_admin\\vendor\\laravel\\framework\\src\\Illuminate\\Foundation\\Console\\Kernel.php(197): Symfony\\Component\\Console\\Application->run(Object(Symfony\\Component\\Console\\Input\\ArgvInput), Object(Symfony\\Component\\Console\\Output\\ConsoleOutput))
#20 C:\\Users\\ADMIN\\Desktop\\K2\\projects\\4viewsocial_api_admin\\vendor\\laravel\\framework\\src\\Illuminate\\Foundation\\Application.php(1235): Illuminate\\Foundation\\Console\\Kernel->handle(Object(Symfony\\Component\\Console\\Input\\ArgvInput), Object(Symfony\\Component\\Console\\Output\\ConsoleOutput))
#21 C:\\Users\\ADMIN\\Desktop\\K2\\projects\\4viewsocial_api_admin\\artisan(16): Illuminate\\Foundation\\Application->handleCommand(Object(Symfony\\Component\\Console\\Input\\ArgvInput))
#22 {main}
"} 
[2025-11-21 06:29:51] local.ERROR: SQLSTATE[HY000] [2002] No connection could be made because the target machine actively refused it (Connection: mysql, SQL: select `stories`.`id`, `stories`.`user_id`, `users`.`full_name` as `user_name`, `stories`.`video_url`, `stories`.`expired_time`, `stories`.`created_at` from `stories` inner join `users` on `users`.`id` = `stories`.`user_id` order by `stories`.`id` desc) {"exception":"[object] (Illuminate\\Database\\QueryException(code: 2002): SQLSTATE[HY000] [2002] No connection could be made because the target machine actively refused it (Connection: mysql, SQL: select `stories`.`id`, `stories`.`user_id`, `users`.`full_name` as `user_name`, `stories`.`video_url`, `stories`.`expired_time`, `stories`.`created_at` from `stories` inner join `users` on `users`.`id` = `stories`.`user_id` order by `stories`.`id` desc) at C:\\Users\\ADMIN\\Desktop\\K2\\projects\\4viewsocial_api_admin\\vendor\\laravel\\framework\\src\\Illuminate\\Database\\Connection.php:824)
[stacktrace]
#0 C:\\Users\\ADMIN\\Desktop\\K2\\projects\\4viewsocial_api_admin\\vendor\\laravel\\framework\\src\\Illuminate\\Database\\Connection.php(978): Illuminate\\Database\\Connection->runQueryCallback('select `stories...', Array, Object(Closure))
#1 C:\\Users\\ADMIN\\Desktop\\K2\\projects\\4viewsocial_api_admin\\vendor\\laravel\\framework\\src\\Illuminate\\Database\\Connection.php(957): Illuminate\\Database\\Connection->tryAgainIfCausedByLostConnection(Object(Illuminate\\Database\\QueryException), 'select `stories...', Array, Object(Closure))
#2 C:\\Users\\ADMIN\\Desktop\\K2\\projects\\4viewsocial_api_admin\\vendor\\laravel\\framework\\src\\Illuminate\\Database\\Connection.php(780): Illuminate\\Database\\Connection->handleQueryException(Object(Illuminate\\Database\\QueryException), 'select `stories...', Array, Object(Closure))
#3 C:\\Users\\ADMIN\\Desktop\\K2\\projects\\4viewsocial_api_admin\\vendor\\laravel\\framework\\src\\Illuminate\\Database\\Connection.php(397): Illuminate\\Database\\Connection->run('select `stories...', Array, Object(Closure))
#4 C:\\Users\\ADMIN\\Desktop\\K2\\projects\\4viewsocial_api_admin\\vendor\\laravel\\framework\\src\\Illuminate\\Database\\Query\\Builder.php(3188): Illuminate\\Database\\Connection->select('select `stories...', Array, true)
#5 C:\\Users\\ADMIN\\Desktop\\K2\\projects\\4viewsocial_api_admin\\vendor\\laravel\\framework\\src\\Illuminate\\Database\\Query\\Builder.php(3173): Illuminate\\Database\\Query\\Builder->runSelect()
#6 C:\\Users\\ADMIN\\Desktop\\K2\\projects\\4viewsocial_api_admin\\vendor\\laravel\\framework\\src\\Illuminate\\Database\\Query\\Builder.php(3763): Illuminate\\Database\\Query\\Builder->Illuminate\\Database\\Query\\{closure}()
#7 C:\\Users\\ADMIN\\Desktop\\K2\\projects\\4viewsocial_api_admin\\vendor\\laravel\\framework\\src\\Illuminate\\Database\\Query\\Builder.php(3172): Illuminate\\Database\\Query\\Builder->onceWithColumns(Array, Object(Closure))
#8 C:\\Users\\ADMIN\\Desktop\\K2\\projects\\4viewsocial_api_admin\\vendor\\laravel\\framework\\src\\Illuminate\\Database\\Eloquent\\Builder.php(902): Illuminate\\Database\\Query\\Builder->get(Array)
#9 C:\\Users\\ADMIN\\Desktop\\K2\\projects\\4viewsocial_api_admin\\vendor\\laravel\\framework\\src\\Illuminate\\Database\\Eloquent\\Builder.php(884): Illuminate\\Database\\Eloquent\\Builder->getModels(Array)
#10 C:\\Users\\ADMIN\\Desktop\\K2\\projects\\4viewsocial_api_admin\\app\\Http\\Controllers\\StoryController.php(48): Illuminate\\Database\\Eloquent\\Builder->get()
#11 C:\\Users\\ADMIN\\Desktop\\K2\\projects\\4viewsocial_api_admin\\vendor\\laravel\\framework\\src\\Illuminate\\Routing\\ControllerDispatcher.php(46): App\\Http\\Controllers\\StoryController->listStories(Object(Illuminate\\Http\\Request))
#12 C:\\Users\\ADMIN\\Desktop\\K2\\projects\\4viewsocial_api_admin\\vendor\\laravel\\framework\\src\\Illuminate\\Routing\\Route.php(265): Illuminate\\Routing\\ControllerDispatcher->dispatch(Object(Illuminate\\Routing\\Route), Object(App\\Http\\Controllers\\StoryController), 'listStories')
#13 C:\\Users\\ADMIN\\Desktop\\K2\\projects\\4viewsocial_api_admin\\vendor\\laravel\\framework\\src\\Illuminate\\Routing\\Route.php(211): Illuminate\\Routing\\Route->runController()
#14 C:\\Users\\ADMIN\\Desktop\\K2\\projects\\4viewsocial_api_admin\\vendor\\laravel\\framework\\src\\Illuminate\\Routing\\Router.php(822): Illuminate\\Routing\\Route->run()
#15 C:\\Users\\ADMIN\\Desktop\\K2\\projects\\4viewsocial_api_admin\\vendor\\laravel\\framework\\src\\Illuminate\\Pipeline\\Pipeline.php(180): Illuminate\\Routing\\Router->Illuminate\\Routing\\{closure}(Object(Illuminate\\Http\\Request))
#16 C:\\Users\\ADMIN\\Desktop\\K2\\projects\\4viewsocial_api_admin\\vendor\\laravel\\framework\\src\\Illuminate\\Routing\\Middleware\\SubstituteBindings.php(50): Illuminate\\Pipeline\\Pipeline->Illuminate\\Pipeline\\{closure}(Object(Illuminate\\Http\\Request))
#17 C:\\Users\\ADMIN\\Desktop\\K2\\projects\\4viewsocial_api_admin\\vendor\\laravel\\framework\\src\\Illuminate\\Pipeline\\Pipeline.php(219): Illuminate\\Routing\\Middleware\\SubstituteBindings->handle(Object(Illuminate\\Http\\Request), Object(Closure))
#18 C:\\Users\\ADMIN\\Desktop\\K2\\projects\\4viewsocial_api_admin\\vendor\\laravel\\framework\\src\\Illuminate\\Pipeline\\Pipeline.php(137): Illuminate\\Pipeline\\Pipeline->Illuminate\\Pipeline\\{closure}(Object(Illuminate\\Http\\Request))
#19 C:\\Users\\ADMIN\\Desktop\\K2\\projects\\4viewsocial_api_admin\\vendor\\laravel\\framework\\src\\Illuminate\\Routing\\Router.php(821): Illuminate\\Pipeline\\Pipeline->then(Object(Closure))
#20 C:\\Users\\ADMIN\\Desktop\\K2\\projects\\4viewsocial_api_admin\\vendor\\laravel\\framework\\src\\Illuminate\\Routing\\Router.php(800): Illuminate\\Routing\\Router->runRouteWithinStack(Object(Illuminate\\Routing\\Route), Object(Illuminate\\Http\\Request))
#21 C:\\Users\\ADMIN\\Desktop\\K2\\projects\\4viewsocial_api_admin\\vendor\\laravel\\framework\\src\\Illuminate\\Routing\\Router.php(764): Illuminate\\Routing\\Router->runRoute(Object(Illuminate\\Http\\Request), Object(Illuminate\\Routing\\Route))
#22 C:\\Users\\ADMIN\\Desktop\\K2\\projects\\4viewsocial_api_admin\\vendor\\laravel\\framework\\src\\Illuminate\\Routing\\Router.php(753): Illuminate\\Routing\\Router->dispatchToRoute(Object(Illuminate\\Http\\Request))
#23 C:\\Users\\ADMIN\\Desktop\\K2\\projects\\4viewsocial_api_admin\\vendor\\laravel\\framework\\src\\Illuminate\\Foundation\\Http\\Kernel.php(200): Illuminate\\Routing\\Router->dispatch(Object(Illuminate\\Http\\Request))
#24 C:\\Users\\ADMIN\\Desktop\\K2\\projects\\4viewsocial_api_admin\\vendor\\laravel\\framework\\src\\Illuminate\\Pipeline\\Pipeline.php(180): Illuminate\\Foundation\\Http\\Kernel->Illuminate\\Foundation\\Http\\{closure}(Object(Illuminate\\Http\\Request))
#25 C:\\Users\\ADMIN\\Desktop\\K2\\projects\\4viewsocial_api_admin\\vendor\\laravel\\framework\\src\\Illuminate\\Foundation\\Http\\Middleware\\TransformsRequest.php(21): Illuminate\\Pipeline\\Pipeline->Illuminate\\Pipeline\\{closure}(Object(Illuminate\\Http\\Request))
#26 C:\\Users\\ADMIN\\Desktop\\K2\\projects\\4viewsocial_api_admin\\vendor\\laravel\\framework\\src\\Illuminate\\Foundation\\Http\\Middleware\\ConvertEmptyStringsToNull.php(31): Illuminate\\Foundation\\Http\\Middleware\\TransformsRequest->handle(Object(Illuminate\\Http\\Request), Object(Closure))
#27 C:\\Users\\ADMIN\\Desktop\\K2\\projects\\4viewsocial_api_admin\\vendor\\laravel\\framework\\src\\Illuminate\\Pipeline\\Pipeline.php(219): Illuminate\\Foundation\\Http\\Middleware\\ConvertEmptyStringsToNull->handle(Object(Illuminate\\Http\\Request), Object(Closure))
#28 C:\\Users\\ADMIN\\Desktop\\K2\\projects\\4viewsocial_api_admin\\vendor\\laravel\\framework\\src\\Illuminate\\Foundation\\Http\\Middleware\\TransformsRequest.php(21): Illuminate\\Pipeline\\Pipeline->Illuminate\\Pipeline\\{closure}(Object(Illuminate\\Http\\Request))
#29 C:\\Users\\ADMIN\\Desktop\\K2\\projects\\4viewsocial_api_admin\\vendor\\laravel\\framework\\src\\Illuminate\\Foundation\\Http\\Middleware\\TrimStrings.php(51): Illuminate\\Foundation\\Http\\Middleware\\TransformsRequest->handle(Object(Illuminate\\Http\\Request), Object(Closure))
#30 C:\\Users\\ADMIN\\Desktop\\K2\\projects\\4viewsocial_api_admin\\vendor\\laravel\\framework\\src\\Illuminate\\Pipeline\\Pipeline.php(219): Illuminate\\Foundation\\Http\\Middleware\\TrimStrings->handle(Object(Illuminate\\Http\\Request), Object(Closure))
#31 C:\\Users\\ADMIN\\Desktop\\K2\\projects\\4viewsocial_api_admin\\vendor\\laravel\\framework\\src\\Illuminate\\Http\\Middleware\\ValidatePostSize.php(27): Illuminate\\Pipeline\\Pipeline->Illuminate\\Pipeline\\{closure}(Object(Illuminate\\Http\\Request))
#32 C:\\Users\\ADMIN\\Desktop\\K2\\projects\\4viewsocial_api_admin\\vendor\\laravel\\framework\\src\\Illuminate\\Pipeline\\Pipeline.php(219): Illuminate\\Http\\Middleware\\ValidatePostSize->handle(Object(Illuminate\\Http\\Request), Object(Closure))
#33 C:\\Users\\ADMIN\\Desktop\\K2\\projects\\4viewsocial_api_admin\\vendor\\laravel\\framework\\src\\Illuminate\\Foundation\\Http\\Middleware\\PreventRequestsDuringMaintenance.php(109): Illuminate\\Pipeline\\Pipeline->Illuminate\\Pipeline\\{closure}(Object(Illuminate\\Http\\Request))
#34 C:\\Users\\ADMIN\\Desktop\\K2\\projects\\4viewsocial_api_admin\\vendor\\laravel\\framework\\src\\Illuminate\\Pipeline\\Pipeline.php(219): Illuminate\\Foundation\\Http\\Middleware\\PreventRequestsDuringMaintenance->handle(Object(Illuminate\\Http\\Request), Object(Closure))
#35 C:\\Users\\ADMIN\\Desktop\\K2\\projects\\4viewsocial_api_admin\\vendor\\laravel\\framework\\src\\Illuminate\\Http\\Middleware\\HandleCors.php(61): Illuminate\\Pipeline\\Pipeline->Illuminate\\Pipeline\\{closure}(Object(Illuminate\\Http\\Request))
#36 C:\\Users\\ADMIN\\Desktop\\K2\\projects\\4viewsocial_api_admin\\vendor\\laravel\\framework\\src\\Illuminate\\Pipeline\\Pipeline.php(219): Illuminate\\Http\\Middleware\\HandleCors->handle(Object(Illuminate\\Http\\Request), Object(Closure))
#37 C:\\Users\\ADMIN\\Desktop\\K2\\projects\\4viewsocial_api_admin\\vendor\\laravel\\framework\\src\\Illuminate\\Http\\Middleware\\TrustProxies.php(58): Illuminate\\Pipeline\\Pipeline->Illuminate\\Pipeline\\{closure}(Object(Illuminate\\Http\\Request))
#38 C:\\Users\\ADMIN\\Desktop\\K2\\projects\\4viewsocial_api_admin\\vendor\\laravel\\framework\\src\\Illuminate\\Pipeline\\Pipeline.php(219): Illuminate\\Http\\Middleware\\TrustProxies->handle(Object(Illuminate\\Http\\Request), Object(Closure))
#39 C:\\Users\\ADMIN\\Desktop\\K2\\projects\\4viewsocial_api_admin\\vendor\\laravel\\framework\\src\\Illuminate\\Foundation\\Http\\Middleware\\InvokeDeferredCallbacks.php(22): Illuminate\\Pipeline\\Pipeline->Illuminate\\Pipeline\\{closure}(Object(Illuminate\\Http\\Request))
#40 C:\\Users\\ADMIN\\Desktop\\K2\\projects\\4viewsocial_api_admin\\vendor\\laravel\\framework\\src\\Illuminate\\Pipeline\\Pipeline.php(219): Illuminate\\Foundation\\Http\\Middleware\\InvokeDeferredCallbacks->handle(Object(Illuminate\\Http\\Request), Object(Closure))
#41 C:\\Users\\ADMIN\\Desktop\\K2\\projects\\4viewsocial_api_admin\\vendor\\laravel\\framework\\src\\Illuminate\\Http\\Middleware\\ValidatePathEncoding.php(26): Illuminate\\Pipeline\\Pipeline->Illuminate\\Pipeline\\{closure}(Object(Illuminate\\Http\\Request))
#42 C:\\Users\\ADMIN\\Desktop\\K2\\projects\\4viewsocial_api_admin\\vendor\\laravel\\framework\\src\\Illuminate\\Pipeline\\Pipeline.php(219): Illuminate\\Http\\Middleware\\ValidatePathEncoding->handle(Object(Illuminate\\Http\\Request), Object(Closure))
#43 C:\\Users\\ADMIN\\Desktop\\K2\\projects\\4viewsocial_api_admin\\vendor\\laravel\\framework\\src\\Illuminate\\Pipeline\\Pipeline.php(137): Illuminate\\Pipeline\\Pipeline->Illuminate\\Pipeline\\{closure}(Object(Illuminate\\Http\\Request))
#44 C:\\Users\\ADMIN\\Desktop\\K2\\projects\\4viewsocial_api_admin\\vendor\\laravel\\framework\\src\\Illuminate\\Foundation\\Http\\Kernel.php(175): Illuminate\\Pipeline\\Pipeline->then(Object(Closure))
#45 C:\\Users\\ADMIN\\Desktop\\K2\\projects\\4viewsocial_api_admin\\vendor\\laravel\\framework\\src\\Illuminate\\Foundation\\Http\\Kernel.php(144): Illuminate\\Foundation\\Http\\Kernel->sendRequestThroughRouter(Object(Illuminate\\Http\\Request))
#46 C:\\Users\\ADMIN\\Desktop\\K2\\projects\\4viewsocial_api_admin\\vendor\\laravel\\framework\\src\\Illuminate\\Foundation\\Application.php(1220): Illuminate\\Foundation\\Http\\Kernel->handle(Object(Illuminate\\Http\\Request))
#47 C:\\Users\\ADMIN\\Desktop\\K2\\projects\\4viewsocial_api_admin\\public\\index.php(20): Illuminate\\Foundation\\Application->handleRequest(Object(Illuminate\\Http\\Request))
#48 C:\\Users\\ADMIN\\Desktop\\K2\\projects\\4viewsocial_api_admin\\vendor\\laravel\\framework\\src\\Illuminate\\Foundation\\resources\\server.php(23): require_once('C:\\\\Users\\\\ADMIN\\\\...')
#49 {main}

[previous exception] [object] (PDOException(code: 2002): SQLSTATE[HY000] [2002] No connection could be made because the target machine actively refused it at C:\\Users\\ADMIN\\Desktop\\K2\\projects\\4viewsocial_api_admin\\vendor\\laravel\\framework\\src\\Illuminate\\Database\\Connectors\\Connector.php:66)
[stacktrace]
#0 C:\\Users\\ADMIN\\Desktop\\K2\\projects\\4viewsocial_api_admin\\vendor\\laravel\\framework\\src\\Illuminate\\Database\\Connectors\\Connector.php(66): PDO->__construct('mysql:host=127....', 'root', Object(SensitiveParameterValue), Array)
#1 C:\\Users\\ADMIN\\Desktop\\K2\\projects\\4viewsocial_api_admin\\vendor\\laravel\\framework\\src\\Illuminate\\Database\\Connectors\\Connector.php(85): Illuminate\\Database\\Connectors\\Connector->createPdoConnection('mysql:host=127....', 'root', Object(SensitiveParameterValue), Array)
#2 C:\\Users\\ADMIN\\Desktop\\K2\\projects\\4viewsocial_api_admin\\vendor\\laravel\\framework\\src\\Illuminate\\Database\\Connectors\\Connector.php(48): Illuminate\\Database\\Connectors\\Connector->tryAgainIfCausedByLostConnection(Object(PDOException), 'mysql:host=127....', 'root', Object(SensitiveParameterValue), Array)
#3 C:\\Users\\ADMIN\\Desktop\\K2\\projects\\4viewsocial_api_admin\\vendor\\laravel\\framework\\src\\Illuminate\\Database\\Connectors\\MySqlConnector.php(24): Illuminate\\Database\\Connectors\\Connector->createConnection('mysql:host=127....', Array, Array)
#4 C:\\Users\\ADMIN\\Desktop\\K2\\projects\\4viewsocial_api_admin\\vendor\\laravel\\framework\\src\\Illuminate\\Database\\Connectors\\ConnectionFactory.php(184): Illuminate\\Database\\Connectors\\MySqlConnector->connect(Array)
#5 [internal function]: Illuminate\\Database\\Connectors\\ConnectionFactory->Illuminate\\Database\\Connectors\\{closure}()
#6 C:\\Users\\ADMIN\\Desktop\\K2\\projects\\4viewsocial_api_admin\\vendor\\laravel\\framework\\src\\Illuminate\\Database\\Connection.php(1234): call_user_func(Object(Closure))
#7 C:\\Users\\ADMIN\\Desktop\\K2\\projects\\4viewsocial_api_admin\\vendor\\laravel\\framework\\src\\Illuminate\\Database\\Connection.php(1270): Illuminate\\Database\\Connection->getPdo()
#8 C:\\Users\\ADMIN\\Desktop\\K2\\projects\\4viewsocial_api_admin\\vendor\\laravel\\framework\\src\\Illuminate\\Database\\Connection.php(511): Illuminate\\Database\\Connection->getReadPdo()
#9 C:\\Users\\ADMIN\\Desktop\\K2\\projects\\4viewsocial_api_admin\\vendor\\laravel\\framework\\src\\Illuminate\\Database\\Connection.php(406): Illuminate\\Database\\Connection->getPdoForSelect(true)
#10 C:\\Users\\ADMIN\\Desktop\\K2\\projects\\4viewsocial_api_admin\\vendor\\laravel\\framework\\src\\Illuminate\\Database\\Connection.php(811): Illuminate\\Database\\Connection->Illuminate\\Database\\{closure}('select `stories...', Array)
#11 C:\\Users\\ADMIN\\Desktop\\K2\\projects\\4viewsocial_api_admin\\vendor\\laravel\\framework\\src\\Illuminate\\Database\\Connection.php(978): Illuminate\\Database\\Connection->runQueryCallback('select `stories...', Array, Object(Closure))
#12 C:\\Users\\ADMIN\\Desktop\\K2\\projects\\4viewsocial_api_admin\\vendor\\laravel\\framework\\src\\Illuminate\\Database\\Connection.php(957): Illuminate\\Database\\Connection->tryAgainIfCausedByLostConnection(Object(Illuminate\\Database\\QueryException), 'select `stories...', Array, Object(Closure))
#13 C:\\Users\\ADMIN\\Desktop\\K2\\projects\\4viewsocial_api_admin\\vendor\\laravel\\framework\\src\\Illuminate\\Database\\Connection.php(780): Illuminate\\Database\\Connection->handleQueryException(Object(Illuminate\\Database\\QueryException), 'select `stories...', Array, Object(Closure))
#14 C:\\Users\\ADMIN\\Desktop\\K2\\projects\\4viewsocial_api_admin\\vendor\\laravel\\framework\\src\\Illuminate\\Database\\Connection.php(397): Illuminate\\Database\\Connection->run('select `stories...', Array, Object(Closure))
#15 C:\\Users\\ADMIN\\Desktop\\K2\\projects\\4viewsocial_api_admin\\vendor\\laravel\\framework\\src\\Illuminate\\Database\\Query\\Builder.php(3188): Illuminate\\Database\\Connection->select('select `stories...', Array, true)
#16 C:\\Users\\ADMIN\\Desktop\\K2\\projects\\4viewsocial_api_admin\\vendor\\laravel\\framework\\src\\Illuminate\\Database\\Query\\Builder.php(3173): Illuminate\\Database\\Query\\Builder->runSelect()
#17 C:\\Users\\ADMIN\\Desktop\\K2\\projects\\4viewsocial_api_admin\\vendor\\laravel\\framework\\src\\Illuminate\\Database\\Query\\Builder.php(3763): Illuminate\\Database\\Query\\Builder->Illuminate\\Database\\Query\\{closure}()
#18 C:\\Users\\ADMIN\\Desktop\\K2\\projects\\4viewsocial_api_admin\\vendor\\laravel\\framework\\src\\Illuminate\\Database\\Query\\Builder.php(3172): Illuminate\\Database\\Query\\Builder->onceWithColumns(Array, Object(Closure))
#19 C:\\Users\\ADMIN\\Desktop\\K2\\projects\\4viewsocial_api_admin\\vendor\\laravel\\framework\\src\\Illuminate\\Database\\Eloquent\\Builder.php(902): Illuminate\\Database\\Query\\Builder->get(Array)
#20 C:\\Users\\ADMIN\\Desktop\\K2\\projects\\4viewsocial_api_admin\\vendor\\laravel\\framework\\src\\Illuminate\\Database\\Eloquent\\Builder.php(884): Illuminate\\Database\\Eloquent\\Builder->getModels(Array)
#21 C:\\Users\\ADMIN\\Desktop\\K2\\projects\\4viewsocial_api_admin\\app\\Http\\Controllers\\StoryController.php(48): Illuminate\\Database\\Eloquent\\Builder->get()
#22 C:\\Users\\ADMIN\\Desktop\\K2\\projects\\4viewsocial_api_admin\\vendor\\laravel\\framework\\src\\Illuminate\\Routing\\ControllerDispatcher.php(46): App\\Http\\Controllers\\StoryController->listStories(Object(Illuminate\\Http\\Request))
#23 C:\\Users\\ADMIN\\Desktop\\K2\\projects\\4viewsocial_api_admin\\vendor\\laravel\\framework\\src\\Illuminate\\Routing\\Route.php(265): Illuminate\\Routing\\ControllerDispatcher->dispatch(Object(Illuminate\\Routing\\Route), Object(App\\Http\\Controllers\\StoryController), 'listStories')
#24 C:\\Users\\ADMIN\\Desktop\\K2\\projects\\4viewsocial_api_admin\\vendor\\laravel\\framework\\src\\Illuminate\\Routing\\Route.php(211): Illuminate\\Routing\\Route->runController()
#25 C:\\Users\\ADMIN\\Desktop\\K2\\projects\\4viewsocial_api_admin\\vendor\\laravel\\framework\\src\\Illuminate\\Routing\\Router.php(822): Illuminate\\Routing\\Route->run()
#26 C:\\Users\\ADMIN\\Desktop\\K2\\projects\\4viewsocial_api_admin\\vendor\\laravel\\framework\\src\\Illuminate\\Pipeline\\Pipeline.php(180): Illuminate\\Routing\\Router->Illuminate\\Routing\\{closure}(Object(Illuminate\\Http\\Request))
#27 C:\\Users\\ADMIN\\Desktop\\K2\\projects\\4viewsocial_api_admin\\vendor\\laravel\\framework\\src\\Illuminate\\Routing\\Middleware\\SubstituteBindings.php(50): Illuminate\\Pipeline\\Pipeline->Illuminate\\Pipeline\\{closure}(Object(Illuminate\\Http\\Request))
#28 C:\\Users\\ADMIN\\Desktop\\K2\\projects\\4viewsocial_api_admin\\vendor\\laravel\\framework\\src\\Illuminate\\Pipeline\\Pipeline.php(219): Illuminate\\Routing\\Middleware\\SubstituteBindings->handle(Object(Illuminate\\Http\\Request), Object(Closure))
#29 C:\\Users\\ADMIN\\Desktop\\K2\\projects\\4viewsocial_api_admin\\vendor\\laravel\\framework\\src\\Illuminate\\Pipeline\\Pipeline.php(137): Illuminate\\Pipeline\\Pipeline->Illuminate\\Pipeline\\{closure}(Object(Illuminate\\Http\\Request))
#30 C:\\Users\\ADMIN\\Desktop\\K2\\projects\\4viewsocial_api_admin\\vendor\\laravel\\framework\\src\\Illuminate\\Routing\\Router.php(821): Illuminate\\Pipeline\\Pipeline->then(Object(Closure))
#31 C:\\Users\\ADMIN\\Desktop\\K2\\projects\\4viewsocial_api_admin\\vendor\\laravel\\framework\\src\\Illuminate\\Routing\\Router.php(800): Illuminate\\Routing\\Router->runRouteWithinStack(Object(Illuminate\\Routing\\Route), Object(Illuminate\\Http\\Request))
#32 C:\\Users\\ADMIN\\Desktop\\K2\\projects\\4viewsocial_api_admin\\vendor\\laravel\\framework\\src\\Illuminate\\Routing\\Router.php(764): Illuminate\\Routing\\Router->runRoute(Object(Illuminate\\Http\\Request), Object(Illuminate\\Routing\\Route))
#33 C:\\Users\\ADMIN\\Desktop\\K2\\projects\\4viewsocial_api_admin\\vendor\\laravel\\framework\\src\\Illuminate\\Routing\\Router.php(753): Illuminate\\Routing\\Router->dispatchToRoute(Object(Illuminate\\Http\\Request))
#34 C:\\Users\\ADMIN\\Desktop\\K2\\projects\\4viewsocial_api_admin\\vendor\\laravel\\framework\\src\\Illuminate\\Foundation\\Http\\Kernel.php(200): Illuminate\\Routing\\Router->dispatch(Object(Illuminate\\Http\\Request))
#35 C:\\Users\\ADMIN\\Desktop\\K2\\projects\\4viewsocial_api_admin\\vendor\\laravel\\framework\\src\\Illuminate\\Pipeline\\Pipeline.php(180): Illuminate\\Foundation\\Http\\Kernel->Illuminate\\Foundation\\Http\\{closure}(Object(Illuminate\\Http\\Request))
#36 C:\\Users\\ADMIN\\Desktop\\K2\\projects\\4viewsocial_api_admin\\vendor\\laravel\\framework\\src\\Illuminate\\Foundation\\Http\\Middleware\\TransformsRequest.php(21): Illuminate\\Pipeline\\Pipeline->Illuminate\\Pipeline\\{closure}(Object(Illuminate\\Http\\Request))
#37 C:\\Users\\ADMIN\\Desktop\\K2\\projects\\4viewsocial_api_admin\\vendor\\laravel\\framework\\src\\Illuminate\\Foundation\\Http\\Middleware\\ConvertEmptyStringsToNull.php(31): Illuminate\\Foundation\\Http\\Middleware\\TransformsRequest->handle(Object(Illuminate\\Http\\Request), Object(Closure))
#38 C:\\Users\\ADMIN\\Desktop\\K2\\projects\\4viewsocial_api_admin\\vendor\\laravel\\framework\\src\\Illuminate\\Pipeline\\Pipeline.php(219): Illuminate\\Foundation\\Http\\Middleware\\ConvertEmptyStringsToNull->handle(Object(Illuminate\\Http\\Request), Object(Closure))
#39 C:\\Users\\ADMIN\\Desktop\\K2\\projects\\4viewsocial_api_admin\\vendor\\laravel\\framework\\src\\Illuminate\\Foundation\\Http\\Middleware\\TransformsRequest.php(21): Illuminate\\Pipeline\\Pipeline->Illuminate\\Pipeline\\{closure}(Object(Illuminate\\Http\\Request))
#40 C:\\Users\\ADMIN\\Desktop\\K2\\projects\\4viewsocial_api_admin\\vendor\\laravel\\framework\\src\\Illuminate\\Foundation\\Http\\Middleware\\TrimStrings.php(51): Illuminate\\Foundation\\Http\\Middleware\\TransformsRequest->handle(Object(Illuminate\\Http\\Request), Object(Closure))
#41 C:\\Users\\ADMIN\\Desktop\\K2\\projects\\4viewsocial_api_admin\\vendor\\laravel\\framework\\src\\Illuminate\\Pipeline\\Pipeline.php(219): Illuminate\\Foundation\\Http\\Middleware\\TrimStrings->handle(Object(Illuminate\\Http\\Request), Object(Closure))
#42 C:\\Users\\ADMIN\\Desktop\\K2\\projects\\4viewsocial_api_admin\\vendor\\laravel\\framework\\src\\Illuminate\\Http\\Middleware\\ValidatePostSize.php(27): Illuminate\\Pipeline\\Pipeline->Illuminate\\Pipeline\\{closure}(Object(Illuminate\\Http\\Request))
#43 C:\\Users\\ADMIN\\Desktop\\K2\\projects\\4viewsocial_api_admin\\vendor\\laravel\\framework\\src\\Illuminate\\Pipeline\\Pipeline.php(219): Illuminate\\Http\\Middleware\\ValidatePostSize->handle(Object(Illuminate\\Http\\Request), Object(Closure))
#44 C:\\Users\\ADMIN\\Desktop\\K2\\projects\\4viewsocial_api_admin\\vendor\\laravel\\framework\\src\\Illuminate\\Foundation\\Http\\Middleware\\PreventRequestsDuringMaintenance.php(109): Illuminate\\Pipeline\\Pipeline->Illuminate\\Pipeline\\{closure}(Object(Illuminate\\Http\\Request))
#45 C:\\Users\\ADMIN\\Desktop\\K2\\projects\\4viewsocial_api_admin\\vendor\\laravel\\framework\\src\\Illuminate\\Pipeline\\Pipeline.php(219): Illuminate\\Foundation\\Http\\Middleware\\PreventRequestsDuringMaintenance->handle(Object(Illuminate\\Http\\Request), Object(Closure))
#46 C:\\Users\\ADMIN\\Desktop\\K2\\projects\\4viewsocial_api_admin\\vendor\\laravel\\framework\\src\\Illuminate\\Http\\Middleware\\HandleCors.php(61): Illuminate\\Pipeline\\Pipeline->Illuminate\\Pipeline\\{closure}(Object(Illuminate\\Http\\Request))
#47 C:\\Users\\ADMIN\\Desktop\\K2\\projects\\4viewsocial_api_admin\\vendor\\laravel\\framework\\src\\Illuminate\\Pipeline\\Pipeline.php(219): Illuminate\\Http\\Middleware\\HandleCors->handle(Object(Illuminate\\Http\\Request), Object(Closure))
#48 C:\\Users\\ADMIN\\Desktop\\K2\\projects\\4viewsocial_api_admin\\vendor\\laravel\\framework\\src\\Illuminate\\Http\\Middleware\\TrustProxies.php(58): Illuminate\\Pipeline\\Pipeline->Illuminate\\Pipeline\\{closure}(Object(Illuminate\\Http\\Request))
#49 C:\\Users\\ADMIN\\Desktop\\K2\\projects\\4viewsocial_api_admin\\vendor\\laravel\\framework\\src\\Illuminate\\Pipeline\\Pipeline.php(219): Illuminate\\Http\\Middleware\\TrustProxies->handle(Object(Illuminate\\Http\\Request), Object(Closure))
#50 C:\\Users\\ADMIN\\Desktop\\K2\\projects\\4viewsocial_api_admin\\vendor\\laravel\\framework\\src\\Illuminate\\Foundation\\Http\\Middleware\\InvokeDeferredCallbacks.php(22): Illuminate\\Pipeline\\Pipeline->Illuminate\\Pipeline\\{closure}(Object(Illuminate\\Http\\Request))
#51 C:\\Users\\ADMIN\\Desktop\\K2\\projects\\4viewsocial_api_admin\\vendor\\laravel\\framework\\src\\Illuminate\\Pipeline\\Pipeline.php(219): Illuminate\\Foundation\\Http\\Middleware\\InvokeDeferredCallbacks->handle(Object(Illuminate\\Http\\Request), Object(Closure))
#52 C:\\Users\\ADMIN\\Desktop\\K2\\projects\\4viewsocial_api_admin\\vendor\\laravel\\framework\\src\\Illuminate\\Http\\Middleware\\ValidatePathEncoding.php(26): Illuminate\\Pipeline\\Pipeline->Illuminate\\Pipeline\\{closure}(Object(Illuminate\\Http\\Request))
#53 C:\\Users\\ADMIN\\Desktop\\K2\\projects\\4viewsocial_api_admin\\vendor\\laravel\\framework\\src\\Illuminate\\Pipeline\\Pipeline.php(219): Illuminate\\Http\\Middleware\\ValidatePathEncoding->handle(Object(Illuminate\\Http\\Request), Object(Closure))
#54 C:\\Users\\ADMIN\\Desktop\\K2\\projects\\4viewsocial_api_admin\\vendor\\laravel\\framework\\src\\Illuminate\\Pipeline\\Pipeline.php(137): Illuminate\\Pipeline\\Pipeline->Illuminate\\Pipeline\\{closure}(Object(Illuminate\\Http\\Request))
#55 C:\\Users\\ADMIN\\Desktop\\K2\\projects\\4viewsocial_api_admin\\vendor\\laravel\\framework\\src\\Illuminate\\Foundation\\Http\\Kernel.php(175): Illuminate\\Pipeline\\Pipeline->then(Object(Closure))
#56 C:\\Users\\ADMIN\\Desktop\\K2\\projects\\4viewsocial_api_admin\\vendor\\laravel\\framework\\src\\Illuminate\\Foundation\\Http\\Kernel.php(144): Illuminate\\Foundation\\Http\\Kernel->sendRequestThroughRouter(Object(Illuminate\\Http\\Request))
#57 C:\\Users\\ADMIN\\Desktop\\K2\\projects\\4viewsocial_api_admin\\vendor\\laravel\\framework\\src\\Illuminate\\Foundation\\Application.php(1220): Illuminate\\Foundation\\Http\\Kernel->handle(Object(Illuminate\\Http\\Request))
#58 C:\\Users\\ADMIN\\Desktop\\K2\\projects\\4viewsocial_api_admin\\public\\index.php(20): Illuminate\\Foundation\\Application->handleRequest(Object(Illuminate\\Http\\Request))
#59 C:\\Users\\ADMIN\\Desktop\\K2\\projects\\4viewsocial_api_admin\\vendor\\laravel\\framework\\src\\Illuminate\\Foundation\\resources\\server.php(23): require_once('C:\\\\Users\\\\ADMIN\\\\...')
#60 {main}
"} 
[2025-11-22 16:12:27] local.ERROR: SQLSTATE[HY000] [2002] No connection could be made because the target machine actively refused it (Connection: mysql, SQL: select `id`, `user_name`, `full_name`, `gmail`, `role`, `online_status`, `status` from `users` order by `id` desc) {"exception":"[object] (Illuminate\\Database\\QueryException(code: 2002): SQLSTATE[HY000] [2002] No connection could be made because the target machine actively refused it (Connection: mysql, SQL: select `id`, `user_name`, `full_name`, `gmail`, `role`, `online_status`, `status` from `users` order by `id` desc) at C:\\Users\\ADMIN\\Desktop\\K2\\projects\\4viewsocial_api_admin\\vendor\\laravel\\framework\\src\\Illuminate\\Database\\Connection.php:824)
[stacktrace]
#0 C:\\Users\\ADMIN\\Desktop\\K2\\projects\\4viewsocial_api_admin\\vendor\\laravel\\framework\\src\\Illuminate\\Database\\Connection.php(978): Illuminate\\Database\\Connection->runQueryCallback('select `id`, `u...', Array, Object(Closure))
#1 C:\\Users\\ADMIN\\Desktop\\K2\\projects\\4viewsocial_api_admin\\vendor\\laravel\\framework\\src\\Illuminate\\Database\\Connection.php(957): Illuminate\\Database\\Connection->tryAgainIfCausedByLostConnection(Object(Illuminate\\Database\\QueryException), 'select `id`, `u...', Array, Object(Closure))
#2 C:\\Users\\ADMIN\\Desktop\\K2\\projects\\4viewsocial_api_admin\\vendor\\laravel\\framework\\src\\Illuminate\\Database\\Connection.php(780): Illuminate\\Database\\Connection->handleQueryException(Object(Illuminate\\Database\\QueryException), 'select `id`, `u...', Array, Object(Closure))
#3 C:\\Users\\ADMIN\\Desktop\\K2\\projects\\4viewsocial_api_admin\\vendor\\laravel\\framework\\src\\Illuminate\\Database\\Connection.php(397): Illuminate\\Database\\Connection->run('select `id`, `u...', Array, Object(Closure))
#4 C:\\Users\\ADMIN\\Desktop\\K2\\projects\\4viewsocial_api_admin\\vendor\\laravel\\framework\\src\\Illuminate\\Database\\Query\\Builder.php(3188): Illuminate\\Database\\Connection->select('select `id`, `u...', Array, true)
#5 C:\\Users\\ADMIN\\Desktop\\K2\\projects\\4viewsocial_api_admin\\vendor\\laravel\\framework\\src\\Illuminate\\Database\\Query\\Builder.php(3173): Illuminate\\Database\\Query\\Builder->runSelect()
#6 C:\\Users\\ADMIN\\Desktop\\K2\\projects\\4viewsocial_api_admin\\vendor\\laravel\\framework\\src\\Illuminate\\Database\\Query\\Builder.php(3763): Illuminate\\Database\\Query\\Builder->Illuminate\\Database\\Query\\{closure}()
#7 C:\\Users\\ADMIN\\Desktop\\K2\\projects\\4viewsocial_api_admin\\vendor\\laravel\\framework\\src\\Illuminate\\Database\\Query\\Builder.php(3172): Illuminate\\Database\\Query\\Builder->onceWithColumns(Array, Object(Closure))
#8 C:\\Users\\ADMIN\\Desktop\\K2\\projects\\4viewsocial_api_admin\\vendor\\laravel\\framework\\src\\Illuminate\\Database\\Eloquent\\Builder.php(902): Illuminate\\Database\\Query\\Builder->get(Array)
#9 C:\\Users\\ADMIN\\Desktop\\K2\\projects\\4viewsocial_api_admin\\vendor\\laravel\\framework\\src\\Illuminate\\Database\\Eloquent\\Builder.php(884): Illuminate\\Database\\Eloquent\\Builder->getModels(Array)
#10 C:\\Users\\ADMIN\\Desktop\\K2\\projects\\4viewsocial_api_admin\\app\\Http\\Controllers\\UserController.php(44): Illuminate\\Database\\Eloquent\\Builder->get()
#11 C:\\Users\\ADMIN\\Desktop\\K2\\projects\\4viewsocial_api_admin\\vendor\\laravel\\framework\\src\\Illuminate\\Routing\\ControllerDispatcher.php(46): App\\Http\\Controllers\\UserController->listUsers(Object(Illuminate\\Http\\Request))
#12 C:\\Users\\ADMIN\\Desktop\\K2\\projects\\4viewsocial_api_admin\\vendor\\laravel\\framework\\src\\Illuminate\\Routing\\Route.php(265): Illuminate\\Routing\\ControllerDispatcher->dispatch(Object(Illuminate\\Routing\\Route), Object(App\\Http\\Controllers\\UserController), 'listUsers')
#13 C:\\Users\\ADMIN\\Desktop\\K2\\projects\\4viewsocial_api_admin\\vendor\\laravel\\framework\\src\\Illuminate\\Routing\\Route.php(211): Illuminate\\Routing\\Route->runController()
#14 C:\\Users\\ADMIN\\Desktop\\K2\\projects\\4viewsocial_api_admin\\vendor\\laravel\\framework\\src\\Illuminate\\Routing\\Router.php(822): Illuminate\\Routing\\Route->run()
#15 C:\\Users\\ADMIN\\Desktop\\K2\\projects\\4viewsocial_api_admin\\vendor\\laravel\\framework\\src\\Illuminate\\Pipeline\\Pipeline.php(180): Illuminate\\Routing\\Router->Illuminate\\Routing\\{closure}(Object(Illuminate\\Http\\Request))
#16 C:\\Users\\ADMIN\\Desktop\\K2\\projects\\4viewsocial_api_admin\\vendor\\laravel\\framework\\src\\Illuminate\\Routing\\Middleware\\SubstituteBindings.php(50): Illuminate\\Pipeline\\Pipeline->Illuminate\\Pipeline\\{closure}(Object(Illuminate\\Http\\Request))
#17 C:\\Users\\ADMIN\\Desktop\\K2\\projects\\4viewsocial_api_admin\\vendor\\laravel\\framework\\src\\Illuminate\\Pipeline\\Pipeline.php(219): Illuminate\\Routing\\Middleware\\SubstituteBindings->handle(Object(Illuminate\\Http\\Request), Object(Closure))
#18 C:\\Users\\ADMIN\\Desktop\\K2\\projects\\4viewsocial_api_admin\\vendor\\laravel\\framework\\src\\Illuminate\\Pipeline\\Pipeline.php(137): Illuminate\\Pipeline\\Pipeline->Illuminate\\Pipeline\\{closure}(Object(Illuminate\\Http\\Request))
#19 C:\\Users\\ADMIN\\Desktop\\K2\\projects\\4viewsocial_api_admin\\vendor\\laravel\\framework\\src\\Illuminate\\Routing\\Router.php(821): Illuminate\\Pipeline\\Pipeline->then(Object(Closure))
#20 C:\\Users\\ADMIN\\Desktop\\K2\\projects\\4viewsocial_api_admin\\vendor\\laravel\\framework\\src\\Illuminate\\Routing\\Router.php(800): Illuminate\\Routing\\Router->runRouteWithinStack(Object(Illuminate\\Routing\\Route), Object(Illuminate\\Http\\Request))
#21 C:\\Users\\ADMIN\\Desktop\\K2\\projects\\4viewsocial_api_admin\\vendor\\laravel\\framework\\src\\Illuminate\\Routing\\Router.php(764): Illuminate\\Routing\\Router->runRoute(Object(Illuminate\\Http\\Request), Object(Illuminate\\Routing\\Route))
#22 C:\\Users\\ADMIN\\Desktop\\K2\\projects\\4viewsocial_api_admin\\vendor\\laravel\\framework\\src\\Illuminate\\Routing\\Router.php(753): Illuminate\\Routing\\Router->dispatchToRoute(Object(Illuminate\\Http\\Request))
#23 C:\\Users\\ADMIN\\Desktop\\K2\\projects\\4viewsocial_api_admin\\vendor\\laravel\\framework\\src\\Illuminate\\Foundation\\Http\\Kernel.php(200): Illuminate\\Routing\\Router->dispatch(Object(Illuminate\\Http\\Request))
#24 C:\\Users\\ADMIN\\Desktop\\K2\\projects\\4viewsocial_api_admin\\vendor\\laravel\\framework\\src\\Illuminate\\Pipeline\\Pipeline.php(180): Illuminate\\Foundation\\Http\\Kernel->Illuminate\\Foundation\\Http\\{closure}(Object(Illuminate\\Http\\Request))
#25 C:\\Users\\ADMIN\\Desktop\\K2\\projects\\4viewsocial_api_admin\\vendor\\laravel\\framework\\src\\Illuminate\\Foundation\\Http\\Middleware\\TransformsRequest.php(21): Illuminate\\Pipeline\\Pipeline->Illuminate\\Pipeline\\{closure}(Object(Illuminate\\Http\\Request))
#26 C:\\Users\\ADMIN\\Desktop\\K2\\projects\\4viewsocial_api_admin\\vendor\\laravel\\framework\\src\\Illuminate\\Foundation\\Http\\Middleware\\ConvertEmptyStringsToNull.php(31): Illuminate\\Foundation\\Http\\Middleware\\TransformsRequest->handle(Object(Illuminate\\Http\\Request), Object(Closure))
#27 C:\\Users\\ADMIN\\Desktop\\K2\\projects\\4viewsocial_api_admin\\vendor\\laravel\\framework\\src\\Illuminate\\Pipeline\\Pipeline.php(219): Illuminate\\Foundation\\Http\\Middleware\\ConvertEmptyStringsToNull->handle(Object(Illuminate\\Http\\Request), Object(Closure))
#28 C:\\Users\\ADMIN\\Desktop\\K2\\projects\\4viewsocial_api_admin\\vendor\\laravel\\framework\\src\\Illuminate\\Foundation\\Http\\Middleware\\TransformsRequest.php(21): Illuminate\\Pipeline\\Pipeline->Illuminate\\Pipeline\\{closure}(Object(Illuminate\\Http\\Request))
#29 C:\\Users\\ADMIN\\Desktop\\K2\\projects\\4viewsocial_api_admin\\vendor\\laravel\\framework\\src\\Illuminate\\Foundation\\Http\\Middleware\\TrimStrings.php(51): Illuminate\\Foundation\\Http\\Middleware\\TransformsRequest->handle(Object(Illuminate\\Http\\Request), Object(Closure))
#30 C:\\Users\\ADMIN\\Desktop\\K2\\projects\\4viewsocial_api_admin\\vendor\\laravel\\framework\\src\\Illuminate\\Pipeline\\Pipeline.php(219): Illuminate\\Foundation\\Http\\Middleware\\TrimStrings->handle(Object(Illuminate\\Http\\Request), Object(Closure))
#31 C:\\Users\\ADMIN\\Desktop\\K2\\projects\\4viewsocial_api_admin\\vendor\\laravel\\framework\\src\\Illuminate\\Http\\Middleware\\ValidatePostSize.php(27): Illuminate\\Pipeline\\Pipeline->Illuminate\\Pipeline\\{closure}(Object(Illuminate\\Http\\Request))
#32 C:\\Users\\ADMIN\\Desktop\\K2\\projects\\4viewsocial_api_admin\\vendor\\laravel\\framework\\src\\Illuminate\\Pipeline\\Pipeline.php(219): Illuminate\\Http\\Middleware\\ValidatePostSize->handle(Object(Illuminate\\Http\\Request), Object(Closure))
#33 C:\\Users\\ADMIN\\Desktop\\K2\\projects\\4viewsocial_api_admin\\vendor\\laravel\\framework\\src\\Illuminate\\Foundation\\Http\\Middleware\\PreventRequestsDuringMaintenance.php(109): Illuminate\\Pipeline\\Pipeline->Illuminate\\Pipeline\\{closure}(Object(Illuminate\\Http\\Request))
#34 C:\\Users\\ADMIN\\Desktop\\K2\\projects\\4viewsocial_api_admin\\vendor\\laravel\\framework\\src\\Illuminate\\Pipeline\\Pipeline.php(219): Illuminate\\Foundation\\Http\\Middleware\\PreventRequestsDuringMaintenance->handle(Object(Illuminate\\Http\\Request), Object(Closure))
#35 C:\\Users\\ADMIN\\Desktop\\K2\\projects\\4viewsocial_api_admin\\vendor\\laravel\\framework\\src\\Illuminate\\Http\\Middleware\\HandleCors.php(61): Illuminate\\Pipeline\\Pipeline->Illuminate\\Pipeline\\{closure}(Object(Illuminate\\Http\\Request))
#36 C:\\Users\\ADMIN\\Desktop\\K2\\projects\\4viewsocial_api_admin\\vendor\\laravel\\framework\\src\\Illuminate\\Pipeline\\Pipeline.php(219): Illuminate\\Http\\Middleware\\HandleCors->handle(Object(Illuminate\\Http\\Request), Object(Closure))
#37 C:\\Users\\ADMIN\\Desktop\\K2\\projects\\4viewsocial_api_admin\\vendor\\laravel\\framework\\src\\Illuminate\\Http\\Middleware\\TrustProxies.php(58): Illuminate\\Pipeline\\Pipeline->Illuminate\\Pipeline\\{closure}(Object(Illuminate\\Http\\Request))
#38 C:\\Users\\ADMIN\\Desktop\\K2\\projects\\4viewsocial_api_admin\\vendor\\laravel\\framework\\src\\Illuminate\\Pipeline\\Pipeline.php(219): Illuminate\\Http\\Middleware\\TrustProxies->handle(Object(Illuminate\\Http\\Request), Object(Closure))
#39 C:\\Users\\ADMIN\\Desktop\\K2\\projects\\4viewsocial_api_admin\\vendor\\laravel\\framework\\src\\Illuminate\\Foundation\\Http\\Middleware\\InvokeDeferredCallbacks.php(22): Illuminate\\Pipeline\\Pipeline->Illuminate\\Pipeline\\{closure}(Object(Illuminate\\Http\\Request))
#40 C:\\Users\\ADMIN\\Desktop\\K2\\projects\\4viewsocial_api_admin\\vendor\\laravel\\framework\\src\\Illuminate\\Pipeline\\Pipeline.php(219): Illuminate\\Foundation\\Http\\Middleware\\InvokeDeferredCallbacks->handle(Object(Illuminate\\Http\\Request), Object(Closure))
#41 C:\\Users\\ADMIN\\Desktop\\K2\\projects\\4viewsocial_api_admin\\vendor\\laravel\\framework\\src\\Illuminate\\Http\\Middleware\\ValidatePathEncoding.php(26): Illuminate\\Pipeline\\Pipeline->Illuminate\\Pipeline\\{closure}(Object(Illuminate\\Http\\Request))
#42 C:\\Users\\ADMIN\\Desktop\\K2\\projects\\4viewsocial_api_admin\\vendor\\laravel\\framework\\src\\Illuminate\\Pipeline\\Pipeline.php(219): Illuminate\\Http\\Middleware\\ValidatePathEncoding->handle(Object(Illuminate\\Http\\Request), Object(Closure))
#43 C:\\Users\\ADMIN\\Desktop\\K2\\projects\\4viewsocial_api_admin\\vendor\\laravel\\framework\\src\\Illuminate\\Pipeline\\Pipeline.php(137): Illuminate\\Pipeline\\Pipeline->Illuminate\\Pipeline\\{closure}(Object(Illuminate\\Http\\Request))
#44 C:\\Users\\ADMIN\\Desktop\\K2\\projects\\4viewsocial_api_admin\\vendor\\laravel\\framework\\src\\Illuminate\\Foundation\\Http\\Kernel.php(175): Illuminate\\Pipeline\\Pipeline->then(Object(Closure))
#45 C:\\Users\\ADMIN\\Desktop\\K2\\projects\\4viewsocial_api_admin\\vendor\\laravel\\framework\\src\\Illuminate\\Foundation\\Http\\Kernel.php(144): Illuminate\\Foundation\\Http\\Kernel->sendRequestThroughRouter(Object(Illuminate\\Http\\Request))
#46 C:\\Users\\ADMIN\\Desktop\\K2\\projects\\4viewsocial_api_admin\\vendor\\laravel\\framework\\src\\Illuminate\\Foundation\\Application.php(1220): Illuminate\\Foundation\\Http\\Kernel->handle(Object(Illuminate\\Http\\Request))
#47 C:\\Users\\ADMIN\\Desktop\\K2\\projects\\4viewsocial_api_admin\\public\\index.php(20): Illuminate\\Foundation\\Application->handleRequest(Object(Illuminate\\Http\\Request))
#48 C:\\Users\\ADMIN\\Desktop\\K2\\projects\\4viewsocial_api_admin\\vendor\\laravel\\framework\\src\\Illuminate\\Foundation\\resources\\server.php(23): require_once('C:\\\\Users\\\\ADMIN\\\\...')
#49 {main}

[previous exception] [object] (PDOException(code: 2002): SQLSTATE[HY000] [2002] No connection could be made because the target machine actively refused it at C:\\Users\\ADMIN\\Desktop\\K2\\projects\\4viewsocial_api_admin\\vendor\\laravel\\framework\\src\\Illuminate\\Database\\Connectors\\Connector.php:66)
[stacktrace]
#0 C:\\Users\\ADMIN\\Desktop\\K2\\projects\\4viewsocial_api_admin\\vendor\\laravel\\framework\\src\\Illuminate\\Database\\Connectors\\Connector.php(66): PDO->__construct('mysql:host=127....', 'root', Object(SensitiveParameterValue), Array)
#1 C:\\Users\\ADMIN\\Desktop\\K2\\projects\\4viewsocial_api_admin\\vendor\\laravel\\framework\\src\\Illuminate\\Database\\Connectors\\Connector.php(85): Illuminate\\Database\\Connectors\\Connector->createPdoConnection('mysql:host=127....', 'root', Object(SensitiveParameterValue), Array)
#2 C:\\Users\\ADMIN\\Desktop\\K2\\projects\\4viewsocial_api_admin\\vendor\\laravel\\framework\\src\\Illuminate\\Database\\Connectors\\Connector.php(48): Illuminate\\Database\\Connectors\\Connector->tryAgainIfCausedByLostConnection(Object(PDOException), 'mysql:host=127....', 'root', Object(SensitiveParameterValue), Array)
#3 C:\\Users\\ADMIN\\Desktop\\K2\\projects\\4viewsocial_api_admin\\vendor\\laravel\\framework\\src\\Illuminate\\Database\\Connectors\\MySqlConnector.php(24): Illuminate\\Database\\Connectors\\Connector->createConnection('mysql:host=127....', Array, Array)
#4 C:\\Users\\ADMIN\\Desktop\\K2\\projects\\4viewsocial_api_admin\\vendor\\laravel\\framework\\src\\Illuminate\\Database\\Connectors\\ConnectionFactory.php(184): Illuminate\\Database\\Connectors\\MySqlConnector->connect(Array)
#5 [internal function]: Illuminate\\Database\\Connectors\\ConnectionFactory->Illuminate\\Database\\Connectors\\{closure}()
#6 C:\\Users\\ADMIN\\Desktop\\K2\\projects\\4viewsocial_api_admin\\vendor\\laravel\\framework\\src\\Illuminate\\Database\\Connection.php(1234): call_user_func(Object(Closure))
#7 C:\\Users\\ADMIN\\Desktop\\K2\\projects\\4viewsocial_api_admin\\vendor\\laravel\\framework\\src\\Illuminate\\Database\\Connection.php(1270): Illuminate\\Database\\Connection->getPdo()
#8 C:\\Users\\ADMIN\\Desktop\\K2\\projects\\4viewsocial_api_admin\\vendor\\laravel\\framework\\src\\Illuminate\\Database\\Connection.php(511): Illuminate\\Database\\Connection->getReadPdo()
#9 C:\\Users\\ADMIN\\Desktop\\K2\\projects\\4viewsocial_api_admin\\vendor\\laravel\\framework\\src\\Illuminate\\Database\\Connection.php(406): Illuminate\\Database\\Connection->getPdoForSelect(true)
#10 C:\\Users\\ADMIN\\Desktop\\K2\\projects\\4viewsocial_api_admin\\vendor\\laravel\\framework\\src\\Illuminate\\Database\\Connection.php(811): Illuminate\\Database\\Connection->Illuminate\\Database\\{closure}('select `id`, `u...', Array)
#11 C:\\Users\\ADMIN\\Desktop\\K2\\projects\\4viewsocial_api_admin\\vendor\\laravel\\framework\\src\\Illuminate\\Database\\Connection.php(978): Illuminate\\Database\\Connection->runQueryCallback('select `id`, `u...', Array, Object(Closure))
#12 C:\\Users\\ADMIN\\Desktop\\K2\\projects\\4viewsocial_api_admin\\vendor\\laravel\\framework\\src\\Illuminate\\Database\\Connection.php(957): Illuminate\\Database\\Connection->tryAgainIfCausedByLostConnection(Object(Illuminate\\Database\\QueryException), 'select `id`, `u...', Array, Object(Closure))
#13 C:\\Users\\ADMIN\\Desktop\\K2\\projects\\4viewsocial_api_admin\\vendor\\laravel\\framework\\src\\Illuminate\\Database\\Connection.php(780): Illuminate\\Database\\Connection->handleQueryException(Object(Illuminate\\Database\\QueryException), 'select `id`, `u...', Array, Object(Closure))
#14 C:\\Users\\ADMIN\\Desktop\\K2\\projects\\4viewsocial_api_admin\\vendor\\laravel\\framework\\src\\Illuminate\\Database\\Connection.php(397): Illuminate\\Database\\Connection->run('select `id`, `u...', Array, Object(Closure))
#15 C:\\Users\\ADMIN\\Desktop\\K2\\projects\\4viewsocial_api_admin\\vendor\\laravel\\framework\\src\\Illuminate\\Database\\Query\\Builder.php(3188): Illuminate\\Database\\Connection->select('select `id`, `u...', Array, true)
#16 C:\\Users\\ADMIN\\Desktop\\K2\\projects\\4viewsocial_api_admin\\vendor\\laravel\\framework\\src\\Illuminate\\Database\\Query\\Builder.php(3173): Illuminate\\Database\\Query\\Builder->runSelect()
#17 C:\\Users\\ADMIN\\Desktop\\K2\\projects\\4viewsocial_api_admin\\vendor\\laravel\\framework\\src\\Illuminate\\Database\\Query\\Builder.php(3763): Illuminate\\Database\\Query\\Builder->Illuminate\\Database\\Query\\{closure}()
#18 C:\\Users\\ADMIN\\Desktop\\K2\\projects\\4viewsocial_api_admin\\vendor\\laravel\\framework\\src\\Illuminate\\Database\\Query\\Builder.php(3172): Illuminate\\Database\\Query\\Builder->onceWithColumns(Array, Object(Closure))
#19 C:\\Users\\ADMIN\\Desktop\\K2\\projects\\4viewsocial_api_admin\\vendor\\laravel\\framework\\src\\Illuminate\\Database\\Eloquent\\Builder.php(902): Illuminate\\Database\\Query\\Builder->get(Array)
#20 C:\\Users\\ADMIN\\Desktop\\K2\\projects\\4viewsocial_api_admin\\vendor\\laravel\\framework\\src\\Illuminate\\Database\\Eloquent\\Builder.php(884): Illuminate\\Database\\Eloquent\\Builder->getModels(Array)
#21 C:\\Users\\ADMIN\\Desktop\\K2\\projects\\4viewsocial_api_admin\\app\\Http\\Controllers\\UserController.php(44): Illuminate\\Database\\Eloquent\\Builder->get()
#22 C:\\Users\\ADMIN\\Desktop\\K2\\projects\\4viewsocial_api_admin\\vendor\\laravel\\framework\\src\\Illuminate\\Routing\\ControllerDispatcher.php(46): App\\Http\\Controllers\\UserController->listUsers(Object(Illuminate\\Http\\Request))
#23 C:\\Users\\ADMIN\\Desktop\\K2\\projects\\4viewsocial_api_admin\\vendor\\laravel\\framework\\src\\Illuminate\\Routing\\Route.php(265): Illuminate\\Routing\\ControllerDispatcher->dispatch(Object(Illuminate\\Routing\\Route), Object(App\\Http\\Controllers\\UserController), 'listUsers')
#24 C:\\Users\\ADMIN\\Desktop\\K2\\projects\\4viewsocial_api_admin\\vendor\\laravel\\framework\\src\\Illuminate\\Routing\\Route.php(211): Illuminate\\Routing\\Route->runController()
#25 C:\\Users\\ADMIN\\Desktop\\K2\\projects\\4viewsocial_api_admin\\vendor\\laravel\\framework\\src\\Illuminate\\Routing\\Router.php(822): Illuminate\\Routing\\Route->run()
#26 C:\\Users\\ADMIN\\Desktop\\K2\\projects\\4viewsocial_api_admin\\vendor\\laravel\\framework\\src\\Illuminate\\Pipeline\\Pipeline.php(180): Illuminate\\Routing\\Router->Illuminate\\Routing\\{closure}(Object(Illuminate\\Http\\Request))
#27 C:\\Users\\ADMIN\\Desktop\\K2\\projects\\4viewsocial_api_admin\\vendor\\laravel\\framework\\src\\Illuminate\\Routing\\Middleware\\SubstituteBindings.php(50): Illuminate\\Pipeline\\Pipeline->Illuminate\\Pipeline\\{closure}(Object(Illuminate\\Http\\Request))
#28 C:\\Users\\ADMIN\\Desktop\\K2\\projects\\4viewsocial_api_admin\\vendor\\laravel\\framework\\src\\Illuminate\\Pipeline\\Pipeline.php(219): Illuminate\\Routing\\Middleware\\SubstituteBindings->handle(Object(Illuminate\\Http\\Request), Object(Closure))
#29 C:\\Users\\ADMIN\\Desktop\\K2\\projects\\4viewsocial_api_admin\\vendor\\laravel\\framework\\src\\Illuminate\\Pipeline\\Pipeline.php(137): Illuminate\\Pipeline\\Pipeline->Illuminate\\Pipeline\\{closure}(Object(Illuminate\\Http\\Request))
#30 C:\\Users\\ADMIN\\Desktop\\K2\\projects\\4viewsocial_api_admin\\vendor\\laravel\\framework\\src\\Illuminate\\Routing\\Router.php(821): Illuminate\\Pipeline\\Pipeline->then(Object(Closure))
#31 C:\\Users\\ADMIN\\Desktop\\K2\\projects\\4viewsocial_api_admin\\vendor\\laravel\\framework\\src\\Illuminate\\Routing\\Router.php(800): Illuminate\\Routing\\Router->runRouteWithinStack(Object(Illuminate\\Routing\\Route), Object(Illuminate\\Http\\Request))
#32 C:\\Users\\ADMIN\\Desktop\\K2\\projects\\4viewsocial_api_admin\\vendor\\laravel\\framework\\src\\Illuminate\\Routing\\Router.php(764): Illuminate\\Routing\\Router->runRoute(Object(Illuminate\\Http\\Request), Object(Illuminate\\Routing\\Route))
#33 C:\\Users\\ADMIN\\Desktop\\K2\\projects\\4viewsocial_api_admin\\vendor\\laravel\\framework\\src\\Illuminate\\Routing\\Router.php(753): Illuminate\\Routing\\Router->dispatchToRoute(Object(Illuminate\\Http\\Request))
#34 C:\\Users\\ADMIN\\Desktop\\K2\\projects\\4viewsocial_api_admin\\vendor\\laravel\\framework\\src\\Illuminate\\Foundation\\Http\\Kernel.php(200): Illuminate\\Routing\\Router->dispatch(Object(Illuminate\\Http\\Request))
#35 C:\\Users\\ADMIN\\Desktop\\K2\\projects\\4viewsocial_api_admin\\vendor\\laravel\\framework\\src\\Illuminate\\Pipeline\\Pipeline.php(180): Illuminate\\Foundation\\Http\\Kernel->Illuminate\\Foundation\\Http\\{closure}(Object(Illuminate\\Http\\Request))
#36 C:\\Users\\ADMIN\\Desktop\\K2\\projects\\4viewsocial_api_admin\\vendor\\laravel\\framework\\src\\Illuminate\\Foundation\\Http\\Middleware\\TransformsRequest.php(21): Illuminate\\Pipeline\\Pipeline->Illuminate\\Pipeline\\{closure}(Object(Illuminate\\Http\\Request))
#37 C:\\Users\\ADMIN\\Desktop\\K2\\projects\\4viewsocial_api_admin\\vendor\\laravel\\framework\\src\\Illuminate\\Foundation\\Http\\Middleware\\ConvertEmptyStringsToNull.php(31): Illuminate\\Foundation\\Http\\Middleware\\TransformsRequest->handle(Object(Illuminate\\Http\\Request), Object(Closure))
#38 C:\\Users\\ADMIN\\Desktop\\K2\\projects\\4viewsocial_api_admin\\vendor\\laravel\\framework\\src\\Illuminate\\Pipeline\\Pipeline.php(219): Illuminate\\Foundation\\Http\\Middleware\\ConvertEmptyStringsToNull->handle(Object(Illuminate\\Http\\Request), Object(Closure))
#39 C:\\Users\\ADMIN\\Desktop\\K2\\projects\\4viewsocial_api_admin\\vendor\\laravel\\framework\\src\\Illuminate\\Foundation\\Http\\Middleware\\TransformsRequest.php(21): Illuminate\\Pipeline\\Pipeline->Illuminate\\Pipeline\\{closure}(Object(Illuminate\\Http\\Request))
#40 C:\\Users\\ADMIN\\Desktop\\K2\\projects\\4viewsocial_api_admin\\vendor\\laravel\\framework\\src\\Illuminate\\Foundation\\Http\\Middleware\\TrimStrings.php(51): Illuminate\\Foundation\\Http\\Middleware\\TransformsRequest->handle(Object(Illuminate\\Http\\Request), Object(Closure))
#41 C:\\Users\\ADMIN\\Desktop\\K2\\projects\\4viewsocial_api_admin\\vendor\\laravel\\framework\\src\\Illuminate\\Pipeline\\Pipeline.php(219): Illuminate\\Foundation\\Http\\Middleware\\TrimStrings->handle(Object(Illuminate\\Http\\Request), Object(Closure))
#42 C:\\Users\\ADMIN\\Desktop\\K2\\projects\\4viewsocial_api_admin\\vendor\\laravel\\framework\\src\\Illuminate\\Http\\Middleware\\ValidatePostSize.php(27): Illuminate\\Pipeline\\Pipeline->Illuminate\\Pipeline\\{closure}(Object(Illuminate\\Http\\Request))
#43 C:\\Users\\ADMIN\\Desktop\\K2\\projects\\4viewsocial_api_admin\\vendor\\laravel\\framework\\src\\Illuminate\\Pipeline\\Pipeline.php(219): Illuminate\\Http\\Middleware\\ValidatePostSize->handle(Object(Illuminate\\Http\\Request), Object(Closure))
#44 C:\\Users\\ADMIN\\Desktop\\K2\\projects\\4viewsocial_api_admin\\vendor\\laravel\\framework\\src\\Illuminate\\Foundation\\Http\\Middleware\\PreventRequestsDuringMaintenance.php(109): Illuminate\\Pipeline\\Pipeline->Illuminate\\Pipeline\\{closure}(Object(Illuminate\\Http\\Request))
#45 C:\\Users\\ADMIN\\Desktop\\K2\\projects\\4viewsocial_api_admin\\vendor\\laravel\\framework\\src\\Illuminate\\Pipeline\\Pipeline.php(219): Illuminate\\Foundation\\Http\\Middleware\\PreventRequestsDuringMaintenance->handle(Object(Illuminate\\Http\\Request), Object(Closure))
#46 C:\\Users\\ADMIN\\Desktop\\K2\\projects\\4viewsocial_api_admin\\vendor\\laravel\\framework\\src\\Illuminate\\Http\\Middleware\\HandleCors.php(61): Illuminate\\Pipeline\\Pipeline->Illuminate\\Pipeline\\{closure}(Object(Illuminate\\Http\\Request))
#47 C:\\Users\\ADMIN\\Desktop\\K2\\projects\\4viewsocial_api_admin\\vendor\\laravel\\framework\\src\\Illuminate\\Pipeline\\Pipeline.php(219): Illuminate\\Http\\Middleware\\HandleCors->handle(Object(Illuminate\\Http\\Request), Object(Closure))
#48 C:\\Users\\ADMIN\\Desktop\\K2\\projects\\4viewsocial_api_admin\\vendor\\laravel\\framework\\src\\Illuminate\\Http\\Middleware\\TrustProxies.php(58): Illuminate\\Pipeline\\Pipeline->Illuminate\\Pipeline\\{closure}(Object(Illuminate\\Http\\Request))
#49 C:\\Users\\ADMIN\\Desktop\\K2\\projects\\4viewsocial_api_admin\\vendor\\laravel\\framework\\src\\Illuminate\\Pipeline\\Pipeline.php(219): Illuminate\\Http\\Middleware\\TrustProxies->handle(Object(Illuminate\\Http\\Request), Object(Closure))
#50 C:\\Users\\ADMIN\\Desktop\\K2\\projects\\4viewsocial_api_admin\\vendor\\laravel\\framework\\src\\Illuminate\\Foundation\\Http\\Middleware\\InvokeDeferredCallbacks.php(22): Illuminate\\Pipeline\\Pipeline->Illuminate\\Pipeline\\{closure}(Object(Illuminate\\Http\\Request))
#51 C:\\Users\\ADMIN\\Desktop\\K2\\projects\\4viewsocial_api_admin\\vendor\\laravel\\framework\\src\\Illuminate\\Pipeline\\Pipeline.php(219): Illuminate\\Foundation\\Http\\Middleware\\InvokeDeferredCallbacks->handle(Object(Illuminate\\Http\\Request), Object(Closure))
#52 C:\\Users\\ADMIN\\Desktop\\K2\\projects\\4viewsocial_api_admin\\vendor\\laravel\\framework\\src\\Illuminate\\Http\\Middleware\\ValidatePathEncoding.php(26): Illuminate\\Pipeline\\Pipeline->Illuminate\\Pipeline\\{closure}(Object(Illuminate\\Http\\Request))
#53 C:\\Users\\ADMIN\\Desktop\\K2\\projects\\4viewsocial_api_admin\\vendor\\laravel\\framework\\src\\Illuminate\\Pipeline\\Pipeline.php(219): Illuminate\\Http\\Middleware\\ValidatePathEncoding->handle(Object(Illuminate\\Http\\Request), Object(Closure))
#54 C:\\Users\\ADMIN\\Desktop\\K2\\projects\\4viewsocial_api_admin\\vendor\\laravel\\framework\\src\\Illuminate\\Pipeline\\Pipeline.php(137): Illuminate\\Pipeline\\Pipeline->Illuminate\\Pipeline\\{closure}(Object(Illuminate\\Http\\Request))
#55 C:\\Users\\ADMIN\\Desktop\\K2\\projects\\4viewsocial_api_admin\\vendor\\laravel\\framework\\src\\Illuminate\\Foundation\\Http\\Kernel.php(175): Illuminate\\Pipeline\\Pipeline->then(Object(Closure))
#56 C:\\Users\\ADMIN\\Desktop\\K2\\projects\\4viewsocial_api_admin\\vendor\\laravel\\framework\\src\\Illuminate\\Foundation\\Http\\Kernel.php(144): Illuminate\\Foundation\\Http\\Kernel->sendRequestThroughRouter(Object(Illuminate\\Http\\Request))
#57 C:\\Users\\ADMIN\\Desktop\\K2\\projects\\4viewsocial_api_admin\\vendor\\laravel\\framework\\src\\Illuminate\\Foundation\\Application.php(1220): Illuminate\\Foundation\\Http\\Kernel->handle(Object(Illuminate\\Http\\Request))
#58 C:\\Users\\ADMIN\\Desktop\\K2\\projects\\4viewsocial_api_admin\\public\\index.php(20): Illuminate\\Foundation\\Application->handleRequest(Object(Illuminate\\Http\\Request))
#59 C:\\Users\\ADMIN\\Desktop\\K2\\projects\\4viewsocial_api_admin\\vendor\\laravel\\framework\\src\\Illuminate\\Foundation\\resources\\server.php(23): require_once('C:\\\\Users\\\\ADMIN\\\\...')
#60 {main}
"} 
[2025-11-25 16:20:26] local.ERROR: SQLSTATE[HY000] [2002] No connection could be made because the target machine actively refused it (Connection: mysql, SQL: select count(*) as aggregate from `users`) {"exception":"[object] (Illuminate\\Database\\QueryException(code: 2002): SQLSTATE[HY000] [2002] No connection could be made because the target machine actively refused it (Connection: mysql, SQL: select count(*) as aggregate from `users`) at C:\\Users\\ADMIN\\Desktop\\K2\\projects\\4viewsocial_api_admin\\vendor\\laravel\\framework\\src\\Illuminate\\Database\\Connection.php:824)
[stacktrace]
#0 C:\\Users\\ADMIN\\Desktop\\K2\\projects\\4viewsocial_api_admin\\vendor\\laravel\\framework\\src\\Illuminate\\Database\\Connection.php(978): Illuminate\\Database\\Connection->runQueryCallback('select count(*)...', Array, Object(Closure))
#1 C:\\Users\\ADMIN\\Desktop\\K2\\projects\\4viewsocial_api_admin\\vendor\\laravel\\framework\\src\\Illuminate\\Database\\Connection.php(957): Illuminate\\Database\\Connection->tryAgainIfCausedByLostConnection(Object(Illuminate\\Database\\QueryException), 'select count(*)...', Array, Object(Closure))
#2 C:\\Users\\ADMIN\\Desktop\\K2\\projects\\4viewsocial_api_admin\\vendor\\laravel\\framework\\src\\Illuminate\\Database\\Connection.php(780): Illuminate\\Database\\Connection->handleQueryException(Object(Illuminate\\Database\\QueryException), 'select count(*)...', Array, Object(Closure))
#3 C:\\Users\\ADMIN\\Desktop\\K2\\projects\\4viewsocial_api_admin\\vendor\\laravel\\framework\\src\\Illuminate\\Database\\Connection.php(397): Illuminate\\Database\\Connection->run('select count(*)...', Array, Object(Closure))
#4 C:\\Users\\ADMIN\\Desktop\\K2\\projects\\4viewsocial_api_admin\\vendor\\laravel\\framework\\src\\Illuminate\\Database\\Query\\Builder.php(3188): Illuminate\\Database\\Connection->select('select count(*)...', Array, true)
#5 C:\\Users\\ADMIN\\Desktop\\K2\\projects\\4viewsocial_api_admin\\vendor\\laravel\\framework\\src\\Illuminate\\Database\\Query\\Builder.php(3173): Illuminate\\Database\\Query\\Builder->runSelect()
#6 C:\\Users\\ADMIN\\Desktop\\K2\\projects\\4viewsocial_api_admin\\vendor\\laravel\\framework\\src\\Illuminate\\Database\\Query\\Builder.php(3763): Illuminate\\Database\\Query\\Builder->Illuminate\\Database\\Query\\{closure}()
#7 C:\\Users\\ADMIN\\Desktop\\K2\\projects\\4viewsocial_api_admin\\vendor\\laravel\\framework\\src\\Illuminate\\Database\\Query\\Builder.php(3172): Illuminate\\Database\\Query\\Builder->onceWithColumns(Array, Object(Closure))
#8 C:\\Users\\ADMIN\\Desktop\\K2\\projects\\4viewsocial_api_admin\\vendor\\laravel\\framework\\src\\Illuminate\\Database\\Query\\Builder.php(3687): Illuminate\\Database\\Query\\Builder->get(Array)
#9 C:\\Users\\ADMIN\\Desktop\\K2\\projects\\4viewsocial_api_admin\\vendor\\laravel\\framework\\src\\Illuminate\\Database\\Query\\Builder.php(3615): Illuminate\\Database\\Query\\Builder->aggregate('count', Array)
#10 C:\\Users\\ADMIN\\Desktop\\K2\\projects\\4viewsocial_api_admin\\vendor\\laravel\\framework\\src\\Illuminate\\Database\\Eloquent\\Builder.php(2235): Illuminate\\Database\\Query\\Builder->count()
#11 C:\\Users\\ADMIN\\Desktop\\K2\\projects\\4viewsocial_api_admin\\vendor\\laravel\\framework\\src\\Illuminate\\Support\\Traits\\ForwardsCalls.php(23): Illuminate\\Database\\Eloquent\\Builder->__call('count', Array)
#12 C:\\Users\\ADMIN\\Desktop\\K2\\projects\\4viewsocial_api_admin\\vendor\\laravel\\framework\\src\\Illuminate\\Database\\Eloquent\\Model.php(2540): Illuminate\\Database\\Eloquent\\Model->forwardCallTo(Object(Illuminate\\Database\\Eloquent\\Builder), 'count', Array)
#13 C:\\Users\\ADMIN\\Desktop\\K2\\projects\\4viewsocial_api_admin\\vendor\\laravel\\framework\\src\\Illuminate\\Database\\Eloquent\\Model.php(2556): Illuminate\\Database\\Eloquent\\Model->__call('count', Array)
#14 C:\\Users\\ADMIN\\Desktop\\K2\\projects\\4viewsocial_api_admin\\app\\Http\\Controllers\\DashboardController.php(25): Illuminate\\Database\\Eloquent\\Model::__callStatic('count', Array)
#15 C:\\Users\\ADMIN\\Desktop\\K2\\projects\\4viewsocial_api_admin\\vendor\\laravel\\framework\\src\\Illuminate\\Routing\\ControllerDispatcher.php(46): App\\Http\\Controllers\\DashboardController->stats(Object(Illuminate\\Http\\Request))
#16 C:\\Users\\ADMIN\\Desktop\\K2\\projects\\4viewsocial_api_admin\\vendor\\laravel\\framework\\src\\Illuminate\\Routing\\Route.php(265): Illuminate\\Routing\\ControllerDispatcher->dispatch(Object(Illuminate\\Routing\\Route), Object(App\\Http\\Controllers\\DashboardController), 'stats')
#17 C:\\Users\\ADMIN\\Desktop\\K2\\projects\\4viewsocial_api_admin\\vendor\\laravel\\framework\\src\\Illuminate\\Routing\\Route.php(211): Illuminate\\Routing\\Route->runController()
#18 C:\\Users\\ADMIN\\Desktop\\K2\\projects\\4viewsocial_api_admin\\vendor\\laravel\\framework\\src\\Illuminate\\Routing\\Router.php(822): Illuminate\\Routing\\Route->run()
#19 C:\\Users\\ADMIN\\Desktop\\K2\\projects\\4viewsocial_api_admin\\vendor\\laravel\\framework\\src\\Illuminate\\Pipeline\\Pipeline.php(180): Illuminate\\Routing\\Router->Illuminate\\Routing\\{closure}(Object(Illuminate\\Http\\Request))
#20 C:\\Users\\ADMIN\\Desktop\\K2\\projects\\4viewsocial_api_admin\\vendor\\laravel\\framework\\src\\Illuminate\\Routing\\Middleware\\SubstituteBindings.php(50): Illuminate\\Pipeline\\Pipeline->Illuminate\\Pipeline\\{closure}(Object(Illuminate\\Http\\Request))
#21 C:\\Users\\ADMIN\\Desktop\\K2\\projects\\4viewsocial_api_admin\\vendor\\laravel\\framework\\src\\Illuminate\\Pipeline\\Pipeline.php(219): Illuminate\\Routing\\Middleware\\SubstituteBindings->handle(Object(Illuminate\\Http\\Request), Object(Closure))
#22 C:\\Users\\ADMIN\\Desktop\\K2\\projects\\4viewsocial_api_admin\\vendor\\laravel\\framework\\src\\Illuminate\\Pipeline\\Pipeline.php(137): Illuminate\\Pipeline\\Pipeline->Illuminate\\Pipeline\\{closure}(Object(Illuminate\\Http\\Request))
#23 C:\\Users\\ADMIN\\Desktop\\K2\\projects\\4viewsocial_api_admin\\vendor\\laravel\\framework\\src\\Illuminate\\Routing\\Router.php(821): Illuminate\\Pipeline\\Pipeline->then(Object(Closure))
#24 C:\\Users\\ADMIN\\Desktop\\K2\\projects\\4viewsocial_api_admin\\vendor\\laravel\\framework\\src\\Illuminate\\Routing\\Router.php(800): Illuminate\\Routing\\Router->runRouteWithinStack(Object(Illuminate\\Routing\\Route), Object(Illuminate\\Http\\Request))
#25 C:\\Users\\ADMIN\\Desktop\\K2\\projects\\4viewsocial_api_admin\\vendor\\laravel\\framework\\src\\Illuminate\\Routing\\Router.php(764): Illuminate\\Routing\\Router->runRoute(Object(Illuminate\\Http\\Request), Object(Illuminate\\Routing\\Route))
#26 C:\\Users\\ADMIN\\Desktop\\K2\\projects\\4viewsocial_api_admin\\vendor\\laravel\\framework\\src\\Illuminate\\Routing\\Router.php(753): Illuminate\\Routing\\Router->dispatchToRoute(Object(Illuminate\\Http\\Request))
#27 C:\\Users\\ADMIN\\Desktop\\K2\\projects\\4viewsocial_api_admin\\vendor\\laravel\\framework\\src\\Illuminate\\Foundation\\Http\\Kernel.php(200): Illuminate\\Routing\\Router->dispatch(Object(Illuminate\\Http\\Request))
#28 C:\\Users\\ADMIN\\Desktop\\K2\\projects\\4viewsocial_api_admin\\vendor\\laravel\\framework\\src\\Illuminate\\Pipeline\\Pipeline.php(180): Illuminate\\Foundation\\Http\\Kernel->Illuminate\\Foundation\\Http\\{closure}(Object(Illuminate\\Http\\Request))
#29 C:\\Users\\ADMIN\\Desktop\\K2\\projects\\4viewsocial_api_admin\\vendor\\laravel\\framework\\src\\Illuminate\\Foundation\\Http\\Middleware\\TransformsRequest.php(21): Illuminate\\Pipeline\\Pipeline->Illuminate\\Pipeline\\{closure}(Object(Illuminate\\Http\\Request))
#30 C:\\Users\\ADMIN\\Desktop\\K2\\projects\\4viewsocial_api_admin\\vendor\\laravel\\framework\\src\\Illuminate\\Foundation\\Http\\Middleware\\ConvertEmptyStringsToNull.php(31): Illuminate\\Foundation\\Http\\Middleware\\TransformsRequest->handle(Object(Illuminate\\Http\\Request), Object(Closure))
#31 C:\\Users\\ADMIN\\Desktop\\K2\\projects\\4viewsocial_api_admin\\vendor\\laravel\\framework\\src\\Illuminate\\Pipeline\\Pipeline.php(219): Illuminate\\Foundation\\Http\\Middleware\\ConvertEmptyStringsToNull->handle(Object(Illuminate\\Http\\Request), Object(Closure))
#32 C:\\Users\\ADMIN\\Desktop\\K2\\projects\\4viewsocial_api_admin\\vendor\\laravel\\framework\\src\\Illuminate\\Foundation\\Http\\Middleware\\TransformsRequest.php(21): Illuminate\\Pipeline\\Pipeline->Illuminate\\Pipeline\\{closure}(Object(Illuminate\\Http\\Request))
#33 C:\\Users\\ADMIN\\Desktop\\K2\\projects\\4viewsocial_api_admin\\vendor\\laravel\\framework\\src\\Illuminate\\Foundation\\Http\\Middleware\\TrimStrings.php(51): Illuminate\\Foundation\\Http\\Middleware\\TransformsRequest->handle(Object(Illuminate\\Http\\Request), Object(Closure))
#34 C:\\Users\\ADMIN\\Desktop\\K2\\projects\\4viewsocial_api_admin\\vendor\\laravel\\framework\\src\\Illuminate\\Pipeline\\Pipeline.php(219): Illuminate\\Foundation\\Http\\Middleware\\TrimStrings->handle(Object(Illuminate\\Http\\Request), Object(Closure))
#35 C:\\Users\\ADMIN\\Desktop\\K2\\projects\\4viewsocial_api_admin\\vendor\\laravel\\framework\\src\\Illuminate\\Http\\Middleware\\ValidatePostSize.php(27): Illuminate\\Pipeline\\Pipeline->Illuminate\\Pipeline\\{closure}(Object(Illuminate\\Http\\Request))
#36 C:\\Users\\ADMIN\\Desktop\\K2\\projects\\4viewsocial_api_admin\\vendor\\laravel\\framework\\src\\Illuminate\\Pipeline\\Pipeline.php(219): Illuminate\\Http\\Middleware\\ValidatePostSize->handle(Object(Illuminate\\Http\\Request), Object(Closure))
#37 C:\\Users\\ADMIN\\Desktop\\K2\\projects\\4viewsocial_api_admin\\vendor\\laravel\\framework\\src\\Illuminate\\Foundation\\Http\\Middleware\\PreventRequestsDuringMaintenance.php(109): Illuminate\\Pipeline\\Pipeline->Illuminate\\Pipeline\\{closure}(Object(Illuminate\\Http\\Request))
#38 C:\\Users\\ADMIN\\Desktop\\K2\\projects\\4viewsocial_api_admin\\vendor\\laravel\\framework\\src\\Illuminate\\Pipeline\\Pipeline.php(219): Illuminate\\Foundation\\Http\\Middleware\\PreventRequestsDuringMaintenance->handle(Object(Illuminate\\Http\\Request), Object(Closure))
#39 C:\\Users\\ADMIN\\Desktop\\K2\\projects\\4viewsocial_api_admin\\vendor\\laravel\\framework\\src\\Illuminate\\Http\\Middleware\\HandleCors.php(61): Illuminate\\Pipeline\\Pipeline->Illuminate\\Pipeline\\{closure}(Object(Illuminate\\Http\\Request))
#40 C:\\Users\\ADMIN\\Desktop\\K2\\projects\\4viewsocial_api_admin\\vendor\\laravel\\framework\\src\\Illuminate\\Pipeline\\Pipeline.php(219): Illuminate\\Http\\Middleware\\HandleCors->handle(Object(Illuminate\\Http\\Request), Object(Closure))
#41 C:\\Users\\ADMIN\\Desktop\\K2\\projects\\4viewsocial_api_admin\\vendor\\laravel\\framework\\src\\Illuminate\\Http\\Middleware\\TrustProxies.php(58): Illuminate\\Pipeline\\Pipeline->Illuminate\\Pipeline\\{closure}(Object(Illuminate\\Http\\Request))
#42 C:\\Users\\ADMIN\\Desktop\\K2\\projects\\4viewsocial_api_admin\\vendor\\laravel\\framework\\src\\Illuminate\\Pipeline\\Pipeline.php(219): Illuminate\\Http\\Middleware\\TrustProxies->handle(Object(Illuminate\\Http\\Request), Object(Closure))
#43 C:\\Users\\ADMIN\\Desktop\\K2\\projects\\4viewsocial_api_admin\\vendor\\laravel\\framework\\src\\Illuminate\\Foundation\\Http\\Middleware\\InvokeDeferredCallbacks.php(22): Illuminate\\Pipeline\\Pipeline->Illuminate\\Pipeline\\{closure}(Object(Illuminate\\Http\\Request))
#44 C:\\Users\\ADMIN\\Desktop\\K2\\projects\\4viewsocial_api_admin\\vendor\\laravel\\framework\\src\\Illuminate\\Pipeline\\Pipeline.php(219): Illuminate\\Foundation\\Http\\Middleware\\InvokeDeferredCallbacks->handle(Object(Illuminate\\Http\\Request), Object(Closure))
#45 C:\\Users\\ADMIN\\Desktop\\K2\\projects\\4viewsocial_api_admin\\vendor\\laravel\\framework\\src\\Illuminate\\Http\\Middleware\\ValidatePathEncoding.php(26): Illuminate\\Pipeline\\Pipeline->Illuminate\\Pipeline\\{closure}(Object(Illuminate\\Http\\Request))
#46 C:\\Users\\ADMIN\\Desktop\\K2\\projects\\4viewsocial_api_admin\\vendor\\laravel\\framework\\src\\Illuminate\\Pipeline\\Pipeline.php(219): Illuminate\\Http\\Middleware\\ValidatePathEncoding->handle(Object(Illuminate\\Http\\Request), Object(Closure))
#47 C:\\Users\\ADMIN\\Desktop\\K2\\projects\\4viewsocial_api_admin\\vendor\\laravel\\framework\\src\\Illuminate\\Pipeline\\Pipeline.php(137): Illuminate\\Pipeline\\Pipeline->Illuminate\\Pipeline\\{closure}(Object(Illuminate\\Http\\Request))
#48 C:\\Users\\ADMIN\\Desktop\\K2\\projects\\4viewsocial_api_admin\\vendor\\laravel\\framework\\src\\Illuminate\\Foundation\\Http\\Kernel.php(175): Illuminate\\Pipeline\\Pipeline->then(Object(Closure))
#49 C:\\Users\\ADMIN\\Desktop\\K2\\projects\\4viewsocial_api_admin\\vendor\\laravel\\framework\\src\\Illuminate\\Foundation\\Http\\Kernel.php(144): Illuminate\\Foundation\\Http\\Kernel->sendRequestThroughRouter(Object(Illuminate\\Http\\Request))
#50 C:\\Users\\ADMIN\\Desktop\\K2\\projects\\4viewsocial_api_admin\\vendor\\laravel\\framework\\src\\Illuminate\\Foundation\\Application.php(1220): Illuminate\\Foundation\\Http\\Kernel->handle(Object(Illuminate\\Http\\Request))
#51 C:\\Users\\ADMIN\\Desktop\\K2\\projects\\4viewsocial_api_admin\\public\\index.php(20): Illuminate\\Foundation\\Application->handleRequest(Object(Illuminate\\Http\\Request))
#52 C:\\Users\\ADMIN\\Desktop\\K2\\projects\\4viewsocial_api_admin\\vendor\\laravel\\framework\\src\\Illuminate\\Foundation\\resources\\server.php(23): require_once('C:\\\\Users\\\\ADMIN\\\\...')
#53 {main}

[previous exception] [object] (PDOException(code: 2002): SQLSTATE[HY000] [2002] No connection could be made because the target machine actively refused it at C:\\Users\\ADMIN\\Desktop\\K2\\projects\\4viewsocial_api_admin\\vendor\\laravel\\framework\\src\\Illuminate\\Database\\Connectors\\Connector.php:66)
[stacktrace]
#0 C:\\Users\\ADMIN\\Desktop\\K2\\projects\\4viewsocial_api_admin\\vendor\\laravel\\framework\\src\\Illuminate\\Database\\Connectors\\Connector.php(66): PDO->__construct('mysql:host=127....', 'root', Object(SensitiveParameterValue), Array)
#1 C:\\Users\\ADMIN\\Desktop\\K2\\projects\\4viewsocial_api_admin\\vendor\\laravel\\framework\\src\\Illuminate\\Database\\Connectors\\Connector.php(85): Illuminate\\Database\\Connectors\\Connector->createPdoConnection('mysql:host=127....', 'root', Object(SensitiveParameterValue), Array)
#2 C:\\Users\\ADMIN\\Desktop\\K2\\projects\\4viewsocial_api_admin\\vendor\\laravel\\framework\\src\\Illuminate\\Database\\Connectors\\Connector.php(48): Illuminate\\Database\\Connectors\\Connector->tryAgainIfCausedByLostConnection(Object(PDOException), 'mysql:host=127....', 'root', Object(SensitiveParameterValue), Array)
#3 C:\\Users\\ADMIN\\Desktop\\K2\\projects\\4viewsocial_api_admin\\vendor\\laravel\\framework\\src\\Illuminate\\Database\\Connectors\\MySqlConnector.php(24): Illuminate\\Database\\Connectors\\Connector->createConnection('mysql:host=127....', Array, Array)
#4 C:\\Users\\ADMIN\\Desktop\\K2\\projects\\4viewsocial_api_admin\\vendor\\laravel\\framework\\src\\Illuminate\\Database\\Connectors\\ConnectionFactory.php(184): Illuminate\\Database\\Connectors\\MySqlConnector->connect(Array)
#5 [internal function]: Illuminate\\Database\\Connectors\\ConnectionFactory->Illuminate\\Database\\Connectors\\{closure}()
#6 C:\\Users\\ADMIN\\Desktop\\K2\\projects\\4viewsocial_api_admin\\vendor\\laravel\\framework\\src\\Illuminate\\Database\\Connection.php(1234): call_user_func(Object(Closure))
#7 C:\\Users\\ADMIN\\Desktop\\K2\\projects\\4viewsocial_api_admin\\vendor\\laravel\\framework\\src\\Illuminate\\Database\\Connection.php(1270): Illuminate\\Database\\Connection->getPdo()
#8 C:\\Users\\ADMIN\\Desktop\\K2\\projects\\4viewsocial_api_admin\\vendor\\laravel\\framework\\src\\Illuminate\\Database\\Connection.php(511): Illuminate\\Database\\Connection->getReadPdo()
#9 C:\\Users\\ADMIN\\Desktop\\K2\\projects\\4viewsocial_api_admin\\vendor\\laravel\\framework\\src\\Illuminate\\Database\\Connection.php(406): Illuminate\\Database\\Connection->getPdoForSelect(true)
#10 C:\\Users\\ADMIN\\Desktop\\K2\\projects\\4viewsocial_api_admin\\vendor\\laravel\\framework\\src\\Illuminate\\Database\\Connection.php(811): Illuminate\\Database\\Connection->Illuminate\\Database\\{closure}('select count(*)...', Array)
#11 C:\\Users\\ADMIN\\Desktop\\K2\\projects\\4viewsocial_api_admin\\vendor\\laravel\\framework\\src\\Illuminate\\Database\\Connection.php(978): Illuminate\\Database\\Connection->runQueryCallback('select count(*)...', Array, Object(Closure))
#12 C:\\Users\\ADMIN\\Desktop\\K2\\projects\\4viewsocial_api_admin\\vendor\\laravel\\framework\\src\\Illuminate\\Database\\Connection.php(957): Illuminate\\Database\\Connection->tryAgainIfCausedByLostConnection(Object(Illuminate\\Database\\QueryException), 'select count(*)...', Array, Object(Closure))
#13 C:\\Users\\ADMIN\\Desktop\\K2\\projects\\4viewsocial_api_admin\\vendor\\laravel\\framework\\src\\Illuminate\\Database\\Connection.php(780): Illuminate\\Database\\Connection->handleQueryException(Object(Illuminate\\Database\\QueryException), 'select count(*)...', Array, Object(Closure))
#14 C:\\Users\\ADMIN\\Desktop\\K2\\projects\\4viewsocial_api_admin\\vendor\\laravel\\framework\\src\\Illuminate\\Database\\Connection.php(397): Illuminate\\Database\\Connection->run('select count(*)...', Array, Object(Closure))
#15 C:\\Users\\ADMIN\\Desktop\\K2\\projects\\4viewsocial_api_admin\\vendor\\laravel\\framework\\src\\Illuminate\\Database\\Query\\Builder.php(3188): Illuminate\\Database\\Connection->select('select count(*)...', Array, true)
#16 C:\\Users\\ADMIN\\Desktop\\K2\\projects\\4viewsocial_api_admin\\vendor\\laravel\\framework\\src\\Illuminate\\Database\\Query\\Builder.php(3173): Illuminate\\Database\\Query\\Builder->runSelect()
#17 C:\\Users\\ADMIN\\Desktop\\K2\\projects\\4viewsocial_api_admin\\vendor\\laravel\\framework\\src\\Illuminate\\Database\\Query\\Builder.php(3763): Illuminate\\Database\\Query\\Builder->Illuminate\\Database\\Query\\{closure}()
#18 C:\\Users\\ADMIN\\Desktop\\K2\\projects\\4viewsocial_api_admin\\vendor\\laravel\\framework\\src\\Illuminate\\Database\\Query\\Builder.php(3172): Illuminate\\Database\\Query\\Builder->onceWithColumns(Array, Object(Closure))
#19 C:\\Users\\ADMIN\\Desktop\\K2\\projects\\4viewsocial_api_admin\\vendor\\laravel\\framework\\src\\Illuminate\\Database\\Query\\Builder.php(3687): Illuminate\\Database\\Query\\Builder->get(Array)
#20 C:\\Users\\ADMIN\\Desktop\\K2\\projects\\4viewsocial_api_admin\\vendor\\laravel\\framework\\src\\Illuminate\\Database\\Query\\Builder.php(3615): Illuminate\\Database\\Query\\Builder->aggregate('count', Array)
#21 C:\\Users\\ADMIN\\Desktop\\K2\\projects\\4viewsocial_api_admin\\vendor\\laravel\\framework\\src\\Illuminate\\Database\\Eloquent\\Builder.php(2235): Illuminate\\Database\\Query\\Builder->count()
#22 C:\\Users\\ADMIN\\Desktop\\K2\\projects\\4viewsocial_api_admin\\vendor\\laravel\\framework\\src\\Illuminate\\Support\\Traits\\ForwardsCalls.php(23): Illuminate\\Database\\Eloquent\\Builder->__call('count', Array)
#23 C:\\Users\\ADMIN\\Desktop\\K2\\projects\\4viewsocial_api_admin\\vendor\\laravel\\framework\\src\\Illuminate\\Database\\Eloquent\\Model.php(2540): Illuminate\\Database\\Eloquent\\Model->forwardCallTo(Object(Illuminate\\Database\\Eloquent\\Builder), 'count', Array)
#24 C:\\Users\\ADMIN\\Desktop\\K2\\projects\\4viewsocial_api_admin\\vendor\\laravel\\framework\\src\\Illuminate\\Database\\Eloquent\\Model.php(2556): Illuminate\\Database\\Eloquent\\Model->__call('count', Array)
#25 C:\\Users\\ADMIN\\Desktop\\K2\\projects\\4viewsocial_api_admin\\app\\Http\\Controllers\\DashboardController.php(25): Illuminate\\Database\\Eloquent\\Model::__callStatic('count', Array)
#26 C:\\Users\\ADMIN\\Desktop\\K2\\projects\\4viewsocial_api_admin\\vendor\\laravel\\framework\\src\\Illuminate\\Routing\\ControllerDispatcher.php(46): App\\Http\\Controllers\\DashboardController->stats(Object(Illuminate\\Http\\Request))
#27 C:\\Users\\ADMIN\\Desktop\\K2\\projects\\4viewsocial_api_admin\\vendor\\laravel\\framework\\src\\Illuminate\\Routing\\Route.php(265): Illuminate\\Routing\\ControllerDispatcher->dispatch(Object(Illuminate\\Routing\\Route), Object(App\\Http\\Controllers\\DashboardController), 'stats')
#28 C:\\Users\\ADMIN\\Desktop\\K2\\projects\\4viewsocial_api_admin\\vendor\\laravel\\framework\\src\\Illuminate\\Routing\\Route.php(211): Illuminate\\Routing\\Route->runController()
#29 C:\\Users\\ADMIN\\Desktop\\K2\\projects\\4viewsocial_api_admin\\vendor\\laravel\\framework\\src\\Illuminate\\Routing\\Router.php(822): Illuminate\\Routing\\Route->run()
#30 C:\\Users\\ADMIN\\Desktop\\K2\\projects\\4viewsocial_api_admin\\vendor\\laravel\\framework\\src\\Illuminate\\Pipeline\\Pipeline.php(180): Illuminate\\Routing\\Router->Illuminate\\Routing\\{closure}(Object(Illuminate\\Http\\Request))
#31 C:\\Users\\ADMIN\\Desktop\\K2\\projects\\4viewsocial_api_admin\\vendor\\laravel\\framework\\src\\Illuminate\\Routing\\Middleware\\SubstituteBindings.php(50): Illuminate\\Pipeline\\Pipeline->Illuminate\\Pipeline\\{closure}(Object(Illuminate\\Http\\Request))
#32 C:\\Users\\ADMIN\\Desktop\\K2\\projects\\4viewsocial_api_admin\\vendor\\laravel\\framework\\src\\Illuminate\\Pipeline\\Pipeline.php(219): Illuminate\\Routing\\Middleware\\SubstituteBindings->handle(Object(Illuminate\\Http\\Request), Object(Closure))
#33 C:\\Users\\ADMIN\\Desktop\\K2\\projects\\4viewsocial_api_admin\\vendor\\laravel\\framework\\src\\Illuminate\\Pipeline\\Pipeline.php(137): Illuminate\\Pipeline\\Pipeline->Illuminate\\Pipeline\\{closure}(Object(Illuminate\\Http\\Request))
#34 C:\\Users\\ADMIN\\Desktop\\K2\\projects\\4viewsocial_api_admin\\vendor\\laravel\\framework\\src\\Illuminate\\Routing\\Router.php(821): Illuminate\\Pipeline\\Pipeline->then(Object(Closure))
#35 C:\\Users\\ADMIN\\Desktop\\K2\\projects\\4viewsocial_api_admin\\vendor\\laravel\\framework\\src\\Illuminate\\Routing\\Router.php(800): Illuminate\\Routing\\Router->runRouteWithinStack(Object(Illuminate\\Routing\\Route), Object(Illuminate\\Http\\Request))
#36 C:\\Users\\ADMIN\\Desktop\\K2\\projects\\4viewsocial_api_admin\\vendor\\laravel\\framework\\src\\Illuminate\\Routing\\Router.php(764): Illuminate\\Routing\\Router->runRoute(Object(Illuminate\\Http\\Request), Object(Illuminate\\Routing\\Route))
#37 C:\\Users\\ADMIN\\Desktop\\K2\\projects\\4viewsocial_api_admin\\vendor\\laravel\\framework\\src\\Illuminate\\Routing\\Router.php(753): Illuminate\\Routing\\Router->dispatchToRoute(Object(Illuminate\\Http\\Request))
#38 C:\\Users\\ADMIN\\Desktop\\K2\\projects\\4viewsocial_api_admin\\vendor\\laravel\\framework\\src\\Illuminate\\Foundation\\Http\\Kernel.php(200): Illuminate\\Routing\\Router->dispatch(Object(Illuminate\\Http\\Request))
#39 C:\\Users\\ADMIN\\Desktop\\K2\\projects\\4viewsocial_api_admin\\vendor\\laravel\\framework\\src\\Illuminate\\Pipeline\\Pipeline.php(180): Illuminate\\Foundation\\Http\\Kernel->Illuminate\\Foundation\\Http\\{closure}(Object(Illuminate\\Http\\Request))
#40 C:\\Users\\ADMIN\\Desktop\\K2\\projects\\4viewsocial_api_admin\\vendor\\laravel\\framework\\src\\Illuminate\\Foundation\\Http\\Middleware\\TransformsRequest.php(21): Illuminate\\Pipeline\\Pipeline->Illuminate\\Pipeline\\{closure}(Object(Illuminate\\Http\\Request))
#41 C:\\Users\\ADMIN\\Desktop\\K2\\projects\\4viewsocial_api_admin\\vendor\\laravel\\framework\\src\\Illuminate\\Foundation\\Http\\Middleware\\ConvertEmptyStringsToNull.php(31): Illuminate\\Foundation\\Http\\Middleware\\TransformsRequest->handle(Object(Illuminate\\Http\\Request), Object(Closure))
#42 C:\\Users\\ADMIN\\Desktop\\K2\\projects\\4viewsocial_api_admin\\vendor\\laravel\\framework\\src\\Illuminate\\Pipeline\\Pipeline.php(219): Illuminate\\Foundation\\Http\\Middleware\\ConvertEmptyStringsToNull->handle(Object(Illuminate\\Http\\Request), Object(Closure))
#43 C:\\Users\\ADMIN\\Desktop\\K2\\projects\\4viewsocial_api_admin\\vendor\\laravel\\framework\\src\\Illuminate\\Foundation\\Http\\Middleware\\TransformsRequest.php(21): Illuminate\\Pipeline\\Pipeline->Illuminate\\Pipeline\\{closure}(Object(Illuminate\\Http\\Request))
#44 C:\\Users\\ADMIN\\Desktop\\K2\\projects\\4viewsocial_api_admin\\vendor\\laravel\\framework\\src\\Illuminate\\Foundation\\Http\\Middleware\\TrimStrings.php(51): Illuminate\\Foundation\\Http\\Middleware\\TransformsRequest->handle(Object(Illuminate\\Http\\Request), Object(Closure))
#45 C:\\Users\\ADMIN\\Desktop\\K2\\projects\\4viewsocial_api_admin\\vendor\\laravel\\framework\\src\\Illuminate\\Pipeline\\Pipeline.php(219): Illuminate\\Foundation\\Http\\Middleware\\TrimStrings->handle(Object(Illuminate\\Http\\Request), Object(Closure))
#46 C:\\Users\\ADMIN\\Desktop\\K2\\projects\\4viewsocial_api_admin\\vendor\\laravel\\framework\\src\\Illuminate\\Http\\Middleware\\ValidatePostSize.php(27): Illuminate\\Pipeline\\Pipeline->Illuminate\\Pipeline\\{closure}(Object(Illuminate\\Http\\Request))
#47 C:\\Users\\ADMIN\\Desktop\\K2\\projects\\4viewsocial_api_admin\\vendor\\laravel\\framework\\src\\Illuminate\\Pipeline\\Pipeline.php(219): Illuminate\\Http\\Middleware\\ValidatePostSize->handle(Object(Illuminate\\Http\\Request), Object(Closure))
#48 C:\\Users\\ADMIN\\Desktop\\K2\\projects\\4viewsocial_api_admin\\vendor\\laravel\\framework\\src\\Illuminate\\Foundation\\Http\\Middleware\\PreventRequestsDuringMaintenance.php(109): Illuminate\\Pipeline\\Pipeline->Illuminate\\Pipeline\\{closure}(Object(Illuminate\\Http\\Request))
#49 C:\\Users\\ADMIN\\Desktop\\K2\\projects\\4viewsocial_api_admin\\vendor\\laravel\\framework\\src\\Illuminate\\Pipeline\\Pipeline.php(219): Illuminate\\Foundation\\Http\\Middleware\\PreventRequestsDuringMaintenance->handle(Object(Illuminate\\Http\\Request), Object(Closure))
#50 C:\\Users\\ADMIN\\Desktop\\K2\\projects\\4viewsocial_api_admin\\vendor\\laravel\\framework\\src\\Illuminate\\Http\\Middleware\\HandleCors.php(61): Illuminate\\Pipeline\\Pipeline->Illuminate\\Pipeline\\{closure}(Object(Illuminate\\Http\\Request))
#51 C:\\Users\\ADMIN\\Desktop\\K2\\projects\\4viewsocial_api_admin\\vendor\\laravel\\framework\\src\\Illuminate\\Pipeline\\Pipeline.php(219): Illuminate\\Http\\Middleware\\HandleCors->handle(Object(Illuminate\\Http\\Request), Object(Closure))
#52 C:\\Users\\ADMIN\\Desktop\\K2\\projects\\4viewsocial_api_admin\\vendor\\laravel\\framework\\src\\Illuminate\\Http\\Middleware\\TrustProxies.php(58): Illuminate\\Pipeline\\Pipeline->Illuminate\\Pipeline\\{closure}(Object(Illuminate\\Http\\Request))
#53 C:\\Users\\ADMIN\\Desktop\\K2\\projects\\4viewsocial_api_admin\\vendor\\laravel\\framework\\src\\Illuminate\\Pipeline\\Pipeline.php(219): Illuminate\\Http\\Middleware\\TrustProxies->handle(Object(Illuminate\\Http\\Request), Object(Closure))
#54 C:\\Users\\ADMIN\\Desktop\\K2\\projects\\4viewsocial_api_admin\\vendor\\laravel\\framework\\src\\Illuminate\\Foundation\\Http\\Middleware\\InvokeDeferredCallbacks.php(22): Illuminate\\Pipeline\\Pipeline->Illuminate\\Pipeline\\{closure}(Object(Illuminate\\Http\\Request))
#55 C:\\Users\\ADMIN\\Desktop\\K2\\projects\\4viewsocial_api_admin\\vendor\\laravel\\framework\\src\\Illuminate\\Pipeline\\Pipeline.php(219): Illuminate\\Foundation\\Http\\Middleware\\InvokeDeferredCallbacks->handle(Object(Illuminate\\Http\\Request), Object(Closure))
#56 C:\\Users\\ADMIN\\Desktop\\K2\\projects\\4viewsocial_api_admin\\vendor\\laravel\\framework\\src\\Illuminate\\Http\\Middleware\\ValidatePathEncoding.php(26): Illuminate\\Pipeline\\Pipeline->Illuminate\\Pipeline\\{closure}(Object(Illuminate\\Http\\Request))
#57 C:\\Users\\ADMIN\\Desktop\\K2\\projects\\4viewsocial_api_admin\\vendor\\laravel\\framework\\src\\Illuminate\\Pipeline\\Pipeline.php(219): Illuminate\\Http\\Middleware\\ValidatePathEncoding->handle(Object(Illuminate\\Http\\Request), Object(Closure))
#58 C:\\Users\\ADMIN\\Desktop\\K2\\projects\\4viewsocial_api_admin\\vendor\\laravel\\framework\\src\\Illuminate\\Pipeline\\Pipeline.php(137): Illuminate\\Pipeline\\Pipeline->Illuminate\\Pipeline\\{closure}(Object(Illuminate\\Http\\Request))
#59 C:\\Users\\ADMIN\\Desktop\\K2\\projects\\4viewsocial_api_admin\\vendor\\laravel\\framework\\src\\Illuminate\\Foundation\\Http\\Kernel.php(175): Illuminate\\Pipeline\\Pipeline->then(Object(Closure))
#60 C:\\Users\\ADMIN\\Desktop\\K2\\projects\\4viewsocial_api_admin\\vendor\\laravel\\framework\\src\\Illuminate\\Foundation\\Http\\Kernel.php(144): Illuminate\\Foundation\\Http\\Kernel->sendRequestThroughRouter(Object(Illuminate\\Http\\Request))
#61 C:\\Users\\ADMIN\\Desktop\\K2\\projects\\4viewsocial_api_admin\\vendor\\laravel\\framework\\src\\Illuminate\\Foundation\\Application.php(1220): Illuminate\\Foundation\\Http\\Kernel->handle(Object(Illuminate\\Http\\Request))
#62 C:\\Users\\ADMIN\\Desktop\\K2\\projects\\4viewsocial_api_admin\\public\\index.php(20): Illuminate\\Foundation\\Application->handleRequest(Object(Illuminate\\Http\\Request))
#63 C:\\Users\\ADMIN\\Desktop\\K2\\projects\\4viewsocial_api_admin\\vendor\\laravel\\framework\\src\\Illuminate\\Foundation\\resources\\server.php(23): require_once('C:\\\\Users\\\\ADMIN\\\\...')
#64 {main}
"} 
[2025-12-27 05:04:08] local.ERROR: SQLSTATE[42S22]: Column not found: 1054 Unknown column 'gmail' in 'field list' (Connection: mysql, SQL: select `id`, `user_name`, `full_name`, `gmail`, `role`, `online_status`, `status` from `users` order by `id` desc) {"exception":"[object] (Illuminate\\Database\\QueryException(code: 42S22): SQLSTATE[42S22]: Column not found: 1054 Unknown column 'gmail' in 'field list' (Connection: mysql, SQL: select `id`, `user_name`, `full_name`, `gmail`, `role`, `online_status`, `status` from `users` order by `id` desc) at C:\\Users\\ADMIN\\Desktop\\K2\\projects\\4viewsSocial\\APIAdmin\\vendor\\laravel\\framework\\src\\Illuminate\\Database\\Connection.php:824)
[stacktrace]
#0 C:\\Users\\ADMIN\\Desktop\\K2\\projects\\4viewsSocial\\APIAdmin\\vendor\\laravel\\framework\\src\\Illuminate\\Database\\Connection.php(778): Illuminate\\Database\\Connection->runQueryCallback('select `id`, `u...', Array, Object(Closure))
#1 C:\\Users\\ADMIN\\Desktop\\K2\\projects\\4viewsSocial\\APIAdmin\\vendor\\laravel\\framework\\src\\Illuminate\\Database\\Connection.php(397): Illuminate\\Database\\Connection->run('select `id`, `u...', Array, Object(Closure))
#2 C:\\Users\\ADMIN\\Desktop\\K2\\projects\\4viewsSocial\\APIAdmin\\vendor\\laravel\\framework\\src\\Illuminate\\Database\\Query\\Builder.php(3188): Illuminate\\Database\\Connection->select('select `id`, `u...', Array, true)
#3 C:\\Users\\ADMIN\\Desktop\\K2\\projects\\4viewsSocial\\APIAdmin\\vendor\\laravel\\framework\\src\\Illuminate\\Database\\Query\\Builder.php(3173): Illuminate\\Database\\Query\\Builder->runSelect()
#4 C:\\Users\\ADMIN\\Desktop\\K2\\projects\\4viewsSocial\\APIAdmin\\vendor\\laravel\\framework\\src\\Illuminate\\Database\\Query\\Builder.php(3763): Illuminate\\Database\\Query\\Builder->Illuminate\\Database\\Query\\{closure}()
#5 C:\\Users\\ADMIN\\Desktop\\K2\\projects\\4viewsSocial\\APIAdmin\\vendor\\laravel\\framework\\src\\Illuminate\\Database\\Query\\Builder.php(3172): Illuminate\\Database\\Query\\Builder->onceWithColumns(Array, Object(Closure))
#6 C:\\Users\\ADMIN\\Desktop\\K2\\projects\\4viewsSocial\\APIAdmin\\vendor\\laravel\\framework\\src\\Illuminate\\Database\\Eloquent\\Builder.php(902): Illuminate\\Database\\Query\\Builder->get(Array)
#7 C:\\Users\\ADMIN\\Desktop\\K2\\projects\\4viewsSocial\\APIAdmin\\vendor\\laravel\\framework\\src\\Illuminate\\Database\\Eloquent\\Builder.php(884): Illuminate\\Database\\Eloquent\\Builder->getModels(Array)
#8 C:\\Users\\ADMIN\\Desktop\\K2\\projects\\4viewsSocial\\APIAdmin\\app\\Http\\Controllers\\UserController.php(44): Illuminate\\Database\\Eloquent\\Builder->get()
#9 C:\\Users\\ADMIN\\Desktop\\K2\\projects\\4viewsSocial\\APIAdmin\\vendor\\laravel\\framework\\src\\Illuminate\\Routing\\ControllerDispatcher.php(46): App\\Http\\Controllers\\UserController->listUsers(Object(Illuminate\\Http\\Request))
#10 C:\\Users\\ADMIN\\Desktop\\K2\\projects\\4viewsSocial\\APIAdmin\\vendor\\laravel\\framework\\src\\Illuminate\\Routing\\Route.php(265): Illuminate\\Routing\\ControllerDispatcher->dispatch(Object(Illuminate\\Routing\\Route), Object(App\\Http\\Controllers\\UserController), 'listUsers')
#11 C:\\Users\\ADMIN\\Desktop\\K2\\projects\\4viewsSocial\\APIAdmin\\vendor\\laravel\\framework\\src\\Illuminate\\Routing\\Route.php(211): Illuminate\\Routing\\Route->runController()
#12 C:\\Users\\ADMIN\\Desktop\\K2\\projects\\4viewsSocial\\APIAdmin\\vendor\\laravel\\framework\\src\\Illuminate\\Routing\\Router.php(822): Illuminate\\Routing\\Route->run()
#13 C:\\Users\\ADMIN\\Desktop\\K2\\projects\\4viewsSocial\\APIAdmin\\vendor\\laravel\\framework\\src\\Illuminate\\Pipeline\\Pipeline.php(180): Illuminate\\Routing\\Router->Illuminate\\Routing\\{closure}(Object(Illuminate\\Http\\Request))
#14 C:\\Users\\ADMIN\\Desktop\\K2\\projects\\4viewsSocial\\APIAdmin\\vendor\\laravel\\framework\\src\\Illuminate\\Routing\\Middleware\\SubstituteBindings.php(50): Illuminate\\Pipeline\\Pipeline->Illuminate\\Pipeline\\{closure}(Object(Illuminate\\Http\\Request))
#15 C:\\Users\\ADMIN\\Desktop\\K2\\projects\\4viewsSocial\\APIAdmin\\vendor\\laravel\\framework\\src\\Illuminate\\Pipeline\\Pipeline.php(219): Illuminate\\Routing\\Middleware\\SubstituteBindings->handle(Object(Illuminate\\Http\\Request), Object(Closure))
#16 C:\\Users\\ADMIN\\Desktop\\K2\\projects\\4viewsSocial\\APIAdmin\\vendor\\laravel\\framework\\src\\Illuminate\\Pipeline\\Pipeline.php(137): Illuminate\\Pipeline\\Pipeline->Illuminate\\Pipeline\\{closure}(Object(Illuminate\\Http\\Request))
#17 C:\\Users\\ADMIN\\Desktop\\K2\\projects\\4viewsSocial\\APIAdmin\\vendor\\laravel\\framework\\src\\Illuminate\\Routing\\Router.php(821): Illuminate\\Pipeline\\Pipeline->then(Object(Closure))
#18 C:\\Users\\ADMIN\\Desktop\\K2\\projects\\4viewsSocial\\APIAdmin\\vendor\\laravel\\framework\\src\\Illuminate\\Routing\\Router.php(800): Illuminate\\Routing\\Router->runRouteWithinStack(Object(Illuminate\\Routing\\Route), Object(Illuminate\\Http\\Request))
#19 C:\\Users\\ADMIN\\Desktop\\K2\\projects\\4viewsSocial\\APIAdmin\\vendor\\laravel\\framework\\src\\Illuminate\\Routing\\Router.php(764): Illuminate\\Routing\\Router->runRoute(Object(Illuminate\\Http\\Request), Object(Illuminate\\Routing\\Route))
#20 C:\\Users\\ADMIN\\Desktop\\K2\\projects\\4viewsSocial\\APIAdmin\\vendor\\laravel\\framework\\src\\Illuminate\\Routing\\Router.php(753): Illuminate\\Routing\\Router->dispatchToRoute(Object(Illuminate\\Http\\Request))
#21 C:\\Users\\ADMIN\\Desktop\\K2\\projects\\4viewsSocial\\APIAdmin\\vendor\\laravel\\framework\\src\\Illuminate\\Foundation\\Http\\Kernel.php(200): Illuminate\\Routing\\Router->dispatch(Object(Illuminate\\Http\\Request))
#22 C:\\Users\\ADMIN\\Desktop\\K2\\projects\\4viewsSocial\\APIAdmin\\vendor\\laravel\\framework\\src\\Illuminate\\Pipeline\\Pipeline.php(180): Illuminate\\Foundation\\Http\\Kernel->Illuminate\\Foundation\\Http\\{closure}(Object(Illuminate\\Http\\Request))
#23 C:\\Users\\ADMIN\\Desktop\\K2\\projects\\4viewsSocial\\APIAdmin\\vendor\\laravel\\framework\\src\\Illuminate\\Foundation\\Http\\Middleware\\TransformsRequest.php(21): Illuminate\\Pipeline\\Pipeline->Illuminate\\Pipeline\\{closure}(Object(Illuminate\\Http\\Request))
#24 C:\\Users\\ADMIN\\Desktop\\K2\\projects\\4viewsSocial\\APIAdmin\\vendor\\laravel\\framework\\src\\Illuminate\\Foundation\\Http\\Middleware\\ConvertEmptyStringsToNull.php(31): Illuminate\\Foundation\\Http\\Middleware\\TransformsRequest->handle(Object(Illuminate\\Http\\Request), Object(Closure))
#25 C:\\Users\\ADMIN\\Desktop\\K2\\projects\\4viewsSocial\\APIAdmin\\vendor\\laravel\\framework\\src\\Illuminate\\Pipeline\\Pipeline.php(219): Illuminate\\Foundation\\Http\\Middleware\\ConvertEmptyStringsToNull->handle(Object(Illuminate\\Http\\Request), Object(Closure))
#26 C:\\Users\\ADMIN\\Desktop\\K2\\projects\\4viewsSocial\\APIAdmin\\vendor\\laravel\\framework\\src\\Illuminate\\Foundation\\Http\\Middleware\\TransformsRequest.php(21): Illuminate\\Pipeline\\Pipeline->Illuminate\\Pipeline\\{closure}(Object(Illuminate\\Http\\Request))
#27 C:\\Users\\ADMIN\\Desktop\\K2\\projects\\4viewsSocial\\APIAdmin\\vendor\\laravel\\framework\\src\\Illuminate\\Foundation\\Http\\Middleware\\TrimStrings.php(51): Illuminate\\Foundation\\Http\\Middleware\\TransformsRequest->handle(Object(Illuminate\\Http\\Request), Object(Closure))
#28 C:\\Users\\ADMIN\\Desktop\\K2\\projects\\4viewsSocial\\APIAdmin\\vendor\\laravel\\framework\\src\\Illuminate\\Pipeline\\Pipeline.php(219): Illuminate\\Foundation\\Http\\Middleware\\TrimStrings->handle(Object(Illuminate\\Http\\Request), Object(Closure))
#29 C:\\Users\\ADMIN\\Desktop\\K2\\projects\\4viewsSocial\\APIAdmin\\vendor\\laravel\\framework\\src\\Illuminate\\Http\\Middleware\\ValidatePostSize.php(27): Illuminate\\Pipeline\\Pipeline->Illuminate\\Pipeline\\{closure}(Object(Illuminate\\Http\\Request))
#30 C:\\Users\\ADMIN\\Desktop\\K2\\projects\\4viewsSocial\\APIAdmin\\vendor\\laravel\\framework\\src\\Illuminate\\Pipeline\\Pipeline.php(219): Illuminate\\Http\\Middleware\\ValidatePostSize->handle(Object(Illuminate\\Http\\Request), Object(Closure))
#31 C:\\Users\\ADMIN\\Desktop\\K2\\projects\\4viewsSocial\\APIAdmin\\vendor\\laravel\\framework\\src\\Illuminate\\Foundation\\Http\\Middleware\\PreventRequestsDuringMaintenance.php(109): Illuminate\\Pipeline\\Pipeline->Illuminate\\Pipeline\\{closure}(Object(Illuminate\\Http\\Request))
#32 C:\\Users\\ADMIN\\Desktop\\K2\\projects\\4viewsSocial\\APIAdmin\\vendor\\laravel\\framework\\src\\Illuminate\\Pipeline\\Pipeline.php(219): Illuminate\\Foundation\\Http\\Middleware\\PreventRequestsDuringMaintenance->handle(Object(Illuminate\\Http\\Request), Object(Closure))
#33 C:\\Users\\ADMIN\\Desktop\\K2\\projects\\4viewsSocial\\APIAdmin\\vendor\\laravel\\framework\\src\\Illuminate\\Http\\Middleware\\HandleCors.php(61): Illuminate\\Pipeline\\Pipeline->Illuminate\\Pipeline\\{closure}(Object(Illuminate\\Http\\Request))
#34 C:\\Users\\ADMIN\\Desktop\\K2\\projects\\4viewsSocial\\APIAdmin\\vendor\\laravel\\framework\\src\\Illuminate\\Pipeline\\Pipeline.php(219): Illuminate\\Http\\Middleware\\HandleCors->handle(Object(Illuminate\\Http\\Request), Object(Closure))
#35 C:\\Users\\ADMIN\\Desktop\\K2\\projects\\4viewsSocial\\APIAdmin\\vendor\\laravel\\framework\\src\\Illuminate\\Http\\Middleware\\TrustProxies.php(58): Illuminate\\Pipeline\\Pipeline->Illuminate\\Pipeline\\{closure}(Object(Illuminate\\Http\\Request))
#36 C:\\Users\\ADMIN\\Desktop\\K2\\projects\\4viewsSocial\\APIAdmin\\vendor\\laravel\\framework\\src\\Illuminate\\Pipeline\\Pipeline.php(219): Illuminate\\Http\\Middleware\\TrustProxies->handle(Object(Illuminate\\Http\\Request), Object(Closure))
#37 C:\\Users\\ADMIN\\Desktop\\K2\\projects\\4viewsSocial\\APIAdmin\\vendor\\laravel\\framework\\src\\Illuminate\\Foundation\\Http\\Middleware\\InvokeDeferredCallbacks.php(22): Illuminate\\Pipeline\\Pipeline->Illuminate\\Pipeline\\{closure}(Object(Illuminate\\Http\\Request))
#38 C:\\Users\\ADMIN\\Desktop\\K2\\projects\\4viewsSocial\\APIAdmin\\vendor\\laravel\\framework\\src\\Illuminate\\Pipeline\\Pipeline.php(219): Illuminate\\Foundation\\Http\\Middleware\\InvokeDeferredCallbacks->handle(Object(Illuminate\\Http\\Request), Object(Closure))
#39 C:\\Users\\ADMIN\\Desktop\\K2\\projects\\4viewsSocial\\APIAdmin\\vendor\\laravel\\framework\\src\\Illuminate\\Http\\Middleware\\ValidatePathEncoding.php(26): Illuminate\\Pipeline\\Pipeline->Illuminate\\Pipeline\\{closure}(Object(Illuminate\\Http\\Request))
#40 C:\\Users\\ADMIN\\Desktop\\K2\\projects\\4viewsSocial\\APIAdmin\\vendor\\laravel\\framework\\src\\Illuminate\\Pipeline\\Pipeline.php(219): Illuminate\\Http\\Middleware\\ValidatePathEncoding->handle(Object(Illuminate\\Http\\Request), Object(Closure))
#41 C:\\Users\\ADMIN\\Desktop\\K2\\projects\\4viewsSocial\\APIAdmin\\vendor\\laravel\\framework\\src\\Illuminate\\Pipeline\\Pipeline.php(137): Illuminate\\Pipeline\\Pipeline->Illuminate\\Pipeline\\{closure}(Object(Illuminate\\Http\\Request))
#42 C:\\Users\\ADMIN\\Desktop\\K2\\projects\\4viewsSocial\\APIAdmin\\vendor\\laravel\\framework\\src\\Illuminate\\Foundation\\Http\\Kernel.php(175): Illuminate\\Pipeline\\Pipeline->then(Object(Closure))
#43 C:\\Users\\ADMIN\\Desktop\\K2\\projects\\4viewsSocial\\APIAdmin\\vendor\\laravel\\framework\\src\\Illuminate\\Foundation\\Http\\Kernel.php(144): Illuminate\\Foundation\\Http\\Kernel->sendRequestThroughRouter(Object(Illuminate\\Http\\Request))
#44 C:\\Users\\ADMIN\\Desktop\\K2\\projects\\4viewsSocial\\APIAdmin\\vendor\\laravel\\framework\\src\\Illuminate\\Foundation\\Application.php(1220): Illuminate\\Foundation\\Http\\Kernel->handle(Object(Illuminate\\Http\\Request))
#45 C:\\Users\\ADMIN\\Desktop\\K2\\projects\\4viewsSocial\\APIAdmin\\public\\index.php(20): Illuminate\\Foundation\\Application->handleRequest(Object(Illuminate\\Http\\Request))
#46 C:\\Users\\ADMIN\\Desktop\\K2\\projects\\4viewsSocial\\APIAdmin\\vendor\\laravel\\framework\\src\\Illuminate\\Foundation\\resources\\server.php(23): require_once('C:\\\\Users\\\\ADMIN\\\\...')
#47 {main}

[previous exception] [object] (PDOException(code: 42S22): SQLSTATE[42S22]: Column not found: 1054 Unknown column 'gmail' in 'field list' at C:\\Users\\ADMIN\\Desktop\\K2\\projects\\4viewsSocial\\APIAdmin\\vendor\\laravel\\framework\\src\\Illuminate\\Database\\Connection.php:406)
[stacktrace]
#0 C:\\Users\\ADMIN\\Desktop\\K2\\projects\\4viewsSocial\\APIAdmin\\vendor\\laravel\\framework\\src\\Illuminate\\Database\\Connection.php(406): PDO->prepare('select `id`, `u...')
#1 C:\\Users\\ADMIN\\Desktop\\K2\\projects\\4viewsSocial\\APIAdmin\\vendor\\laravel\\framework\\src\\Illuminate\\Database\\Connection.php(811): Illuminate\\Database\\Connection->Illuminate\\Database\\{closure}('select `id`, `u...', Array)
#2 C:\\Users\\ADMIN\\Desktop\\K2\\projects\\4viewsSocial\\APIAdmin\\vendor\\laravel\\framework\\src\\Illuminate\\Database\\Connection.php(778): Illuminate\\Database\\Connection->runQueryCallback('select `id`, `u...', Array, Object(Closure))
#3 C:\\Users\\ADMIN\\Desktop\\K2\\projects\\4viewsSocial\\APIAdmin\\vendor\\laravel\\framework\\src\\Illuminate\\Database\\Connection.php(397): Illuminate\\Database\\Connection->run('select `id`, `u...', Array, Object(Closure))
#4 C:\\Users\\ADMIN\\Desktop\\K2\\projects\\4viewsSocial\\APIAdmin\\vendor\\laravel\\framework\\src\\Illuminate\\Database\\Query\\Builder.php(3188): Illuminate\\Database\\Connection->select('select `id`, `u...', Array, true)
#5 C:\\Users\\ADMIN\\Desktop\\K2\\projects\\4viewsSocial\\APIAdmin\\vendor\\laravel\\framework\\src\\Illuminate\\Database\\Query\\Builder.php(3173): Illuminate\\Database\\Query\\Builder->runSelect()
#6 C:\\Users\\ADMIN\\Desktop\\K2\\projects\\4viewsSocial\\APIAdmin\\vendor\\laravel\\framework\\src\\Illuminate\\Database\\Query\\Builder.php(3763): Illuminate\\Database\\Query\\Builder->Illuminate\\Database\\Query\\{closure}()
#7 C:\\Users\\ADMIN\\Desktop\\K2\\projects\\4viewsSocial\\APIAdmin\\vendor\\laravel\\framework\\src\\Illuminate\\Database\\Query\\Builder.php(3172): Illuminate\\Database\\Query\\Builder->onceWithColumns(Array, Object(Closure))
#8 C:\\Users\\ADMIN\\Desktop\\K2\\projects\\4viewsSocial\\APIAdmin\\vendor\\laravel\\framework\\src\\Illuminate\\Database\\Eloquent\\Builder.php(902): Illuminate\\Database\\Query\\Builder->get(Array)
#9 C:\\Users\\ADMIN\\Desktop\\K2\\projects\\4viewsSocial\\APIAdmin\\vendor\\laravel\\framework\\src\\Illuminate\\Database\\Eloquent\\Builder.php(884): Illuminate\\Database\\Eloquent\\Builder->getModels(Array)
#10 C:\\Users\\ADMIN\\Desktop\\K2\\projects\\4viewsSocial\\APIAdmin\\app\\Http\\Controllers\\UserController.php(44): Illuminate\\Database\\Eloquent\\Builder->get()
#11 C:\\Users\\ADMIN\\Desktop\\K2\\projects\\4viewsSocial\\APIAdmin\\vendor\\laravel\\framework\\src\\Illuminate\\Routing\\ControllerDispatcher.php(46): App\\Http\\Controllers\\UserController->listUsers(Object(Illuminate\\Http\\Request))
#12 C:\\Users\\ADMIN\\Desktop\\K2\\projects\\4viewsSocial\\APIAdmin\\vendor\\laravel\\framework\\src\\Illuminate\\Routing\\Route.php(265): Illuminate\\Routing\\ControllerDispatcher->dispatch(Object(Illuminate\\Routing\\Route), Object(App\\Http\\Controllers\\UserController), 'listUsers')
#13 C:\\Users\\ADMIN\\Desktop\\K2\\projects\\4viewsSocial\\APIAdmin\\vendor\\laravel\\framework\\src\\Illuminate\\Routing\\Route.php(211): Illuminate\\Routing\\Route->runController()
#14 C:\\Users\\ADMIN\\Desktop\\K2\\projects\\4viewsSocial\\APIAdmin\\vendor\\laravel\\framework\\src\\Illuminate\\Routing\\Router.php(822): Illuminate\\Routing\\Route->run()
#15 C:\\Users\\ADMIN\\Desktop\\K2\\projects\\4viewsSocial\\APIAdmin\\vendor\\laravel\\framework\\src\\Illuminate\\Pipeline\\Pipeline.php(180): Illuminate\\Routing\\Router->Illuminate\\Routing\\{closure}(Object(Illuminate\\Http\\Request))
#16 C:\\Users\\ADMIN\\Desktop\\K2\\projects\\4viewsSocial\\APIAdmin\\vendor\\laravel\\framework\\src\\Illuminate\\Routing\\Middleware\\SubstituteBindings.php(50): Illuminate\\Pipeline\\Pipeline->Illuminate\\Pipeline\\{closure}(Object(Illuminate\\Http\\Request))
#17 C:\\Users\\ADMIN\\Desktop\\K2\\projects\\4viewsSocial\\APIAdmin\\vendor\\laravel\\framework\\src\\Illuminate\\Pipeline\\Pipeline.php(219): Illuminate\\Routing\\Middleware\\SubstituteBindings->handle(Object(Illuminate\\Http\\Request), Object(Closure))
#18 C:\\Users\\ADMIN\\Desktop\\K2\\projects\\4viewsSocial\\APIAdmin\\vendor\\laravel\\framework\\src\\Illuminate\\Pipeline\\Pipeline.php(137): Illuminate\\Pipeline\\Pipeline->Illuminate\\Pipeline\\{closure}(Object(Illuminate\\Http\\Request))
#19 C:\\Users\\ADMIN\\Desktop\\K2\\projects\\4viewsSocial\\APIAdmin\\vendor\\laravel\\framework\\src\\Illuminate\\Routing\\Router.php(821): Illuminate\\Pipeline\\Pipeline->then(Object(Closure))
#20 C:\\Users\\ADMIN\\Desktop\\K2\\projects\\4viewsSocial\\APIAdmin\\vendor\\laravel\\framework\\src\\Illuminate\\Routing\\Router.php(800): Illuminate\\Routing\\Router->runRouteWithinStack(Object(Illuminate\\Routing\\Route), Object(Illuminate\\Http\\Request))
#21 C:\\Users\\ADMIN\\Desktop\\K2\\projects\\4viewsSocial\\APIAdmin\\vendor\\laravel\\framework\\src\\Illuminate\\Routing\\Router.php(764): Illuminate\\Routing\\Router->runRoute(Object(Illuminate\\Http\\Request), Object(Illuminate\\Routing\\Route))
#22 C:\\Users\\ADMIN\\Desktop\\K2\\projects\\4viewsSocial\\APIAdmin\\vendor\\laravel\\framework\\src\\Illuminate\\Routing\\Router.php(753): Illuminate\\Routing\\Router->dispatchToRoute(Object(Illuminate\\Http\\Request))
#23 C:\\Users\\ADMIN\\Desktop\\K2\\projects\\4viewsSocial\\APIAdmin\\vendor\\laravel\\framework\\src\\Illuminate\\Foundation\\Http\\Kernel.php(200): Illuminate\\Routing\\Router->dispatch(Object(Illuminate\\Http\\Request))
#24 C:\\Users\\ADMIN\\Desktop\\K2\\projects\\4viewsSocial\\APIAdmin\\vendor\\laravel\\framework\\src\\Illuminate\\Pipeline\\Pipeline.php(180): Illuminate\\Foundation\\Http\\Kernel->Illuminate\\Foundation\\Http\\{closure}(Object(Illuminate\\Http\\Request))
#25 C:\\Users\\ADMIN\\Desktop\\K2\\projects\\4viewsSocial\\APIAdmin\\vendor\\laravel\\framework\\src\\Illuminate\\Foundation\\Http\\Middleware\\TransformsRequest.php(21): Illuminate\\Pipeline\\Pipeline->Illuminate\\Pipeline\\{closure}(Object(Illuminate\\Http\\Request))
#26 C:\\Users\\ADMIN\\Desktop\\K2\\projects\\4viewsSocial\\APIAdmin\\vendor\\laravel\\framework\\src\\Illuminate\\Foundation\\Http\\Middleware\\ConvertEmptyStringsToNull.php(31): Illuminate\\Foundation\\Http\\Middleware\\TransformsRequest->handle(Object(Illuminate\\Http\\Request), Object(Closure))
#27 C:\\Users\\ADMIN\\Desktop\\K2\\projects\\4viewsSocial\\APIAdmin\\vendor\\laravel\\framework\\src\\Illuminate\\Pipeline\\Pipeline.php(219): Illuminate\\Foundation\\Http\\Middleware\\ConvertEmptyStringsToNull->handle(Object(Illuminate\\Http\\Request), Object(Closure))
#28 C:\\Users\\ADMIN\\Desktop\\K2\\projects\\4viewsSocial\\APIAdmin\\vendor\\laravel\\framework\\src\\Illuminate\\Foundation\\Http\\Middleware\\TransformsRequest.php(21): Illuminate\\Pipeline\\Pipeline->Illuminate\\Pipeline\\{closure}(Object(Illuminate\\Http\\Request))
#29 C:\\Users\\ADMIN\\Desktop\\K2\\projects\\4viewsSocial\\APIAdmin\\vendor\\laravel\\framework\\src\\Illuminate\\Foundation\\Http\\Middleware\\TrimStrings.php(51): Illuminate\\Foundation\\Http\\Middleware\\TransformsRequest->handle(Object(Illuminate\\Http\\Request), Object(Closure))
#30 C:\\Users\\ADMIN\\Desktop\\K2\\projects\\4viewsSocial\\APIAdmin\\vendor\\laravel\\framework\\src\\Illuminate\\Pipeline\\Pipeline.php(219): Illuminate\\Foundation\\Http\\Middleware\\TrimStrings->handle(Object(Illuminate\\Http\\Request), Object(Closure))
#31 C:\\Users\\ADMIN\\Desktop\\K2\\projects\\4viewsSocial\\APIAdmin\\vendor\\laravel\\framework\\src\\Illuminate\\Http\\Middleware\\ValidatePostSize.php(27): Illuminate\\Pipeline\\Pipeline->Illuminate\\Pipeline\\{closure}(Object(Illuminate\\Http\\Request))
#32 C:\\Users\\ADMIN\\Desktop\\K2\\projects\\4viewsSocial\\APIAdmin\\vendor\\laravel\\framework\\src\\Illuminate\\Pipeline\\Pipeline.php(219): Illuminate\\Http\\Middleware\\ValidatePostSize->handle(Object(Illuminate\\Http\\Request), Object(Closure))
#33 C:\\Users\\ADMIN\\Desktop\\K2\\projects\\4viewsSocial\\APIAdmin\\vendor\\laravel\\framework\\src\\Illuminate\\Foundation\\Http\\Middleware\\PreventRequestsDuringMaintenance.php(109): Illuminate\\Pipeline\\Pipeline->Illuminate\\Pipeline\\{closure}(Object(Illuminate\\Http\\Request))
#34 C:\\Users\\ADMIN\\Desktop\\K2\\projects\\4viewsSocial\\APIAdmin\\vendor\\laravel\\framework\\src\\Illuminate\\Pipeline\\Pipeline.php(219): Illuminate\\Foundation\\Http\\Middleware\\PreventRequestsDuringMaintenance->handle(Object(Illuminate\\Http\\Request), Object(Closure))
#35 C:\\Users\\ADMIN\\Desktop\\K2\\projects\\4viewsSocial\\APIAdmin\\vendor\\laravel\\framework\\src\\Illuminate\\Http\\Middleware\\HandleCors.php(61): Illuminate\\Pipeline\\Pipeline->Illuminate\\Pipeline\\{closure}(Object(Illuminate\\Http\\Request))
#36 C:\\Users\\ADMIN\\Desktop\\K2\\projects\\4viewsSocial\\APIAdmin\\vendor\\laravel\\framework\\src\\Illuminate\\Pipeline\\Pipeline.php(219): Illuminate\\Http\\Middleware\\HandleCors->handle(Object(Illuminate\\Http\\Request), Object(Closure))
#37 C:\\Users\\ADMIN\\Desktop\\K2\\projects\\4viewsSocial\\APIAdmin\\vendor\\laravel\\framework\\src\\Illuminate\\Http\\Middleware\\TrustProxies.php(58): Illuminate\\Pipeline\\Pipeline->Illuminate\\Pipeline\\{closure}(Object(Illuminate\\Http\\Request))
#38 C:\\Users\\ADMIN\\Desktop\\K2\\projects\\4viewsSocial\\APIAdmin\\vendor\\laravel\\framework\\src\\Illuminate\\Pipeline\\Pipeline.php(219): Illuminate\\Http\\Middleware\\TrustProxies->handle(Object(Illuminate\\Http\\Request), Object(Closure))
#39 C:\\Users\\ADMIN\\Desktop\\K2\\projects\\4viewsSocial\\APIAdmin\\vendor\\laravel\\framework\\src\\Illuminate\\Foundation\\Http\\Middleware\\InvokeDeferredCallbacks.php(22): Illuminate\\Pipeline\\Pipeline->Illuminate\\Pipeline\\{closure}(Object(Illuminate\\Http\\Request))
#40 C:\\Users\\ADMIN\\Desktop\\K2\\projects\\4viewsSocial\\APIAdmin\\vendor\\laravel\\framework\\src\\Illuminate\\Pipeline\\Pipeline.php(219): Illuminate\\Foundation\\Http\\Middleware\\InvokeDeferredCallbacks->handle(Object(Illuminate\\Http\\Request), Object(Closure))
#41 C:\\Users\\ADMIN\\Desktop\\K2\\projects\\4viewsSocial\\APIAdmin\\vendor\\laravel\\framework\\src\\Illuminate\\Http\\Middleware\\ValidatePathEncoding.php(26): Illuminate\\Pipeline\\Pipeline->Illuminate\\Pipeline\\{closure}(Object(Illuminate\\Http\\Request))
#42 C:\\Users\\ADMIN\\Desktop\\K2\\projects\\4viewsSocial\\APIAdmin\\vendor\\laravel\\framework\\src\\Illuminate\\Pipeline\\Pipeline.php(219): Illuminate\\Http\\Middleware\\ValidatePathEncoding->handle(Object(Illuminate\\Http\\Request), Object(Closure))
#43 C:\\Users\\ADMIN\\Desktop\\K2\\projects\\4viewsSocial\\APIAdmin\\vendor\\laravel\\framework\\src\\Illuminate\\Pipeline\\Pipeline.php(137): Illuminate\\Pipeline\\Pipeline->Illuminate\\Pipeline\\{closure}(Object(Illuminate\\Http\\Request))
#44 C:\\Users\\ADMIN\\Desktop\\K2\\projects\\4viewsSocial\\APIAdmin\\vendor\\laravel\\framework\\src\\Illuminate\\Foundation\\Http\\Kernel.php(175): Illuminate\\Pipeline\\Pipeline->then(Object(Closure))
#45 C:\\Users\\ADMIN\\Desktop\\K2\\projects\\4viewsSocial\\APIAdmin\\vendor\\laravel\\framework\\src\\Illuminate\\Foundation\\Http\\Kernel.php(144): Illuminate\\Foundation\\Http\\Kernel->sendRequestThroughRouter(Object(Illuminate\\Http\\Request))
#46 C:\\Users\\ADMIN\\Desktop\\K2\\projects\\4viewsSocial\\APIAdmin\\vendor\\laravel\\framework\\src\\Illuminate\\Foundation\\Application.php(1220): Illuminate\\Foundation\\Http\\Kernel->handle(Object(Illuminate\\Http\\Request))
#47 C:\\Users\\ADMIN\\Desktop\\K2\\projects\\4viewsSocial\\APIAdmin\\public\\index.php(20): Illuminate\\Foundation\\Application->handleRequest(Object(Illuminate\\Http\\Request))
#48 C:\\Users\\ADMIN\\Desktop\\K2\\projects\\4viewsSocial\\APIAdmin\\vendor\\laravel\\framework\\src\\Illuminate\\Foundation\\resources\\server.php(23): require_once('C:\\\\Users\\\\ADMIN\\\\...')
#49 {main}
"} 
[2025-12-27 05:04:11] local.ERROR: SQLSTATE[42S22]: Column not found: 1054 Unknown column 'gmail' in 'field list' (Connection: mysql, SQL: select `id`, `user_name`, `full_name`, `gmail`, `role`, `online_status`, `status` from `users` order by `id` desc) {"exception":"[object] (Illuminate\\Database\\QueryException(code: 42S22): SQLSTATE[42S22]: Column not found: 1054 Unknown column 'gmail' in 'field list' (Connection: mysql, SQL: select `id`, `user_name`, `full_name`, `gmail`, `role`, `online_status`, `status` from `users` order by `id` desc) at C:\\Users\\ADMIN\\Desktop\\K2\\projects\\4viewsSocial\\APIAdmin\\vendor\\laravel\\framework\\src\\Illuminate\\Database\\Connection.php:824)
[stacktrace]
#0 C:\\Users\\ADMIN\\Desktop\\K2\\projects\\4viewsSocial\\APIAdmin\\vendor\\laravel\\framework\\src\\Illuminate\\Database\\Connection.php(778): Illuminate\\Database\\Connection->runQueryCallback('select `id`, `u...', Array, Object(Closure))
#1 C:\\Users\\ADMIN\\Desktop\\K2\\projects\\4viewsSocial\\APIAdmin\\vendor\\laravel\\framework\\src\\Illuminate\\Database\\Connection.php(397): Illuminate\\Database\\Connection->run('select `id`, `u...', Array, Object(Closure))
#2 C:\\Users\\ADMIN\\Desktop\\K2\\projects\\4viewsSocial\\APIAdmin\\vendor\\laravel\\framework\\src\\Illuminate\\Database\\Query\\Builder.php(3188): Illuminate\\Database\\Connection->select('select `id`, `u...', Array, true)
#3 C:\\Users\\ADMIN\\Desktop\\K2\\projects\\4viewsSocial\\APIAdmin\\vendor\\laravel\\framework\\src\\Illuminate\\Database\\Query\\Builder.php(3173): Illuminate\\Database\\Query\\Builder->runSelect()
#4 C:\\Users\\ADMIN\\Desktop\\K2\\projects\\4viewsSocial\\APIAdmin\\vendor\\laravel\\framework\\src\\Illuminate\\Database\\Query\\Builder.php(3763): Illuminate\\Database\\Query\\Builder->Illuminate\\Database\\Query\\{closure}()
#5 C:\\Users\\ADMIN\\Desktop\\K2\\projects\\4viewsSocial\\APIAdmin\\vendor\\laravel\\framework\\src\\Illuminate\\Database\\Query\\Builder.php(3172): Illuminate\\Database\\Query\\Builder->onceWithColumns(Array, Object(Closure))
#6 C:\\Users\\ADMIN\\Desktop\\K2\\projects\\4viewsSocial\\APIAdmin\\vendor\\laravel\\framework\\src\\Illuminate\\Database\\Eloquent\\Builder.php(902): Illuminate\\Database\\Query\\Builder->get(Array)
#7 C:\\Users\\ADMIN\\Desktop\\K2\\projects\\4viewsSocial\\APIAdmin\\vendor\\laravel\\framework\\src\\Illuminate\\Database\\Eloquent\\Builder.php(884): Illuminate\\Database\\Eloquent\\Builder->getModels(Array)
#8 C:\\Users\\ADMIN\\Desktop\\K2\\projects\\4viewsSocial\\APIAdmin\\app\\Http\\Controllers\\UserController.php(44): Illuminate\\Database\\Eloquent\\Builder->get()
#9 C:\\Users\\ADMIN\\Desktop\\K2\\projects\\4viewsSocial\\APIAdmin\\vendor\\laravel\\framework\\src\\Illuminate\\Routing\\ControllerDispatcher.php(46): App\\Http\\Controllers\\UserController->listUsers(Object(Illuminate\\Http\\Request))
#10 C:\\Users\\ADMIN\\Desktop\\K2\\projects\\4viewsSocial\\APIAdmin\\vendor\\laravel\\framework\\src\\Illuminate\\Routing\\Route.php(265): Illuminate\\Routing\\ControllerDispatcher->dispatch(Object(Illuminate\\Routing\\Route), Object(App\\Http\\Controllers\\UserController), 'listUsers')
#11 C:\\Users\\ADMIN\\Desktop\\K2\\projects\\4viewsSocial\\APIAdmin\\vendor\\laravel\\framework\\src\\Illuminate\\Routing\\Route.php(211): Illuminate\\Routing\\Route->runController()
#12 C:\\Users\\ADMIN\\Desktop\\K2\\projects\\4viewsSocial\\APIAdmin\\vendor\\laravel\\framework\\src\\Illuminate\\Routing\\Router.php(822): Illuminate\\Routing\\Route->run()
#13 C:\\Users\\ADMIN\\Desktop\\K2\\projects\\4viewsSocial\\APIAdmin\\vendor\\laravel\\framework\\src\\Illuminate\\Pipeline\\Pipeline.php(180): Illuminate\\Routing\\Router->Illuminate\\Routing\\{closure}(Object(Illuminate\\Http\\Request))
#14 C:\\Users\\ADMIN\\Desktop\\K2\\projects\\4viewsSocial\\APIAdmin\\vendor\\laravel\\framework\\src\\Illuminate\\Routing\\Middleware\\SubstituteBindings.php(50): Illuminate\\Pipeline\\Pipeline->Illuminate\\Pipeline\\{closure}(Object(Illuminate\\Http\\Request))
#15 C:\\Users\\ADMIN\\Desktop\\K2\\projects\\4viewsSocial\\APIAdmin\\vendor\\laravel\\framework\\src\\Illuminate\\Pipeline\\Pipeline.php(219): Illuminate\\Routing\\Middleware\\SubstituteBindings->handle(Object(Illuminate\\Http\\Request), Object(Closure))
#16 C:\\Users\\ADMIN\\Desktop\\K2\\projects\\4viewsSocial\\APIAdmin\\vendor\\laravel\\framework\\src\\Illuminate\\Pipeline\\Pipeline.php(137): Illuminate\\Pipeline\\Pipeline->Illuminate\\Pipeline\\{closure}(Object(Illuminate\\Http\\Request))
#17 C:\\Users\\ADMIN\\Desktop\\K2\\projects\\4viewsSocial\\APIAdmin\\vendor\\laravel\\framework\\src\\Illuminate\\Routing\\Router.php(821): Illuminate\\Pipeline\\Pipeline->then(Object(Closure))
#18 C:\\Users\\ADMIN\\Desktop\\K2\\projects\\4viewsSocial\\APIAdmin\\vendor\\laravel\\framework\\src\\Illuminate\\Routing\\Router.php(800): Illuminate\\Routing\\Router->runRouteWithinStack(Object(Illuminate\\Routing\\Route), Object(Illuminate\\Http\\Request))
#19 C:\\Users\\ADMIN\\Desktop\\K2\\projects\\4viewsSocial\\APIAdmin\\vendor\\laravel\\framework\\src\\Illuminate\\Routing\\Router.php(764): Illuminate\\Routing\\Router->runRoute(Object(Illuminate\\Http\\Request), Object(Illuminate\\Routing\\Route))
#20 C:\\Users\\ADMIN\\Desktop\\K2\\projects\\4viewsSocial\\APIAdmin\\vendor\\laravel\\framework\\src\\Illuminate\\Routing\\Router.php(753): Illuminate\\Routing\\Router->dispatchToRoute(Object(Illuminate\\Http\\Request))
#21 C:\\Users\\ADMIN\\Desktop\\K2\\projects\\4viewsSocial\\APIAdmin\\vendor\\laravel\\framework\\src\\Illuminate\\Foundation\\Http\\Kernel.php(200): Illuminate\\Routing\\Router->dispatch(Object(Illuminate\\Http\\Request))
#22 C:\\Users\\ADMIN\\Desktop\\K2\\projects\\4viewsSocial\\APIAdmin\\vendor\\laravel\\framework\\src\\Illuminate\\Pipeline\\Pipeline.php(180): Illuminate\\Foundation\\Http\\Kernel->Illuminate\\Foundation\\Http\\{closure}(Object(Illuminate\\Http\\Request))
#23 C:\\Users\\ADMIN\\Desktop\\K2\\projects\\4viewsSocial\\APIAdmin\\vendor\\laravel\\framework\\src\\Illuminate\\Foundation\\Http\\Middleware\\TransformsRequest.php(21): Illuminate\\Pipeline\\Pipeline->Illuminate\\Pipeline\\{closure}(Object(Illuminate\\Http\\Request))
#24 C:\\Users\\ADMIN\\Desktop\\K2\\projects\\4viewsSocial\\APIAdmin\\vendor\\laravel\\framework\\src\\Illuminate\\Foundation\\Http\\Middleware\\ConvertEmptyStringsToNull.php(31): Illuminate\\Foundation\\Http\\Middleware\\TransformsRequest->handle(Object(Illuminate\\Http\\Request), Object(Closure))
#25 C:\\Users\\ADMIN\\Desktop\\K2\\projects\\4viewsSocial\\APIAdmin\\vendor\\laravel\\framework\\src\\Illuminate\\Pipeline\\Pipeline.php(219): Illuminate\\Foundation\\Http\\Middleware\\ConvertEmptyStringsToNull->handle(Object(Illuminate\\Http\\Request), Object(Closure))
#26 C:\\Users\\ADMIN\\Desktop\\K2\\projects\\4viewsSocial\\APIAdmin\\vendor\\laravel\\framework\\src\\Illuminate\\Foundation\\Http\\Middleware\\TransformsRequest.php(21): Illuminate\\Pipeline\\Pipeline->Illuminate\\Pipeline\\{closure}(Object(Illuminate\\Http\\Request))
#27 C:\\Users\\ADMIN\\Desktop\\K2\\projects\\4viewsSocial\\APIAdmin\\vendor\\laravel\\framework\\src\\Illuminate\\Foundation\\Http\\Middleware\\TrimStrings.php(51): Illuminate\\Foundation\\Http\\Middleware\\TransformsRequest->handle(Object(Illuminate\\Http\\Request), Object(Closure))
#28 C:\\Users\\ADMIN\\Desktop\\K2\\projects\\4viewsSocial\\APIAdmin\\vendor\\laravel\\framework\\src\\Illuminate\\Pipeline\\Pipeline.php(219): Illuminate\\Foundation\\Http\\Middleware\\TrimStrings->handle(Object(Illuminate\\Http\\Request), Object(Closure))
#29 C:\\Users\\ADMIN\\Desktop\\K2\\projects\\4viewsSocial\\APIAdmin\\vendor\\laravel\\framework\\src\\Illuminate\\Http\\Middleware\\ValidatePostSize.php(27): Illuminate\\Pipeline\\Pipeline->Illuminate\\Pipeline\\{closure}(Object(Illuminate\\Http\\Request))
#30 C:\\Users\\ADMIN\\Desktop\\K2\\projects\\4viewsSocial\\APIAdmin\\vendor\\laravel\\framework\\src\\Illuminate\\Pipeline\\Pipeline.php(219): Illuminate\\Http\\Middleware\\ValidatePostSize->handle(Object(Illuminate\\Http\\Request), Object(Closure))
#31 C:\\Users\\ADMIN\\Desktop\\K2\\projects\\4viewsSocial\\APIAdmin\\vendor\\laravel\\framework\\src\\Illuminate\\Foundation\\Http\\Middleware\\PreventRequestsDuringMaintenance.php(109): Illuminate\\Pipeline\\Pipeline->Illuminate\\Pipeline\\{closure}(Object(Illuminate\\Http\\Request))
#32 C:\\Users\\ADMIN\\Desktop\\K2\\projects\\4viewsSocial\\APIAdmin\\vendor\\laravel\\framework\\src\\Illuminate\\Pipeline\\Pipeline.php(219): Illuminate\\Foundation\\Http\\Middleware\\PreventRequestsDuringMaintenance->handle(Object(Illuminate\\Http\\Request), Object(Closure))
#33 C:\\Users\\ADMIN\\Desktop\\K2\\projects\\4viewsSocial\\APIAdmin\\vendor\\laravel\\framework\\src\\Illuminate\\Http\\Middleware\\HandleCors.php(61): Illuminate\\Pipeline\\Pipeline->Illuminate\\Pipeline\\{closure}(Object(Illuminate\\Http\\Request))
#34 C:\\Users\\ADMIN\\Desktop\\K2\\projects\\4viewsSocial\\APIAdmin\\vendor\\laravel\\framework\\src\\Illuminate\\Pipeline\\Pipeline.php(219): Illuminate\\Http\\Middleware\\HandleCors->handle(Object(Illuminate\\Http\\Request), Object(Closure))
#35 C:\\Users\\ADMIN\\Desktop\\K2\\projects\\4viewsSocial\\APIAdmin\\vendor\\laravel\\framework\\src\\Illuminate\\Http\\Middleware\\TrustProxies.php(58): Illuminate\\Pipeline\\Pipeline->Illuminate\\Pipeline\\{closure}(Object(Illuminate\\Http\\Request))
#36 C:\\Users\\ADMIN\\Desktop\\K2\\projects\\4viewsSocial\\APIAdmin\\vendor\\laravel\\framework\\src\\Illuminate\\Pipeline\\Pipeline.php(219): Illuminate\\Http\\Middleware\\TrustProxies->handle(Object(Illuminate\\Http\\Request), Object(Closure))
#37 C:\\Users\\ADMIN\\Desktop\\K2\\projects\\4viewsSocial\\APIAdmin\\vendor\\laravel\\framework\\src\\Illuminate\\Foundation\\Http\\Middleware\\InvokeDeferredCallbacks.php(22): Illuminate\\Pipeline\\Pipeline->Illuminate\\Pipeline\\{closure}(Object(Illuminate\\Http\\Request))
#38 C:\\Users\\ADMIN\\Desktop\\K2\\projects\\4viewsSocial\\APIAdmin\\vendor\\laravel\\framework\\src\\Illuminate\\Pipeline\\Pipeline.php(219): Illuminate\\Foundation\\Http\\Middleware\\InvokeDeferredCallbacks->handle(Object(Illuminate\\Http\\Request), Object(Closure))
#39 C:\\Users\\ADMIN\\Desktop\\K2\\projects\\4viewsSocial\\APIAdmin\\vendor\\laravel\\framework\\src\\Illuminate\\Http\\Middleware\\ValidatePathEncoding.php(26): Illuminate\\Pipeline\\Pipeline->Illuminate\\Pipeline\\{closure}(Object(Illuminate\\Http\\Request))
#40 C:\\Users\\ADMIN\\Desktop\\K2\\projects\\4viewsSocial\\APIAdmin\\vendor\\laravel\\framework\\src\\Illuminate\\Pipeline\\Pipeline.php(219): Illuminate\\Http\\Middleware\\ValidatePathEncoding->handle(Object(Illuminate\\Http\\Request), Object(Closure))
#41 C:\\Users\\ADMIN\\Desktop\\K2\\projects\\4viewsSocial\\APIAdmin\\vendor\\laravel\\framework\\src\\Illuminate\\Pipeline\\Pipeline.php(137): Illuminate\\Pipeline\\Pipeline->Illuminate\\Pipeline\\{closure}(Object(Illuminate\\Http\\Request))
#42 C:\\Users\\ADMIN\\Desktop\\K2\\projects\\4viewsSocial\\APIAdmin\\vendor\\laravel\\framework\\src\\Illuminate\\Foundation\\Http\\Kernel.php(175): Illuminate\\Pipeline\\Pipeline->then(Object(Closure))
#43 C:\\Users\\ADMIN\\Desktop\\K2\\projects\\4viewsSocial\\APIAdmin\\vendor\\laravel\\framework\\src\\Illuminate\\Foundation\\Http\\Kernel.php(144): Illuminate\\Foundation\\Http\\Kernel->sendRequestThroughRouter(Object(Illuminate\\Http\\Request))
#44 C:\\Users\\ADMIN\\Desktop\\K2\\projects\\4viewsSocial\\APIAdmin\\vendor\\laravel\\framework\\src\\Illuminate\\Foundation\\Application.php(1220): Illuminate\\Foundation\\Http\\Kernel->handle(Object(Illuminate\\Http\\Request))
#45 C:\\Users\\ADMIN\\Desktop\\K2\\projects\\4viewsSocial\\APIAdmin\\public\\index.php(20): Illuminate\\Foundation\\Application->handleRequest(Object(Illuminate\\Http\\Request))
#46 C:\\Users\\ADMIN\\Desktop\\K2\\projects\\4viewsSocial\\APIAdmin\\vendor\\laravel\\framework\\src\\Illuminate\\Foundation\\resources\\server.php(23): require_once('C:\\\\Users\\\\ADMIN\\\\...')
#47 {main}

[previous exception] [object] (PDOException(code: 42S22): SQLSTATE[42S22]: Column not found: 1054 Unknown column 'gmail' in 'field list' at C:\\Users\\ADMIN\\Desktop\\K2\\projects\\4viewsSocial\\APIAdmin\\vendor\\laravel\\framework\\src\\Illuminate\\Database\\Connection.php:406)
[stacktrace]
#0 C:\\Users\\ADMIN\\Desktop\\K2\\projects\\4viewsSocial\\APIAdmin\\vendor\\laravel\\framework\\src\\Illuminate\\Database\\Connection.php(406): PDO->prepare('select `id`, `u...')
#1 C:\\Users\\ADMIN\\Desktop\\K2\\projects\\4viewsSocial\\APIAdmin\\vendor\\laravel\\framework\\src\\Illuminate\\Database\\Connection.php(811): Illuminate\\Database\\Connection->Illuminate\\Database\\{closure}('select `id`, `u...', Array)
#2 C:\\Users\\ADMIN\\Desktop\\K2\\projects\\4viewsSocial\\APIAdmin\\vendor\\laravel\\framework\\src\\Illuminate\\Database\\Connection.php(778): Illuminate\\Database\\Connection->runQueryCallback('select `id`, `u...', Array, Object(Closure))
#3 C:\\Users\\ADMIN\\Desktop\\K2\\projects\\4viewsSocial\\APIAdmin\\vendor\\laravel\\framework\\src\\Illuminate\\Database\\Connection.php(397): Illuminate\\Database\\Connection->run('select `id`, `u...', Array, Object(Closure))
#4 C:\\Users\\ADMIN\\Desktop\\K2\\projects\\4viewsSocial\\APIAdmin\\vendor\\laravel\\framework\\src\\Illuminate\\Database\\Query\\Builder.php(3188): Illuminate\\Database\\Connection->select('select `id`, `u...', Array, true)
#5 C:\\Users\\ADMIN\\Desktop\\K2\\projects\\4viewsSocial\\APIAdmin\\vendor\\laravel\\framework\\src\\Illuminate\\Database\\Query\\Builder.php(3173): Illuminate\\Database\\Query\\Builder->runSelect()
#6 C:\\Users\\ADMIN\\Desktop\\K2\\projects\\4viewsSocial\\APIAdmin\\vendor\\laravel\\framework\\src\\Illuminate\\Database\\Query\\Builder.php(3763): Illuminate\\Database\\Query\\Builder->Illuminate\\Database\\Query\\{closure}()
#7 C:\\Users\\ADMIN\\Desktop\\K2\\projects\\4viewsSocial\\APIAdmin\\vendor\\laravel\\framework\\src\\Illuminate\\Database\\Query\\Builder.php(3172): Illuminate\\Database\\Query\\Builder->onceWithColumns(Array, Object(Closure))
#8 C:\\Users\\ADMIN\\Desktop\\K2\\projects\\4viewsSocial\\APIAdmin\\vendor\\laravel\\framework\\src\\Illuminate\\Database\\Eloquent\\Builder.php(902): Illuminate\\Database\\Query\\Builder->get(Array)
#9 C:\\Users\\ADMIN\\Desktop\\K2\\projects\\4viewsSocial\\APIAdmin\\vendor\\laravel\\framework\\src\\Illuminate\\Database\\Eloquent\\Builder.php(884): Illuminate\\Database\\Eloquent\\Builder->getModels(Array)
#10 C:\\Users\\ADMIN\\Desktop\\K2\\projects\\4viewsSocial\\APIAdmin\\app\\Http\\Controllers\\UserController.php(44): Illuminate\\Database\\Eloquent\\Builder->get()
#11 C:\\Users\\ADMIN\\Desktop\\K2\\projects\\4viewsSocial\\APIAdmin\\vendor\\laravel\\framework\\src\\Illuminate\\Routing\\ControllerDispatcher.php(46): App\\Http\\Controllers\\UserController->listUsers(Object(Illuminate\\Http\\Request))
#12 C:\\Users\\ADMIN\\Desktop\\K2\\projects\\4viewsSocial\\APIAdmin\\vendor\\laravel\\framework\\src\\Illuminate\\Routing\\Route.php(265): Illuminate\\Routing\\ControllerDispatcher->dispatch(Object(Illuminate\\Routing\\Route), Object(App\\Http\\Controllers\\UserController), 'listUsers')
#13 C:\\Users\\ADMIN\\Desktop\\K2\\projects\\4viewsSocial\\APIAdmin\\vendor\\laravel\\framework\\src\\Illuminate\\Routing\\Route.php(211): Illuminate\\Routing\\Route->runController()
#14 C:\\Users\\ADMIN\\Desktop\\K2\\projects\\4viewsSocial\\APIAdmin\\vendor\\laravel\\framework\\src\\Illuminate\\Routing\\Router.php(822): Illuminate\\Routing\\Route->run()
#15 C:\\Users\\ADMIN\\Desktop\\K2\\projects\\4viewsSocial\\APIAdmin\\vendor\\laravel\\framework\\src\\Illuminate\\Pipeline\\Pipeline.php(180): Illuminate\\Routing\\Router->Illuminate\\Routing\\{closure}(Object(Illuminate\\Http\\Request))
#16 C:\\Users\\ADMIN\\Desktop\\K2\\projects\\4viewsSocial\\APIAdmin\\vendor\\laravel\\framework\\src\\Illuminate\\Routing\\Middleware\\SubstituteBindings.php(50): Illuminate\\Pipeline\\Pipeline->Illuminate\\Pipeline\\{closure}(Object(Illuminate\\Http\\Request))
#17 C:\\Users\\ADMIN\\Desktop\\K2\\projects\\4viewsSocial\\APIAdmin\\vendor\\laravel\\framework\\src\\Illuminate\\Pipeline\\Pipeline.php(219): Illuminate\\Routing\\Middleware\\SubstituteBindings->handle(Object(Illuminate\\Http\\Request), Object(Closure))
#18 C:\\Users\\ADMIN\\Desktop\\K2\\projects\\4viewsSocial\\APIAdmin\\vendor\\laravel\\framework\\src\\Illuminate\\Pipeline\\Pipeline.php(137): Illuminate\\Pipeline\\Pipeline->Illuminate\\Pipeline\\{closure}(Object(Illuminate\\Http\\Request))
#19 C:\\Users\\ADMIN\\Desktop\\K2\\projects\\4viewsSocial\\APIAdmin\\vendor\\laravel\\framework\\src\\Illuminate\\Routing\\Router.php(821): Illuminate\\Pipeline\\Pipeline->then(Object(Closure))
#20 C:\\Users\\ADMIN\\Desktop\\K2\\projects\\4viewsSocial\\APIAdmin\\vendor\\laravel\\framework\\src\\Illuminate\\Routing\\Router.php(800): Illuminate\\Routing\\Router->runRouteWithinStack(Object(Illuminate\\Routing\\Route), Object(Illuminate\\Http\\Request))
#21 C:\\Users\\ADMIN\\Desktop\\K2\\projects\\4viewsSocial\\APIAdmin\\vendor\\laravel\\framework\\src\\Illuminate\\Routing\\Router.php(764): Illuminate\\Routing\\Router->runRoute(Object(Illuminate\\Http\\Request), Object(Illuminate\\Routing\\Route))
#22 C:\\Users\\ADMIN\\Desktop\\K2\\projects\\4viewsSocial\\APIAdmin\\vendor\\laravel\\framework\\src\\Illuminate\\Routing\\Router.php(753): Illuminate\\Routing\\Router->dispatchToRoute(Object(Illuminate\\Http\\Request))
#23 C:\\Users\\ADMIN\\Desktop\\K2\\projects\\4viewsSocial\\APIAdmin\\vendor\\laravel\\framework\\src\\Illuminate\\Foundation\\Http\\Kernel.php(200): Illuminate\\Routing\\Router->dispatch(Object(Illuminate\\Http\\Request))
#24 C:\\Users\\ADMIN\\Desktop\\K2\\projects\\4viewsSocial\\APIAdmin\\vendor\\laravel\\framework\\src\\Illuminate\\Pipeline\\Pipeline.php(180): Illuminate\\Foundation\\Http\\Kernel->Illuminate\\Foundation\\Http\\{closure}(Object(Illuminate\\Http\\Request))
#25 C:\\Users\\ADMIN\\Desktop\\K2\\projects\\4viewsSocial\\APIAdmin\\vendor\\laravel\\framework\\src\\Illuminate\\Foundation\\Http\\Middleware\\TransformsRequest.php(21): Illuminate\\Pipeline\\Pipeline->Illuminate\\Pipeline\\{closure}(Object(Illuminate\\Http\\Request))
#26 C:\\Users\\ADMIN\\Desktop\\K2\\projects\\4viewsSocial\\APIAdmin\\vendor\\laravel\\framework\\src\\Illuminate\\Foundation\\Http\\Middleware\\ConvertEmptyStringsToNull.php(31): Illuminate\\Foundation\\Http\\Middleware\\TransformsRequest->handle(Object(Illuminate\\Http\\Request), Object(Closure))
#27 C:\\Users\\ADMIN\\Desktop\\K2\\projects\\4viewsSocial\\APIAdmin\\vendor\\laravel\\framework\\src\\Illuminate\\Pipeline\\Pipeline.php(219): Illuminate\\Foundation\\Http\\Middleware\\ConvertEmptyStringsToNull->handle(Object(Illuminate\\Http\\Request), Object(Closure))
#28 C:\\Users\\ADMIN\\Desktop\\K2\\projects\\4viewsSocial\\APIAdmin\\vendor\\laravel\\framework\\src\\Illuminate\\Foundation\\Http\\Middleware\\TransformsRequest.php(21): Illuminate\\Pipeline\\Pipeline->Illuminate\\Pipeline\\{closure}(Object(Illuminate\\Http\\Request))
#29 C:\\Users\\ADMIN\\Desktop\\K2\\projects\\4viewsSocial\\APIAdmin\\vendor\\laravel\\framework\\src\\Illuminate\\Foundation\\Http\\Middleware\\TrimStrings.php(51): Illuminate\\Foundation\\Http\\Middleware\\TransformsRequest->handle(Object(Illuminate\\Http\\Request), Object(Closure))
#30 C:\\Users\\ADMIN\\Desktop\\K2\\projects\\4viewsSocial\\APIAdmin\\vendor\\laravel\\framework\\src\\Illuminate\\Pipeline\\Pipeline.php(219): Illuminate\\Foundation\\Http\\Middleware\\TrimStrings->handle(Object(Illuminate\\Http\\Request), Object(Closure))
#31 C:\\Users\\ADMIN\\Desktop\\K2\\projects\\4viewsSocial\\APIAdmin\\vendor\\laravel\\framework\\src\\Illuminate\\Http\\Middleware\\ValidatePostSize.php(27): Illuminate\\Pipeline\\Pipeline->Illuminate\\Pipeline\\{closure}(Object(Illuminate\\Http\\Request))
#32 C:\\Users\\ADMIN\\Desktop\\K2\\projects\\4viewsSocial\\APIAdmin\\vendor\\laravel\\framework\\src\\Illuminate\\Pipeline\\Pipeline.php(219): Illuminate\\Http\\Middleware\\ValidatePostSize->handle(Object(Illuminate\\Http\\Request), Object(Closure))
#33 C:\\Users\\ADMIN\\Desktop\\K2\\projects\\4viewsSocial\\APIAdmin\\vendor\\laravel\\framework\\src\\Illuminate\\Foundation\\Http\\Middleware\\PreventRequestsDuringMaintenance.php(109): Illuminate\\Pipeline\\Pipeline->Illuminate\\Pipeline\\{closure}(Object(Illuminate\\Http\\Request))
#34 C:\\Users\\ADMIN\\Desktop\\K2\\projects\\4viewsSocial\\APIAdmin\\vendor\\laravel\\framework\\src\\Illuminate\\Pipeline\\Pipeline.php(219): Illuminate\\Foundation\\Http\\Middleware\\PreventRequestsDuringMaintenance->handle(Object(Illuminate\\Http\\Request), Object(Closure))
#35 C:\\Users\\ADMIN\\Desktop\\K2\\projects\\4viewsSocial\\APIAdmin\\vendor\\laravel\\framework\\src\\Illuminate\\Http\\Middleware\\HandleCors.php(61): Illuminate\\Pipeline\\Pipeline->Illuminate\\Pipeline\\{closure}(Object(Illuminate\\Http\\Request))
#36 C:\\Users\\ADMIN\\Desktop\\K2\\projects\\4viewsSocial\\APIAdmin\\vendor\\laravel\\framework\\src\\Illuminate\\Pipeline\\Pipeline.php(219): Illuminate\\Http\\Middleware\\HandleCors->handle(Object(Illuminate\\Http\\Request), Object(Closure))
#37 C:\\Users\\ADMIN\\Desktop\\K2\\projects\\4viewsSocial\\APIAdmin\\vendor\\laravel\\framework\\src\\Illuminate\\Http\\Middleware\\TrustProxies.php(58): Illuminate\\Pipeline\\Pipeline->Illuminate\\Pipeline\\{closure}(Object(Illuminate\\Http\\Request))
#38 C:\\Users\\ADMIN\\Desktop\\K2\\projects\\4viewsSocial\\APIAdmin\\vendor\\laravel\\framework\\src\\Illuminate\\Pipeline\\Pipeline.php(219): Illuminate\\Http\\Middleware\\TrustProxies->handle(Object(Illuminate\\Http\\Request), Object(Closure))
#39 C:\\Users\\ADMIN\\Desktop\\K2\\projects\\4viewsSocial\\APIAdmin\\vendor\\laravel\\framework\\src\\Illuminate\\Foundation\\Http\\Middleware\\InvokeDeferredCallbacks.php(22): Illuminate\\Pipeline\\Pipeline->Illuminate\\Pipeline\\{closure}(Object(Illuminate\\Http\\Request))
#40 C:\\Users\\ADMIN\\Desktop\\K2\\projects\\4viewsSocial\\APIAdmin\\vendor\\laravel\\framework\\src\\Illuminate\\Pipeline\\Pipeline.php(219): Illuminate\\Foundation\\Http\\Middleware\\InvokeDeferredCallbacks->handle(Object(Illuminate\\Http\\Request), Object(Closure))
#41 C:\\Users\\ADMIN\\Desktop\\K2\\projects\\4viewsSocial\\APIAdmin\\vendor\\laravel\\framework\\src\\Illuminate\\Http\\Middleware\\ValidatePathEncoding.php(26): Illuminate\\Pipeline\\Pipeline->Illuminate\\Pipeline\\{closure}(Object(Illuminate\\Http\\Request))
#42 C:\\Users\\ADMIN\\Desktop\\K2\\projects\\4viewsSocial\\APIAdmin\\vendor\\laravel\\framework\\src\\Illuminate\\Pipeline\\Pipeline.php(219): Illuminate\\Http\\Middleware\\ValidatePathEncoding->handle(Object(Illuminate\\Http\\Request), Object(Closure))
#43 C:\\Users\\ADMIN\\Desktop\\K2\\projects\\4viewsSocial\\APIAdmin\\vendor\\laravel\\framework\\src\\Illuminate\\Pipeline\\Pipeline.php(137): Illuminate\\Pipeline\\Pipeline->Illuminate\\Pipeline\\{closure}(Object(Illuminate\\Http\\Request))
#44 C:\\Users\\ADMIN\\Desktop\\K2\\projects\\4viewsSocial\\APIAdmin\\vendor\\laravel\\framework\\src\\Illuminate\\Foundation\\Http\\Kernel.php(175): Illuminate\\Pipeline\\Pipeline->then(Object(Closure))
#45 C:\\Users\\ADMIN\\Desktop\\K2\\projects\\4viewsSocial\\APIAdmin\\vendor\\laravel\\framework\\src\\Illuminate\\Foundation\\Http\\Kernel.php(144): Illuminate\\Foundation\\Http\\Kernel->sendRequestThroughRouter(Object(Illuminate\\Http\\Request))
#46 C:\\Users\\ADMIN\\Desktop\\K2\\projects\\4viewsSocial\\APIAdmin\\vendor\\laravel\\framework\\src\\Illuminate\\Foundation\\Application.php(1220): Illuminate\\Foundation\\Http\\Kernel->handle(Object(Illuminate\\Http\\Request))
#47 C:\\Users\\ADMIN\\Desktop\\K2\\projects\\4viewsSocial\\APIAdmin\\public\\index.php(20): Illuminate\\Foundation\\Application->handleRequest(Object(Illuminate\\Http\\Request))
#48 C:\\Users\\ADMIN\\Desktop\\K2\\projects\\4viewsSocial\\APIAdmin\\vendor\\laravel\\framework\\src\\Illuminate\\Foundation\\resources\\server.php(23): require_once('C:\\\\Users\\\\ADMIN\\\\...')
#49 {main}
"} 
[2025-12-27 05:04:12] local.ERROR: SQLSTATE[42S22]: Column not found: 1054 Unknown column 'gmail' in 'field list' (Connection: mysql, SQL: select `id`, `user_name`, `full_name`, `gmail`, `role`, `online_status`, `status` from `users` order by `id` desc) {"exception":"[object] (Illuminate\\Database\\QueryException(code: 42S22): SQLSTATE[42S22]: Column not found: 1054 Unknown column 'gmail' in 'field list' (Connection: mysql, SQL: select `id`, `user_name`, `full_name`, `gmail`, `role`, `online_status`, `status` from `users` order by `id` desc) at C:\\Users\\ADMIN\\Desktop\\K2\\projects\\4viewsSocial\\APIAdmin\\vendor\\laravel\\framework\\src\\Illuminate\\Database\\Connection.php:824)
[stacktrace]
#0 C:\\Users\\ADMIN\\Desktop\\K2\\projects\\4viewsSocial\\APIAdmin\\vendor\\laravel\\framework\\src\\Illuminate\\Database\\Connection.php(778): Illuminate\\Database\\Connection->runQueryCallback('select `id`, `u...', Array, Object(Closure))
#1 C:\\Users\\ADMIN\\Desktop\\K2\\projects\\4viewsSocial\\APIAdmin\\vendor\\laravel\\framework\\src\\Illuminate\\Database\\Connection.php(397): Illuminate\\Database\\Connection->run('select `id`, `u...', Array, Object(Closure))
#2 C:\\Users\\ADMIN\\Desktop\\K2\\projects\\4viewsSocial\\APIAdmin\\vendor\\laravel\\framework\\src\\Illuminate\\Database\\Query\\Builder.php(3188): Illuminate\\Database\\Connection->select('select `id`, `u...', Array, true)
#3 C:\\Users\\ADMIN\\Desktop\\K2\\projects\\4viewsSocial\\APIAdmin\\vendor\\laravel\\framework\\src\\Illuminate\\Database\\Query\\Builder.php(3173): Illuminate\\Database\\Query\\Builder->runSelect()
#4 C:\\Users\\ADMIN\\Desktop\\K2\\projects\\4viewsSocial\\APIAdmin\\vendor\\laravel\\framework\\src\\Illuminate\\Database\\Query\\Builder.php(3763): Illuminate\\Database\\Query\\Builder->Illuminate\\Database\\Query\\{closure}()
#5 C:\\Users\\ADMIN\\Desktop\\K2\\projects\\4viewsSocial\\APIAdmin\\vendor\\laravel\\framework\\src\\Illuminate\\Database\\Query\\Builder.php(3172): Illuminate\\Database\\Query\\Builder->onceWithColumns(Array, Object(Closure))
#6 C:\\Users\\ADMIN\\Desktop\\K2\\projects\\4viewsSocial\\APIAdmin\\vendor\\laravel\\framework\\src\\Illuminate\\Database\\Eloquent\\Builder.php(902): Illuminate\\Database\\Query\\Builder->get(Array)
#7 C:\\Users\\ADMIN\\Desktop\\K2\\projects\\4viewsSocial\\APIAdmin\\vendor\\laravel\\framework\\src\\Illuminate\\Database\\Eloquent\\Builder.php(884): Illuminate\\Database\\Eloquent\\Builder->getModels(Array)
#8 C:\\Users\\ADMIN\\Desktop\\K2\\projects\\4viewsSocial\\APIAdmin\\app\\Http\\Controllers\\UserController.php(44): Illuminate\\Database\\Eloquent\\Builder->get()
#9 C:\\Users\\ADMIN\\Desktop\\K2\\projects\\4viewsSocial\\APIAdmin\\vendor\\laravel\\framework\\src\\Illuminate\\Routing\\ControllerDispatcher.php(46): App\\Http\\Controllers\\UserController->listUsers(Object(Illuminate\\Http\\Request))
#10 C:\\Users\\ADMIN\\Desktop\\K2\\projects\\4viewsSocial\\APIAdmin\\vendor\\laravel\\framework\\src\\Illuminate\\Routing\\Route.php(265): Illuminate\\Routing\\ControllerDispatcher->dispatch(Object(Illuminate\\Routing\\Route), Object(App\\Http\\Controllers\\UserController), 'listUsers')
#11 C:\\Users\\ADMIN\\Desktop\\K2\\projects\\4viewsSocial\\APIAdmin\\vendor\\laravel\\framework\\src\\Illuminate\\Routing\\Route.php(211): Illuminate\\Routing\\Route->runController()
#12 C:\\Users\\ADMIN\\Desktop\\K2\\projects\\4viewsSocial\\APIAdmin\\vendor\\laravel\\framework\\src\\Illuminate\\Routing\\Router.php(822): Illuminate\\Routing\\Route->run()
#13 C:\\Users\\ADMIN\\Desktop\\K2\\projects\\4viewsSocial\\APIAdmin\\vendor\\laravel\\framework\\src\\Illuminate\\Pipeline\\Pipeline.php(180): Illuminate\\Routing\\Router->Illuminate\\Routing\\{closure}(Object(Illuminate\\Http\\Request))
#14 C:\\Users\\ADMIN\\Desktop\\K2\\projects\\4viewsSocial\\APIAdmin\\vendor\\laravel\\framework\\src\\Illuminate\\Routing\\Middleware\\SubstituteBindings.php(50): Illuminate\\Pipeline\\Pipeline->Illuminate\\Pipeline\\{closure}(Object(Illuminate\\Http\\Request))
#15 C:\\Users\\ADMIN\\Desktop\\K2\\projects\\4viewsSocial\\APIAdmin\\vendor\\laravel\\framework\\src\\Illuminate\\Pipeline\\Pipeline.php(219): Illuminate\\Routing\\Middleware\\SubstituteBindings->handle(Object(Illuminate\\Http\\Request), Object(Closure))
#16 C:\\Users\\ADMIN\\Desktop\\K2\\projects\\4viewsSocial\\APIAdmin\\vendor\\laravel\\framework\\src\\Illuminate\\Pipeline\\Pipeline.php(137): Illuminate\\Pipeline\\Pipeline->Illuminate\\Pipeline\\{closure}(Object(Illuminate\\Http\\Request))
#17 C:\\Users\\ADMIN\\Desktop\\K2\\projects\\4viewsSocial\\APIAdmin\\vendor\\laravel\\framework\\src\\Illuminate\\Routing\\Router.php(821): Illuminate\\Pipeline\\Pipeline->then(Object(Closure))
#18 C:\\Users\\ADMIN\\Desktop\\K2\\projects\\4viewsSocial\\APIAdmin\\vendor\\laravel\\framework\\src\\Illuminate\\Routing\\Router.php(800): Illuminate\\Routing\\Router->runRouteWithinStack(Object(Illuminate\\Routing\\Route), Object(Illuminate\\Http\\Request))
#19 C:\\Users\\ADMIN\\Desktop\\K2\\projects\\4viewsSocial\\APIAdmin\\vendor\\laravel\\framework\\src\\Illuminate\\Routing\\Router.php(764): Illuminate\\Routing\\Router->runRoute(Object(Illuminate\\Http\\Request), Object(Illuminate\\Routing\\Route))
#20 C:\\Users\\ADMIN\\Desktop\\K2\\projects\\4viewsSocial\\APIAdmin\\vendor\\laravel\\framework\\src\\Illuminate\\Routing\\Router.php(753): Illuminate\\Routing\\Router->dispatchToRoute(Object(Illuminate\\Http\\Request))
#21 C:\\Users\\ADMIN\\Desktop\\K2\\projects\\4viewsSocial\\APIAdmin\\vendor\\laravel\\framework\\src\\Illuminate\\Foundation\\Http\\Kernel.php(200): Illuminate\\Routing\\Router->dispatch(Object(Illuminate\\Http\\Request))
#22 C:\\Users\\ADMIN\\Desktop\\K2\\projects\\4viewsSocial\\APIAdmin\\vendor\\laravel\\framework\\src\\Illuminate\\Pipeline\\Pipeline.php(180): Illuminate\\Foundation\\Http\\Kernel->Illuminate\\Foundation\\Http\\{closure}(Object(Illuminate\\Http\\Request))
#23 C:\\Users\\ADMIN\\Desktop\\K2\\projects\\4viewsSocial\\APIAdmin\\vendor\\laravel\\framework\\src\\Illuminate\\Foundation\\Http\\Middleware\\TransformsRequest.php(21): Illuminate\\Pipeline\\Pipeline->Illuminate\\Pipeline\\{closure}(Object(Illuminate\\Http\\Request))
#24 C:\\Users\\ADMIN\\Desktop\\K2\\projects\\4viewsSocial\\APIAdmin\\vendor\\laravel\\framework\\src\\Illuminate\\Foundation\\Http\\Middleware\\ConvertEmptyStringsToNull.php(31): Illuminate\\Foundation\\Http\\Middleware\\TransformsRequest->handle(Object(Illuminate\\Http\\Request), Object(Closure))
#25 C:\\Users\\ADMIN\\Desktop\\K2\\projects\\4viewsSocial\\APIAdmin\\vendor\\laravel\\framework\\src\\Illuminate\\Pipeline\\Pipeline.php(219): Illuminate\\Foundation\\Http\\Middleware\\ConvertEmptyStringsToNull->handle(Object(Illuminate\\Http\\Request), Object(Closure))
#26 C:\\Users\\ADMIN\\Desktop\\K2\\projects\\4viewsSocial\\APIAdmin\\vendor\\laravel\\framework\\src\\Illuminate\\Foundation\\Http\\Middleware\\TransformsRequest.php(21): Illuminate\\Pipeline\\Pipeline->Illuminate\\Pipeline\\{closure}(Object(Illuminate\\Http\\Request))
#27 C:\\Users\\ADMIN\\Desktop\\K2\\projects\\4viewsSocial\\APIAdmin\\vendor\\laravel\\framework\\src\\Illuminate\\Foundation\\Http\\Middleware\\TrimStrings.php(51): Illuminate\\Foundation\\Http\\Middleware\\TransformsRequest->handle(Object(Illuminate\\Http\\Request), Object(Closure))
#28 C:\\Users\\ADMIN\\Desktop\\K2\\projects\\4viewsSocial\\APIAdmin\\vendor\\laravel\\framework\\src\\Illuminate\\Pipeline\\Pipeline.php(219): Illuminate\\Foundation\\Http\\Middleware\\TrimStrings->handle(Object(Illuminate\\Http\\Request), Object(Closure))
#29 C:\\Users\\ADMIN\\Desktop\\K2\\projects\\4viewsSocial\\APIAdmin\\vendor\\laravel\\framework\\src\\Illuminate\\Http\\Middleware\\ValidatePostSize.php(27): Illuminate\\Pipeline\\Pipeline->Illuminate\\Pipeline\\{closure}(Object(Illuminate\\Http\\Request))
#30 C:\\Users\\ADMIN\\Desktop\\K2\\projects\\4viewsSocial\\APIAdmin\\vendor\\laravel\\framework\\src\\Illuminate\\Pipeline\\Pipeline.php(219): Illuminate\\Http\\Middleware\\ValidatePostSize->handle(Object(Illuminate\\Http\\Request), Object(Closure))
#31 C:\\Users\\ADMIN\\Desktop\\K2\\projects\\4viewsSocial\\APIAdmin\\vendor\\laravel\\framework\\src\\Illuminate\\Foundation\\Http\\Middleware\\PreventRequestsDuringMaintenance.php(109): Illuminate\\Pipeline\\Pipeline->Illuminate\\Pipeline\\{closure}(Object(Illuminate\\Http\\Request))
#32 C:\\Users\\ADMIN\\Desktop\\K2\\projects\\4viewsSocial\\APIAdmin\\vendor\\laravel\\framework\\src\\Illuminate\\Pipeline\\Pipeline.php(219): Illuminate\\Foundation\\Http\\Middleware\\PreventRequestsDuringMaintenance->handle(Object(Illuminate\\Http\\Request), Object(Closure))
#33 C:\\Users\\ADMIN\\Desktop\\K2\\projects\\4viewsSocial\\APIAdmin\\vendor\\laravel\\framework\\src\\Illuminate\\Http\\Middleware\\HandleCors.php(61): Illuminate\\Pipeline\\Pipeline->Illuminate\\Pipeline\\{closure}(Object(Illuminate\\Http\\Request))
#34 C:\\Users\\ADMIN\\Desktop\\K2\\projects\\4viewsSocial\\APIAdmin\\vendor\\laravel\\framework\\src\\Illuminate\\Pipeline\\Pipeline.php(219): Illuminate\\Http\\Middleware\\HandleCors->handle(Object(Illuminate\\Http\\Request), Object(Closure))
#35 C:\\Users\\ADMIN\\Desktop\\K2\\projects\\4viewsSocial\\APIAdmin\\vendor\\laravel\\framework\\src\\Illuminate\\Http\\Middleware\\TrustProxies.php(58): Illuminate\\Pipeline\\Pipeline->Illuminate\\Pipeline\\{closure}(Object(Illuminate\\Http\\Request))
#36 C:\\Users\\ADMIN\\Desktop\\K2\\projects\\4viewsSocial\\APIAdmin\\vendor\\laravel\\framework\\src\\Illuminate\\Pipeline\\Pipeline.php(219): Illuminate\\Http\\Middleware\\TrustProxies->handle(Object(Illuminate\\Http\\Request), Object(Closure))
#37 C:\\Users\\ADMIN\\Desktop\\K2\\projects\\4viewsSocial\\APIAdmin\\vendor\\laravel\\framework\\src\\Illuminate\\Foundation\\Http\\Middleware\\InvokeDeferredCallbacks.php(22): Illuminate\\Pipeline\\Pipeline->Illuminate\\Pipeline\\{closure}(Object(Illuminate\\Http\\Request))
#38 C:\\Users\\ADMIN\\Desktop\\K2\\projects\\4viewsSocial\\APIAdmin\\vendor\\laravel\\framework\\src\\Illuminate\\Pipeline\\Pipeline.php(219): Illuminate\\Foundation\\Http\\Middleware\\InvokeDeferredCallbacks->handle(Object(Illuminate\\Http\\Request), Object(Closure))
#39 C:\\Users\\ADMIN\\Desktop\\K2\\projects\\4viewsSocial\\APIAdmin\\vendor\\laravel\\framework\\src\\Illuminate\\Http\\Middleware\\ValidatePathEncoding.php(26): Illuminate\\Pipeline\\Pipeline->Illuminate\\Pipeline\\{closure}(Object(Illuminate\\Http\\Request))
#40 C:\\Users\\ADMIN\\Desktop\\K2\\projects\\4viewsSocial\\APIAdmin\\vendor\\laravel\\framework\\src\\Illuminate\\Pipeline\\Pipeline.php(219): Illuminate\\Http\\Middleware\\ValidatePathEncoding->handle(Object(Illuminate\\Http\\Request), Object(Closure))
#41 C:\\Users\\ADMIN\\Desktop\\K2\\projects\\4viewsSocial\\APIAdmin\\vendor\\laravel\\framework\\src\\Illuminate\\Pipeline\\Pipeline.php(137): Illuminate\\Pipeline\\Pipeline->Illuminate\\Pipeline\\{closure}(Object(Illuminate\\Http\\Request))
#42 C:\\Users\\ADMIN\\Desktop\\K2\\projects\\4viewsSocial\\APIAdmin\\vendor\\laravel\\framework\\src\\Illuminate\\Foundation\\Http\\Kernel.php(175): Illuminate\\Pipeline\\Pipeline->then(Object(Closure))
#43 C:\\Users\\ADMIN\\Desktop\\K2\\projects\\4viewsSocial\\APIAdmin\\vendor\\laravel\\framework\\src\\Illuminate\\Foundation\\Http\\Kernel.php(144): Illuminate\\Foundation\\Http\\Kernel->sendRequestThroughRouter(Object(Illuminate\\Http\\Request))
#44 C:\\Users\\ADMIN\\Desktop\\K2\\projects\\4viewsSocial\\APIAdmin\\vendor\\laravel\\framework\\src\\Illuminate\\Foundation\\Application.php(1220): Illuminate\\Foundation\\Http\\Kernel->handle(Object(Illuminate\\Http\\Request))
#45 C:\\Users\\ADMIN\\Desktop\\K2\\projects\\4viewsSocial\\APIAdmin\\public\\index.php(20): Illuminate\\Foundation\\Application->handleRequest(Object(Illuminate\\Http\\Request))
#46 C:\\Users\\ADMIN\\Desktop\\K2\\projects\\4viewsSocial\\APIAdmin\\vendor\\laravel\\framework\\src\\Illuminate\\Foundation\\resources\\server.php(23): require_once('C:\\\\Users\\\\ADMIN\\\\...')
#47 {main}

[previous exception] [object] (PDOException(code: 42S22): SQLSTATE[42S22]: Column not found: 1054 Unknown column 'gmail' in 'field list' at C:\\Users\\ADMIN\\Desktop\\K2\\projects\\4viewsSocial\\APIAdmin\\vendor\\laravel\\framework\\src\\Illuminate\\Database\\Connection.php:406)
[stacktrace]
#0 C:\\Users\\ADMIN\\Desktop\\K2\\projects\\4viewsSocial\\APIAdmin\\vendor\\laravel\\framework\\src\\Illuminate\\Database\\Connection.php(406): PDO->prepare('select `id`, `u...')
#1 C:\\Users\\ADMIN\\Desktop\\K2\\projects\\4viewsSocial\\APIAdmin\\vendor\\laravel\\framework\\src\\Illuminate\\Database\\Connection.php(811): Illuminate\\Database\\Connection->Illuminate\\Database\\{closure}('select `id`, `u...', Array)
#2 C:\\Users\\ADMIN\\Desktop\\K2\\projects\\4viewsSocial\\APIAdmin\\vendor\\laravel\\framework\\src\\Illuminate\\Database\\Connection.php(778): Illuminate\\Database\\Connection->runQueryCallback('select `id`, `u...', Array, Object(Closure))
#3 C:\\Users\\ADMIN\\Desktop\\K2\\projects\\4viewsSocial\\APIAdmin\\vendor\\laravel\\framework\\src\\Illuminate\\Database\\Connection.php(397): Illuminate\\Database\\Connection->run('select `id`, `u...', Array, Object(Closure))
#4 C:\\Users\\ADMIN\\Desktop\\K2\\projects\\4viewsSocial\\APIAdmin\\vendor\\laravel\\framework\\src\\Illuminate\\Database\\Query\\Builder.php(3188): Illuminate\\Database\\Connection->select('select `id`, `u...', Array, true)
#5 C:\\Users\\ADMIN\\Desktop\\K2\\projects\\4viewsSocial\\APIAdmin\\vendor\\laravel\\framework\\src\\Illuminate\\Database\\Query\\Builder.php(3173): Illuminate\\Database\\Query\\Builder->runSelect()
#6 C:\\Users\\ADMIN\\Desktop\\K2\\projects\\4viewsSocial\\APIAdmin\\vendor\\laravel\\framework\\src\\Illuminate\\Database\\Query\\Builder.php(3763): Illuminate\\Database\\Query\\Builder->Illuminate\\Database\\Query\\{closure}()
#7 C:\\Users\\ADMIN\\Desktop\\K2\\projects\\4viewsSocial\\APIAdmin\\vendor\\laravel\\framework\\src\\Illuminate\\Database\\Query\\Builder.php(3172): Illuminate\\Database\\Query\\Builder->onceWithColumns(Array, Object(Closure))
#8 C:\\Users\\ADMIN\\Desktop\\K2\\projects\\4viewsSocial\\APIAdmin\\vendor\\laravel\\framework\\src\\Illuminate\\Database\\Eloquent\\Builder.php(902): Illuminate\\Database\\Query\\Builder->get(Array)
#9 C:\\Users\\ADMIN\\Desktop\\K2\\projects\\4viewsSocial\\APIAdmin\\vendor\\laravel\\framework\\src\\Illuminate\\Database\\Eloquent\\Builder.php(884): Illuminate\\Database\\Eloquent\\Builder->getModels(Array)
#10 C:\\Users\\ADMIN\\Desktop\\K2\\projects\\4viewsSocial\\APIAdmin\\app\\Http\\Controllers\\UserController.php(44): Illuminate\\Database\\Eloquent\\Builder->get()
#11 C:\\Users\\ADMIN\\Desktop\\K2\\projects\\4viewsSocial\\APIAdmin\\vendor\\laravel\\framework\\src\\Illuminate\\Routing\\ControllerDispatcher.php(46): App\\Http\\Controllers\\UserController->listUsers(Object(Illuminate\\Http\\Request))
#12 C:\\Users\\ADMIN\\Desktop\\K2\\projects\\4viewsSocial\\APIAdmin\\vendor\\laravel\\framework\\src\\Illuminate\\Routing\\Route.php(265): Illuminate\\Routing\\ControllerDispatcher->dispatch(Object(Illuminate\\Routing\\Route), Object(App\\Http\\Controllers\\UserController), 'listUsers')
#13 C:\\Users\\ADMIN\\Desktop\\K2\\projects\\4viewsSocial\\APIAdmin\\vendor\\laravel\\framework\\src\\Illuminate\\Routing\\Route.php(211): Illuminate\\Routing\\Route->runController()
#14 C:\\Users\\ADMIN\\Desktop\\K2\\projects\\4viewsSocial\\APIAdmin\\vendor\\laravel\\framework\\src\\Illuminate\\Routing\\Router.php(822): Illuminate\\Routing\\Route->run()
#15 C:\\Users\\ADMIN\\Desktop\\K2\\projects\\4viewsSocial\\APIAdmin\\vendor\\laravel\\framework\\src\\Illuminate\\Pipeline\\Pipeline.php(180): Illuminate\\Routing\\Router->Illuminate\\Routing\\{closure}(Object(Illuminate\\Http\\Request))
#16 C:\\Users\\ADMIN\\Desktop\\K2\\projects\\4viewsSocial\\APIAdmin\\vendor\\laravel\\framework\\src\\Illuminate\\Routing\\Middleware\\SubstituteBindings.php(50): Illuminate\\Pipeline\\Pipeline->Illuminate\\Pipeline\\{closure}(Object(Illuminate\\Http\\Request))
#17 C:\\Users\\ADMIN\\Desktop\\K2\\projects\\4viewsSocial\\APIAdmin\\vendor\\laravel\\framework\\src\\Illuminate\\Pipeline\\Pipeline.php(219): Illuminate\\Routing\\Middleware\\SubstituteBindings->handle(Object(Illuminate\\Http\\Request), Object(Closure))
#18 C:\\Users\\ADMIN\\Desktop\\K2\\projects\\4viewsSocial\\APIAdmin\\vendor\\laravel\\framework\\src\\Illuminate\\Pipeline\\Pipeline.php(137): Illuminate\\Pipeline\\Pipeline->Illuminate\\Pipeline\\{closure}(Object(Illuminate\\Http\\Request))
#19 C:\\Users\\ADMIN\\Desktop\\K2\\projects\\4viewsSocial\\APIAdmin\\vendor\\laravel\\framework\\src\\Illuminate\\Routing\\Router.php(821): Illuminate\\Pipeline\\Pipeline->then(Object(Closure))
#20 C:\\Users\\ADMIN\\Desktop\\K2\\projects\\4viewsSocial\\APIAdmin\\vendor\\laravel\\framework\\src\\Illuminate\\Routing\\Router.php(800): Illuminate\\Routing\\Router->runRouteWithinStack(Object(Illuminate\\Routing\\Route), Object(Illuminate\\Http\\Request))
#21 C:\\Users\\ADMIN\\Desktop\\K2\\projects\\4viewsSocial\\APIAdmin\\vendor\\laravel\\framework\\src\\Illuminate\\Routing\\Router.php(764): Illuminate\\Routing\\Router->runRoute(Object(Illuminate\\Http\\Request), Object(Illuminate\\Routing\\Route))
#22 C:\\Users\\ADMIN\\Desktop\\K2\\projects\\4viewsSocial\\APIAdmin\\vendor\\laravel\\framework\\src\\Illuminate\\Routing\\Router.php(753): Illuminate\\Routing\\Router->dispatchToRoute(Object(Illuminate\\Http\\Request))
#23 C:\\Users\\ADMIN\\Desktop\\K2\\projects\\4viewsSocial\\APIAdmin\\vendor\\laravel\\framework\\src\\Illuminate\\Foundation\\Http\\Kernel.php(200): Illuminate\\Routing\\Router->dispatch(Object(Illuminate\\Http\\Request))
#24 C:\\Users\\ADMIN\\Desktop\\K2\\projects\\4viewsSocial\\APIAdmin\\vendor\\laravel\\framework\\src\\Illuminate\\Pipeline\\Pipeline.php(180): Illuminate\\Foundation\\Http\\Kernel->Illuminate\\Foundation\\Http\\{closure}(Object(Illuminate\\Http\\Request))
#25 C:\\Users\\ADMIN\\Desktop\\K2\\projects\\4viewsSocial\\APIAdmin\\vendor\\laravel\\framework\\src\\Illuminate\\Foundation\\Http\\Middleware\\TransformsRequest.php(21): Illuminate\\Pipeline\\Pipeline->Illuminate\\Pipeline\\{closure}(Object(Illuminate\\Http\\Request))
#26 C:\\Users\\ADMIN\\Desktop\\K2\\projects\\4viewsSocial\\APIAdmin\\vendor\\laravel\\framework\\src\\Illuminate\\Foundation\\Http\\Middleware\\ConvertEmptyStringsToNull.php(31): Illuminate\\Foundation\\Http\\Middleware\\TransformsRequest->handle(Object(Illuminate\\Http\\Request), Object(Closure))
#27 C:\\Users\\ADMIN\\Desktop\\K2\\projects\\4viewsSocial\\APIAdmin\\vendor\\laravel\\framework\\src\\Illuminate\\Pipeline\\Pipeline.php(219): Illuminate\\Foundation\\Http\\Middleware\\ConvertEmptyStringsToNull->handle(Object(Illuminate\\Http\\Request), Object(Closure))
#28 C:\\Users\\ADMIN\\Desktop\\K2\\projects\\4viewsSocial\\APIAdmin\\vendor\\laravel\\framework\\src\\Illuminate\\Foundation\\Http\\Middleware\\TransformsRequest.php(21): Illuminate\\Pipeline\\Pipeline->Illuminate\\Pipeline\\{closure}(Object(Illuminate\\Http\\Request))
#29 C:\\Users\\ADMIN\\Desktop\\K2\\projects\\4viewsSocial\\APIAdmin\\vendor\\laravel\\framework\\src\\Illuminate\\Foundation\\Http\\Middleware\\TrimStrings.php(51): Illuminate\\Foundation\\Http\\Middleware\\TransformsRequest->handle(Object(Illuminate\\Http\\Request), Object(Closure))
#30 C:\\Users\\ADMIN\\Desktop\\K2\\projects\\4viewsSocial\\APIAdmin\\vendor\\laravel\\framework\\src\\Illuminate\\Pipeline\\Pipeline.php(219): Illuminate\\Foundation\\Http\\Middleware\\TrimStrings->handle(Object(Illuminate\\Http\\Request), Object(Closure))
#31 C:\\Users\\ADMIN\\Desktop\\K2\\projects\\4viewsSocial\\APIAdmin\\vendor\\laravel\\framework\\src\\Illuminate\\Http\\Middleware\\ValidatePostSize.php(27): Illuminate\\Pipeline\\Pipeline->Illuminate\\Pipeline\\{closure}(Object(Illuminate\\Http\\Request))
#32 C:\\Users\\ADMIN\\Desktop\\K2\\projects\\4viewsSocial\\APIAdmin\\vendor\\laravel\\framework\\src\\Illuminate\\Pipeline\\Pipeline.php(219): Illuminate\\Http\\Middleware\\ValidatePostSize->handle(Object(Illuminate\\Http\\Request), Object(Closure))
#33 C:\\Users\\ADMIN\\Desktop\\K2\\projects\\4viewsSocial\\APIAdmin\\vendor\\laravel\\framework\\src\\Illuminate\\Foundation\\Http\\Middleware\\PreventRequestsDuringMaintenance.php(109): Illuminate\\Pipeline\\Pipeline->Illuminate\\Pipeline\\{closure}(Object(Illuminate\\Http\\Request))
#34 C:\\Users\\ADMIN\\Desktop\\K2\\projects\\4viewsSocial\\APIAdmin\\vendor\\laravel\\framework\\src\\Illuminate\\Pipeline\\Pipeline.php(219): Illuminate\\Foundation\\Http\\Middleware\\PreventRequestsDuringMaintenance->handle(Object(Illuminate\\Http\\Request), Object(Closure))
#35 C:\\Users\\ADMIN\\Desktop\\K2\\projects\\4viewsSocial\\APIAdmin\\vendor\\laravel\\framework\\src\\Illuminate\\Http\\Middleware\\HandleCors.php(61): Illuminate\\Pipeline\\Pipeline->Illuminate\\Pipeline\\{closure}(Object(Illuminate\\Http\\Request))
#36 C:\\Users\\ADMIN\\Desktop\\K2\\projects\\4viewsSocial\\APIAdmin\\vendor\\laravel\\framework\\src\\Illuminate\\Pipeline\\Pipeline.php(219): Illuminate\\Http\\Middleware\\HandleCors->handle(Object(Illuminate\\Http\\Request), Object(Closure))
#37 C:\\Users\\ADMIN\\Desktop\\K2\\projects\\4viewsSocial\\APIAdmin\\vendor\\laravel\\framework\\src\\Illuminate\\Http\\Middleware\\TrustProxies.php(58): Illuminate\\Pipeline\\Pipeline->Illuminate\\Pipeline\\{closure}(Object(Illuminate\\Http\\Request))
#38 C:\\Users\\ADMIN\\Desktop\\K2\\projects\\4viewsSocial\\APIAdmin\\vendor\\laravel\\framework\\src\\Illuminate\\Pipeline\\Pipeline.php(219): Illuminate\\Http\\Middleware\\TrustProxies->handle(Object(Illuminate\\Http\\Request), Object(Closure))
#39 C:\\Users\\ADMIN\\Desktop\\K2\\projects\\4viewsSocial\\APIAdmin\\vendor\\laravel\\framework\\src\\Illuminate\\Foundation\\Http\\Middleware\\InvokeDeferredCallbacks.php(22): Illuminate\\Pipeline\\Pipeline->Illuminate\\Pipeline\\{closure}(Object(Illuminate\\Http\\Request))
#40 C:\\Users\\ADMIN\\Desktop\\K2\\projects\\4viewsSocial\\APIAdmin\\vendor\\laravel\\framework\\src\\Illuminate\\Pipeline\\Pipeline.php(219): Illuminate\\Foundation\\Http\\Middleware\\InvokeDeferredCallbacks->handle(Object(Illuminate\\Http\\Request), Object(Closure))
#41 C:\\Users\\ADMIN\\Desktop\\K2\\projects\\4viewsSocial\\APIAdmin\\vendor\\laravel\\framework\\src\\Illuminate\\Http\\Middleware\\ValidatePathEncoding.php(26): Illuminate\\Pipeline\\Pipeline->Illuminate\\Pipeline\\{closure}(Object(Illuminate\\Http\\Request))
#42 C:\\Users\\ADMIN\\Desktop\\K2\\projects\\4viewsSocial\\APIAdmin\\vendor\\laravel\\framework\\src\\Illuminate\\Pipeline\\Pipeline.php(219): Illuminate\\Http\\Middleware\\ValidatePathEncoding->handle(Object(Illuminate\\Http\\Request), Object(Closure))
#43 C:\\Users\\ADMIN\\Desktop\\K2\\projects\\4viewsSocial\\APIAdmin\\vendor\\laravel\\framework\\src\\Illuminate\\Pipeline\\Pipeline.php(137): Illuminate\\Pipeline\\Pipeline->Illuminate\\Pipeline\\{closure}(Object(Illuminate\\Http\\Request))
#44 C:\\Users\\ADMIN\\Desktop\\K2\\projects\\4viewsSocial\\APIAdmin\\vendor\\laravel\\framework\\src\\Illuminate\\Foundation\\Http\\Kernel.php(175): Illuminate\\Pipeline\\Pipeline->then(Object(Closure))
#45 C:\\Users\\ADMIN\\Desktop\\K2\\projects\\4viewsSocial\\APIAdmin\\vendor\\laravel\\framework\\src\\Illuminate\\Foundation\\Http\\Kernel.php(144): Illuminate\\Foundation\\Http\\Kernel->sendRequestThroughRouter(Object(Illuminate\\Http\\Request))
#46 C:\\Users\\ADMIN\\Desktop\\K2\\projects\\4viewsSocial\\APIAdmin\\vendor\\laravel\\framework\\src\\Illuminate\\Foundation\\Application.php(1220): Illuminate\\Foundation\\Http\\Kernel->handle(Object(Illuminate\\Http\\Request))
#47 C:\\Users\\ADMIN\\Desktop\\K2\\projects\\4viewsSocial\\APIAdmin\\public\\index.php(20): Illuminate\\Foundation\\Application->handleRequest(Object(Illuminate\\Http\\Request))
#48 C:\\Users\\ADMIN\\Desktop\\K2\\projects\\4viewsSocial\\APIAdmin\\vendor\\laravel\\framework\\src\\Illuminate\\Foundation\\resources\\server.php(23): require_once('C:\\\\Users\\\\ADMIN\\\\...')
#49 {main}
"} 
[2025-12-27 05:05:53] local.ERROR: SQLSTATE[42S22]: Column not found: 1054 Unknown column 'gmail' in 'field list' (Connection: mysql, SQL: select `id`, `user_name`, `full_name`, `gmail`, `role`, `online_status`, `status` from `users` order by `id` desc) {"exception":"[object] (Illuminate\\Database\\QueryException(code: 42S22): SQLSTATE[42S22]: Column not found: 1054 Unknown column 'gmail' in 'field list' (Connection: mysql, SQL: select `id`, `user_name`, `full_name`, `gmail`, `role`, `online_status`, `status` from `users` order by `id` desc) at C:\\Users\\ADMIN\\Desktop\\K2\\projects\\4viewsSocial\\APIAdmin\\vendor\\laravel\\framework\\src\\Illuminate\\Database\\Connection.php:824)
[stacktrace]
#0 C:\\Users\\ADMIN\\Desktop\\K2\\projects\\4viewsSocial\\APIAdmin\\vendor\\laravel\\framework\\src\\Illuminate\\Database\\Connection.php(778): Illuminate\\Database\\Connection->runQueryCallback('select `id`, `u...', Array, Object(Closure))
#1 C:\\Users\\ADMIN\\Desktop\\K2\\projects\\4viewsSocial\\APIAdmin\\vendor\\laravel\\framework\\src\\Illuminate\\Database\\Connection.php(397): Illuminate\\Database\\Connection->run('select `id`, `u...', Array, Object(Closure))
#2 C:\\Users\\ADMIN\\Desktop\\K2\\projects\\4viewsSocial\\APIAdmin\\vendor\\laravel\\framework\\src\\Illuminate\\Database\\Query\\Builder.php(3188): Illuminate\\Database\\Connection->select('select `id`, `u...', Array, true)
#3 C:\\Users\\ADMIN\\Desktop\\K2\\projects\\4viewsSocial\\APIAdmin\\vendor\\laravel\\framework\\src\\Illuminate\\Database\\Query\\Builder.php(3173): Illuminate\\Database\\Query\\Builder->runSelect()
#4 C:\\Users\\ADMIN\\Desktop\\K2\\projects\\4viewsSocial\\APIAdmin\\vendor\\laravel\\framework\\src\\Illuminate\\Database\\Query\\Builder.php(3763): Illuminate\\Database\\Query\\Builder->Illuminate\\Database\\Query\\{closure}()
#5 C:\\Users\\ADMIN\\Desktop\\K2\\projects\\4viewsSocial\\APIAdmin\\vendor\\laravel\\framework\\src\\Illuminate\\Database\\Query\\Builder.php(3172): Illuminate\\Database\\Query\\Builder->onceWithColumns(Array, Object(Closure))
#6 C:\\Users\\ADMIN\\Desktop\\K2\\projects\\4viewsSocial\\APIAdmin\\vendor\\laravel\\framework\\src\\Illuminate\\Database\\Eloquent\\Builder.php(902): Illuminate\\Database\\Query\\Builder->get(Array)
#7 C:\\Users\\ADMIN\\Desktop\\K2\\projects\\4viewsSocial\\APIAdmin\\vendor\\laravel\\framework\\src\\Illuminate\\Database\\Eloquent\\Builder.php(884): Illuminate\\Database\\Eloquent\\Builder->getModels(Array)
#8 C:\\Users\\ADMIN\\Desktop\\K2\\projects\\4viewsSocial\\APIAdmin\\app\\Http\\Controllers\\UserController.php(44): Illuminate\\Database\\Eloquent\\Builder->get()
#9 C:\\Users\\ADMIN\\Desktop\\K2\\projects\\4viewsSocial\\APIAdmin\\vendor\\laravel\\framework\\src\\Illuminate\\Routing\\ControllerDispatcher.php(46): App\\Http\\Controllers\\UserController->listUsers(Object(Illuminate\\Http\\Request))
#10 C:\\Users\\ADMIN\\Desktop\\K2\\projects\\4viewsSocial\\APIAdmin\\vendor\\laravel\\framework\\src\\Illuminate\\Routing\\Route.php(265): Illuminate\\Routing\\ControllerDispatcher->dispatch(Object(Illuminate\\Routing\\Route), Object(App\\Http\\Controllers\\UserController), 'listUsers')
#11 C:\\Users\\ADMIN\\Desktop\\K2\\projects\\4viewsSocial\\APIAdmin\\vendor\\laravel\\framework\\src\\Illuminate\\Routing\\Route.php(211): Illuminate\\Routing\\Route->runController()
#12 C:\\Users\\ADMIN\\Desktop\\K2\\projects\\4viewsSocial\\APIAdmin\\vendor\\laravel\\framework\\src\\Illuminate\\Routing\\Router.php(822): Illuminate\\Routing\\Route->run()
#13 C:\\Users\\ADMIN\\Desktop\\K2\\projects\\4viewsSocial\\APIAdmin\\vendor\\laravel\\framework\\src\\Illuminate\\Pipeline\\Pipeline.php(180): Illuminate\\Routing\\Router->Illuminate\\Routing\\{closure}(Object(Illuminate\\Http\\Request))
#14 C:\\Users\\ADMIN\\Desktop\\K2\\projects\\4viewsSocial\\APIAdmin\\vendor\\laravel\\framework\\src\\Illuminate\\Routing\\Middleware\\SubstituteBindings.php(50): Illuminate\\Pipeline\\Pipeline->Illuminate\\Pipeline\\{closure}(Object(Illuminate\\Http\\Request))
#15 C:\\Users\\ADMIN\\Desktop\\K2\\projects\\4viewsSocial\\APIAdmin\\vendor\\laravel\\framework\\src\\Illuminate\\Pipeline\\Pipeline.php(219): Illuminate\\Routing\\Middleware\\SubstituteBindings->handle(Object(Illuminate\\Http\\Request), Object(Closure))
#16 C:\\Users\\ADMIN\\Desktop\\K2\\projects\\4viewsSocial\\APIAdmin\\vendor\\laravel\\framework\\src\\Illuminate\\Pipeline\\Pipeline.php(137): Illuminate\\Pipeline\\Pipeline->Illuminate\\Pipeline\\{closure}(Object(Illuminate\\Http\\Request))
#17 C:\\Users\\ADMIN\\Desktop\\K2\\projects\\4viewsSocial\\APIAdmin\\vendor\\laravel\\framework\\src\\Illuminate\\Routing\\Router.php(821): Illuminate\\Pipeline\\Pipeline->then(Object(Closure))
#18 C:\\Users\\ADMIN\\Desktop\\K2\\projects\\4viewsSocial\\APIAdmin\\vendor\\laravel\\framework\\src\\Illuminate\\Routing\\Router.php(800): Illuminate\\Routing\\Router->runRouteWithinStack(Object(Illuminate\\Routing\\Route), Object(Illuminate\\Http\\Request))
#19 C:\\Users\\ADMIN\\Desktop\\K2\\projects\\4viewsSocial\\APIAdmin\\vendor\\laravel\\framework\\src\\Illuminate\\Routing\\Router.php(764): Illuminate\\Routing\\Router->runRoute(Object(Illuminate\\Http\\Request), Object(Illuminate\\Routing\\Route))
#20 C:\\Users\\ADMIN\\Desktop\\K2\\projects\\4viewsSocial\\APIAdmin\\vendor\\laravel\\framework\\src\\Illuminate\\Routing\\Router.php(753): Illuminate\\Routing\\Router->dispatchToRoute(Object(Illuminate\\Http\\Request))
#21 C:\\Users\\ADMIN\\Desktop\\K2\\projects\\4viewsSocial\\APIAdmin\\vendor\\laravel\\framework\\src\\Illuminate\\Foundation\\Http\\Kernel.php(200): Illuminate\\Routing\\Router->dispatch(Object(Illuminate\\Http\\Request))
#22 C:\\Users\\ADMIN\\Desktop\\K2\\projects\\4viewsSocial\\APIAdmin\\vendor\\laravel\\framework\\src\\Illuminate\\Pipeline\\Pipeline.php(180): Illuminate\\Foundation\\Http\\Kernel->Illuminate\\Foundation\\Http\\{closure}(Object(Illuminate\\Http\\Request))
#23 C:\\Users\\ADMIN\\Desktop\\K2\\projects\\4viewsSocial\\APIAdmin\\vendor\\laravel\\framework\\src\\Illuminate\\Foundation\\Http\\Middleware\\TransformsRequest.php(21): Illuminate\\Pipeline\\Pipeline->Illuminate\\Pipeline\\{closure}(Object(Illuminate\\Http\\Request))
#24 C:\\Users\\ADMIN\\Desktop\\K2\\projects\\4viewsSocial\\APIAdmin\\vendor\\laravel\\framework\\src\\Illuminate\\Foundation\\Http\\Middleware\\ConvertEmptyStringsToNull.php(31): Illuminate\\Foundation\\Http\\Middleware\\TransformsRequest->handle(Object(Illuminate\\Http\\Request), Object(Closure))
#25 C:\\Users\\ADMIN\\Desktop\\K2\\projects\\4viewsSocial\\APIAdmin\\vendor\\laravel\\framework\\src\\Illuminate\\Pipeline\\Pipeline.php(219): Illuminate\\Foundation\\Http\\Middleware\\ConvertEmptyStringsToNull->handle(Object(Illuminate\\Http\\Request), Object(Closure))
#26 C:\\Users\\ADMIN\\Desktop\\K2\\projects\\4viewsSocial\\APIAdmin\\vendor\\laravel\\framework\\src\\Illuminate\\Foundation\\Http\\Middleware\\TransformsRequest.php(21): Illuminate\\Pipeline\\Pipeline->Illuminate\\Pipeline\\{closure}(Object(Illuminate\\Http\\Request))
#27 C:\\Users\\ADMIN\\Desktop\\K2\\projects\\4viewsSocial\\APIAdmin\\vendor\\laravel\\framework\\src\\Illuminate\\Foundation\\Http\\Middleware\\TrimStrings.php(51): Illuminate\\Foundation\\Http\\Middleware\\TransformsRequest->handle(Object(Illuminate\\Http\\Request), Object(Closure))
#28 C:\\Users\\ADMIN\\Desktop\\K2\\projects\\4viewsSocial\\APIAdmin\\vendor\\laravel\\framework\\src\\Illuminate\\Pipeline\\Pipeline.php(219): Illuminate\\Foundation\\Http\\Middleware\\TrimStrings->handle(Object(Illuminate\\Http\\Request), Object(Closure))
#29 C:\\Users\\ADMIN\\Desktop\\K2\\projects\\4viewsSocial\\APIAdmin\\vendor\\laravel\\framework\\src\\Illuminate\\Http\\Middleware\\ValidatePostSize.php(27): Illuminate\\Pipeline\\Pipeline->Illuminate\\Pipeline\\{closure}(Object(Illuminate\\Http\\Request))
#30 C:\\Users\\ADMIN\\Desktop\\K2\\projects\\4viewsSocial\\APIAdmin\\vendor\\laravel\\framework\\src\\Illuminate\\Pipeline\\Pipeline.php(219): Illuminate\\Http\\Middleware\\ValidatePostSize->handle(Object(Illuminate\\Http\\Request), Object(Closure))
#31 C:\\Users\\ADMIN\\Desktop\\K2\\projects\\4viewsSocial\\APIAdmin\\vendor\\laravel\\framework\\src\\Illuminate\\Foundation\\Http\\Middleware\\PreventRequestsDuringMaintenance.php(109): Illuminate\\Pipeline\\Pipeline->Illuminate\\Pipeline\\{closure}(Object(Illuminate\\Http\\Request))
#32 C:\\Users\\ADMIN\\Desktop\\K2\\projects\\4viewsSocial\\APIAdmin\\vendor\\laravel\\framework\\src\\Illuminate\\Pipeline\\Pipeline.php(219): Illuminate\\Foundation\\Http\\Middleware\\PreventRequestsDuringMaintenance->handle(Object(Illuminate\\Http\\Request), Object(Closure))
#33 C:\\Users\\ADMIN\\Desktop\\K2\\projects\\4viewsSocial\\APIAdmin\\vendor\\laravel\\framework\\src\\Illuminate\\Http\\Middleware\\HandleCors.php(61): Illuminate\\Pipeline\\Pipeline->Illuminate\\Pipeline\\{closure}(Object(Illuminate\\Http\\Request))
#34 C:\\Users\\ADMIN\\Desktop\\K2\\projects\\4viewsSocial\\APIAdmin\\vendor\\laravel\\framework\\src\\Illuminate\\Pipeline\\Pipeline.php(219): Illuminate\\Http\\Middleware\\HandleCors->handle(Object(Illuminate\\Http\\Request), Object(Closure))
#35 C:\\Users\\ADMIN\\Desktop\\K2\\projects\\4viewsSocial\\APIAdmin\\vendor\\laravel\\framework\\src\\Illuminate\\Http\\Middleware\\TrustProxies.php(58): Illuminate\\Pipeline\\Pipeline->Illuminate\\Pipeline\\{closure}(Object(Illuminate\\Http\\Request))
#36 C:\\Users\\ADMIN\\Desktop\\K2\\projects\\4viewsSocial\\APIAdmin\\vendor\\laravel\\framework\\src\\Illuminate\\Pipeline\\Pipeline.php(219): Illuminate\\Http\\Middleware\\TrustProxies->handle(Object(Illuminate\\Http\\Request), Object(Closure))
#37 C:\\Users\\ADMIN\\Desktop\\K2\\projects\\4viewsSocial\\APIAdmin\\vendor\\laravel\\framework\\src\\Illuminate\\Foundation\\Http\\Middleware\\InvokeDeferredCallbacks.php(22): Illuminate\\Pipeline\\Pipeline->Illuminate\\Pipeline\\{closure}(Object(Illuminate\\Http\\Request))
#38 C:\\Users\\ADMIN\\Desktop\\K2\\projects\\4viewsSocial\\APIAdmin\\vendor\\laravel\\framework\\src\\Illuminate\\Pipeline\\Pipeline.php(219): Illuminate\\Foundation\\Http\\Middleware\\InvokeDeferredCallbacks->handle(Object(Illuminate\\Http\\Request), Object(Closure))
#39 C:\\Users\\ADMIN\\Desktop\\K2\\projects\\4viewsSocial\\APIAdmin\\vendor\\laravel\\framework\\src\\Illuminate\\Http\\Middleware\\ValidatePathEncoding.php(26): Illuminate\\Pipeline\\Pipeline->Illuminate\\Pipeline\\{closure}(Object(Illuminate\\Http\\Request))
#40 C:\\Users\\ADMIN\\Desktop\\K2\\projects\\4viewsSocial\\APIAdmin\\vendor\\laravel\\framework\\src\\Illuminate\\Pipeline\\Pipeline.php(219): Illuminate\\Http\\Middleware\\ValidatePathEncoding->handle(Object(Illuminate\\Http\\Request), Object(Closure))
#41 C:\\Users\\ADMIN\\Desktop\\K2\\projects\\4viewsSocial\\APIAdmin\\vendor\\laravel\\framework\\src\\Illuminate\\Pipeline\\Pipeline.php(137): Illuminate\\Pipeline\\Pipeline->Illuminate\\Pipeline\\{closure}(Object(Illuminate\\Http\\Request))
#42 C:\\Users\\ADMIN\\Desktop\\K2\\projects\\4viewsSocial\\APIAdmin\\vendor\\laravel\\framework\\src\\Illuminate\\Foundation\\Http\\Kernel.php(175): Illuminate\\Pipeline\\Pipeline->then(Object(Closure))
#43 C:\\Users\\ADMIN\\Desktop\\K2\\projects\\4viewsSocial\\APIAdmin\\vendor\\laravel\\framework\\src\\Illuminate\\Foundation\\Http\\Kernel.php(144): Illuminate\\Foundation\\Http\\Kernel->sendRequestThroughRouter(Object(Illuminate\\Http\\Request))
#44 C:\\Users\\ADMIN\\Desktop\\K2\\projects\\4viewsSocial\\APIAdmin\\vendor\\laravel\\framework\\src\\Illuminate\\Foundation\\Application.php(1220): Illuminate\\Foundation\\Http\\Kernel->handle(Object(Illuminate\\Http\\Request))
#45 C:\\Users\\ADMIN\\Desktop\\K2\\projects\\4viewsSocial\\APIAdmin\\public\\index.php(20): Illuminate\\Foundation\\Application->handleRequest(Object(Illuminate\\Http\\Request))
#46 C:\\Users\\ADMIN\\Desktop\\K2\\projects\\4viewsSocial\\APIAdmin\\vendor\\laravel\\framework\\src\\Illuminate\\Foundation\\resources\\server.php(23): require_once('C:\\\\Users\\\\ADMIN\\\\...')
#47 {main}

[previous exception] [object] (PDOException(code: 42S22): SQLSTATE[42S22]: Column not found: 1054 Unknown column 'gmail' in 'field list' at C:\\Users\\ADMIN\\Desktop\\K2\\projects\\4viewsSocial\\APIAdmin\\vendor\\laravel\\framework\\src\\Illuminate\\Database\\Connection.php:406)
[stacktrace]
#0 C:\\Users\\ADMIN\\Desktop\\K2\\projects\\4viewsSocial\\APIAdmin\\vendor\\laravel\\framework\\src\\Illuminate\\Database\\Connection.php(406): PDO->prepare('select `id`, `u...')
#1 C:\\Users\\ADMIN\\Desktop\\K2\\projects\\4viewsSocial\\APIAdmin\\vendor\\laravel\\framework\\src\\Illuminate\\Database\\Connection.php(811): Illuminate\\Database\\Connection->Illuminate\\Database\\{closure}('select `id`, `u...', Array)
#2 C:\\Users\\ADMIN\\Desktop\\K2\\projects\\4viewsSocial\\APIAdmin\\vendor\\laravel\\framework\\src\\Illuminate\\Database\\Connection.php(778): Illuminate\\Database\\Connection->runQueryCallback('select `id`, `u...', Array, Object(Closure))
#3 C:\\Users\\ADMIN\\Desktop\\K2\\projects\\4viewsSocial\\APIAdmin\\vendor\\laravel\\framework\\src\\Illuminate\\Database\\Connection.php(397): Illuminate\\Database\\Connection->run('select `id`, `u...', Array, Object(Closure))
#4 C:\\Users\\ADMIN\\Desktop\\K2\\projects\\4viewsSocial\\APIAdmin\\vendor\\laravel\\framework\\src\\Illuminate\\Database\\Query\\Builder.php(3188): Illuminate\\Database\\Connection->select('select `id`, `u...', Array, true)
#5 C:\\Users\\ADMIN\\Desktop\\K2\\projects\\4viewsSocial\\APIAdmin\\vendor\\laravel\\framework\\src\\Illuminate\\Database\\Query\\Builder.php(3173): Illuminate\\Database\\Query\\Builder->runSelect()
#6 C:\\Users\\ADMIN\\Desktop\\K2\\projects\\4viewsSocial\\APIAdmin\\vendor\\laravel\\framework\\src\\Illuminate\\Database\\Query\\Builder.php(3763): Illuminate\\Database\\Query\\Builder->Illuminate\\Database\\Query\\{closure}()
#7 C:\\Users\\ADMIN\\Desktop\\K2\\projects\\4viewsSocial\\APIAdmin\\vendor\\laravel\\framework\\src\\Illuminate\\Database\\Query\\Builder.php(3172): Illuminate\\Database\\Query\\Builder->onceWithColumns(Array, Object(Closure))
#8 C:\\Users\\ADMIN\\Desktop\\K2\\projects\\4viewsSocial\\APIAdmin\\vendor\\laravel\\framework\\src\\Illuminate\\Database\\Eloquent\\Builder.php(902): Illuminate\\Database\\Query\\Builder->get(Array)
#9 C:\\Users\\ADMIN\\Desktop\\K2\\projects\\4viewsSocial\\APIAdmin\\vendor\\laravel\\framework\\src\\Illuminate\\Database\\Eloquent\\Builder.php(884): Illuminate\\Database\\Eloquent\\Builder->getModels(Array)
#10 C:\\Users\\ADMIN\\Desktop\\K2\\projects\\4viewsSocial\\APIAdmin\\app\\Http\\Controllers\\UserController.php(44): Illuminate\\Database\\Eloquent\\Builder->get()
#11 C:\\Users\\ADMIN\\Desktop\\K2\\projects\\4viewsSocial\\APIAdmin\\vendor\\laravel\\framework\\src\\Illuminate\\Routing\\ControllerDispatcher.php(46): App\\Http\\Controllers\\UserController->listUsers(Object(Illuminate\\Http\\Request))
#12 C:\\Users\\ADMIN\\Desktop\\K2\\projects\\4viewsSocial\\APIAdmin\\vendor\\laravel\\framework\\src\\Illuminate\\Routing\\Route.php(265): Illuminate\\Routing\\ControllerDispatcher->dispatch(Object(Illuminate\\Routing\\Route), Object(App\\Http\\Controllers\\UserController), 'listUsers')
#13 C:\\Users\\ADMIN\\Desktop\\K2\\projects\\4viewsSocial\\APIAdmin\\vendor\\laravel\\framework\\src\\Illuminate\\Routing\\Route.php(211): Illuminate\\Routing\\Route->runController()
#14 C:\\Users\\ADMIN\\Desktop\\K2\\projects\\4viewsSocial\\APIAdmin\\vendor\\laravel\\framework\\src\\Illuminate\\Routing\\Router.php(822): Illuminate\\Routing\\Route->run()
#15 C:\\Users\\ADMIN\\Desktop\\K2\\projects\\4viewsSocial\\APIAdmin\\vendor\\laravel\\framework\\src\\Illuminate\\Pipeline\\Pipeline.php(180): Illuminate\\Routing\\Router->Illuminate\\Routing\\{closure}(Object(Illuminate\\Http\\Request))
#16 C:\\Users\\ADMIN\\Desktop\\K2\\projects\\4viewsSocial\\APIAdmin\\vendor\\laravel\\framework\\src\\Illuminate\\Routing\\Middleware\\SubstituteBindings.php(50): Illuminate\\Pipeline\\Pipeline->Illuminate\\Pipeline\\{closure}(Object(Illuminate\\Http\\Request))
#17 C:\\Users\\ADMIN\\Desktop\\K2\\projects\\4viewsSocial\\APIAdmin\\vendor\\laravel\\framework\\src\\Illuminate\\Pipeline\\Pipeline.php(219): Illuminate\\Routing\\Middleware\\SubstituteBindings->handle(Object(Illuminate\\Http\\Request), Object(Closure))
#18 C:\\Users\\ADMIN\\Desktop\\K2\\projects\\4viewsSocial\\APIAdmin\\vendor\\laravel\\framework\\src\\Illuminate\\Pipeline\\Pipeline.php(137): Illuminate\\Pipeline\\Pipeline->Illuminate\\Pipeline\\{closure}(Object(Illuminate\\Http\\Request))
#19 C:\\Users\\ADMIN\\Desktop\\K2\\projects\\4viewsSocial\\APIAdmin\\vendor\\laravel\\framework\\src\\Illuminate\\Routing\\Router.php(821): Illuminate\\Pipeline\\Pipeline->then(Object(Closure))
#20 C:\\Users\\ADMIN\\Desktop\\K2\\projects\\4viewsSocial\\APIAdmin\\vendor\\laravel\\framework\\src\\Illuminate\\Routing\\Router.php(800): Illuminate\\Routing\\Router->runRouteWithinStack(Object(Illuminate\\Routing\\Route), Object(Illuminate\\Http\\Request))
#21 C:\\Users\\ADMIN\\Desktop\\K2\\projects\\4viewsSocial\\APIAdmin\\vendor\\laravel\\framework\\src\\Illuminate\\Routing\\Router.php(764): Illuminate\\Routing\\Router->runRoute(Object(Illuminate\\Http\\Request), Object(Illuminate\\Routing\\Route))
#22 C:\\Users\\ADMIN\\Desktop\\K2\\projects\\4viewsSocial\\APIAdmin\\vendor\\laravel\\framework\\src\\Illuminate\\Routing\\Router.php(753): Illuminate\\Routing\\Router->dispatchToRoute(Object(Illuminate\\Http\\Request))
#23 C:\\Users\\ADMIN\\Desktop\\K2\\projects\\4viewsSocial\\APIAdmin\\vendor\\laravel\\framework\\src\\Illuminate\\Foundation\\Http\\Kernel.php(200): Illuminate\\Routing\\Router->dispatch(Object(Illuminate\\Http\\Request))
#24 C:\\Users\\ADMIN\\Desktop\\K2\\projects\\4viewsSocial\\APIAdmin\\vendor\\laravel\\framework\\src\\Illuminate\\Pipeline\\Pipeline.php(180): Illuminate\\Foundation\\Http\\Kernel->Illuminate\\Foundation\\Http\\{closure}(Object(Illuminate\\Http\\Request))
#25 C:\\Users\\ADMIN\\Desktop\\K2\\projects\\4viewsSocial\\APIAdmin\\vendor\\laravel\\framework\\src\\Illuminate\\Foundation\\Http\\Middleware\\TransformsRequest.php(21): Illuminate\\Pipeline\\Pipeline->Illuminate\\Pipeline\\{closure}(Object(Illuminate\\Http\\Request))
#26 C:\\Users\\ADMIN\\Desktop\\K2\\projects\\4viewsSocial\\APIAdmin\\vendor\\laravel\\framework\\src\\Illuminate\\Foundation\\Http\\Middleware\\ConvertEmptyStringsToNull.php(31): Illuminate\\Foundation\\Http\\Middleware\\TransformsRequest->handle(Object(Illuminate\\Http\\Request), Object(Closure))
#27 C:\\Users\\ADMIN\\Desktop\\K2\\projects\\4viewsSocial\\APIAdmin\\vendor\\laravel\\framework\\src\\Illuminate\\Pipeline\\Pipeline.php(219): Illuminate\\Foundation\\Http\\Middleware\\ConvertEmptyStringsToNull->handle(Object(Illuminate\\Http\\Request), Object(Closure))
#28 C:\\Users\\ADMIN\\Desktop\\K2\\projects\\4viewsSocial\\APIAdmin\\vendor\\laravel\\framework\\src\\Illuminate\\Foundation\\Http\\Middleware\\TransformsRequest.php(21): Illuminate\\Pipeline\\Pipeline->Illuminate\\Pipeline\\{closure}(Object(Illuminate\\Http\\Request))
#29 C:\\Users\\ADMIN\\Desktop\\K2\\projects\\4viewsSocial\\APIAdmin\\vendor\\laravel\\framework\\src\\Illuminate\\Foundation\\Http\\Middleware\\TrimStrings.php(51): Illuminate\\Foundation\\Http\\Middleware\\TransformsRequest->handle(Object(Illuminate\\Http\\Request), Object(Closure))
#30 C:\\Users\\ADMIN\\Desktop\\K2\\projects\\4viewsSocial\\APIAdmin\\vendor\\laravel\\framework\\src\\Illuminate\\Pipeline\\Pipeline.php(219): Illuminate\\Foundation\\Http\\Middleware\\TrimStrings->handle(Object(Illuminate\\Http\\Request), Object(Closure))
#31 C:\\Users\\ADMIN\\Desktop\\K2\\projects\\4viewsSocial\\APIAdmin\\vendor\\laravel\\framework\\src\\Illuminate\\Http\\Middleware\\ValidatePostSize.php(27): Illuminate\\Pipeline\\Pipeline->Illuminate\\Pipeline\\{closure}(Object(Illuminate\\Http\\Request))
#32 C:\\Users\\ADMIN\\Desktop\\K2\\projects\\4viewsSocial\\APIAdmin\\vendor\\laravel\\framework\\src\\Illuminate\\Pipeline\\Pipeline.php(219): Illuminate\\Http\\Middleware\\ValidatePostSize->handle(Object(Illuminate\\Http\\Request), Object(Closure))
#33 C:\\Users\\ADMIN\\Desktop\\K2\\projects\\4viewsSocial\\APIAdmin\\vendor\\laravel\\framework\\src\\Illuminate\\Foundation\\Http\\Middleware\\PreventRequestsDuringMaintenance.php(109): Illuminate\\Pipeline\\Pipeline->Illuminate\\Pipeline\\{closure}(Object(Illuminate\\Http\\Request))
#34 C:\\Users\\ADMIN\\Desktop\\K2\\projects\\4viewsSocial\\APIAdmin\\vendor\\laravel\\framework\\src\\Illuminate\\Pipeline\\Pipeline.php(219): Illuminate\\Foundation\\Http\\Middleware\\PreventRequestsDuringMaintenance->handle(Object(Illuminate\\Http\\Request), Object(Closure))
#35 C:\\Users\\ADMIN\\Desktop\\K2\\projects\\4viewsSocial\\APIAdmin\\vendor\\laravel\\framework\\src\\Illuminate\\Http\\Middleware\\HandleCors.php(61): Illuminate\\Pipeline\\Pipeline->Illuminate\\Pipeline\\{closure}(Object(Illuminate\\Http\\Request))
#36 C:\\Users\\ADMIN\\Desktop\\K2\\projects\\4viewsSocial\\APIAdmin\\vendor\\laravel\\framework\\src\\Illuminate\\Pipeline\\Pipeline.php(219): Illuminate\\Http\\Middleware\\HandleCors->handle(Object(Illuminate\\Http\\Request), Object(Closure))
#37 C:\\Users\\ADMIN\\Desktop\\K2\\projects\\4viewsSocial\\APIAdmin\\vendor\\laravel\\framework\\src\\Illuminate\\Http\\Middleware\\TrustProxies.php(58): Illuminate\\Pipeline\\Pipeline->Illuminate\\Pipeline\\{closure}(Object(Illuminate\\Http\\Request))
#38 C:\\Users\\ADMIN\\Desktop\\K2\\projects\\4viewsSocial\\APIAdmin\\vendor\\laravel\\framework\\src\\Illuminate\\Pipeline\\Pipeline.php(219): Illuminate\\Http\\Middleware\\TrustProxies->handle(Object(Illuminate\\Http\\Request), Object(Closure))
#39 C:\\Users\\ADMIN\\Desktop\\K2\\projects\\4viewsSocial\\APIAdmin\\vendor\\laravel\\framework\\src\\Illuminate\\Foundation\\Http\\Middleware\\InvokeDeferredCallbacks.php(22): Illuminate\\Pipeline\\Pipeline->Illuminate\\Pipeline\\{closure}(Object(Illuminate\\Http\\Request))
#40 C:\\Users\\ADMIN\\Desktop\\K2\\projects\\4viewsSocial\\APIAdmin\\vendor\\laravel\\framework\\src\\Illuminate\\Pipeline\\Pipeline.php(219): Illuminate\\Foundation\\Http\\Middleware\\InvokeDeferredCallbacks->handle(Object(Illuminate\\Http\\Request), Object(Closure))
#41 C:\\Users\\ADMIN\\Desktop\\K2\\projects\\4viewsSocial\\APIAdmin\\vendor\\laravel\\framework\\src\\Illuminate\\Http\\Middleware\\ValidatePathEncoding.php(26): Illuminate\\Pipeline\\Pipeline->Illuminate\\Pipeline\\{closure}(Object(Illuminate\\Http\\Request))
#42 C:\\Users\\ADMIN\\Desktop\\K2\\projects\\4viewsSocial\\APIAdmin\\vendor\\laravel\\framework\\src\\Illuminate\\Pipeline\\Pipeline.php(219): Illuminate\\Http\\Middleware\\ValidatePathEncoding->handle(Object(Illuminate\\Http\\Request), Object(Closure))
#43 C:\\Users\\ADMIN\\Desktop\\K2\\projects\\4viewsSocial\\APIAdmin\\vendor\\laravel\\framework\\src\\Illuminate\\Pipeline\\Pipeline.php(137): Illuminate\\Pipeline\\Pipeline->Illuminate\\Pipeline\\{closure}(Object(Illuminate\\Http\\Request))
#44 C:\\Users\\ADMIN\\Desktop\\K2\\projects\\4viewsSocial\\APIAdmin\\vendor\\laravel\\framework\\src\\Illuminate\\Foundation\\Http\\Kernel.php(175): Illuminate\\Pipeline\\Pipeline->then(Object(Closure))
#45 C:\\Users\\ADMIN\\Desktop\\K2\\projects\\4viewsSocial\\APIAdmin\\vendor\\laravel\\framework\\src\\Illuminate\\Foundation\\Http\\Kernel.php(144): Illuminate\\Foundation\\Http\\Kernel->sendRequestThroughRouter(Object(Illuminate\\Http\\Request))
#46 C:\\Users\\ADMIN\\Desktop\\K2\\projects\\4viewsSocial\\APIAdmin\\vendor\\laravel\\framework\\src\\Illuminate\\Foundation\\Application.php(1220): Illuminate\\Foundation\\Http\\Kernel->handle(Object(Illuminate\\Http\\Request))
#47 C:\\Users\\ADMIN\\Desktop\\K2\\projects\\4viewsSocial\\APIAdmin\\public\\index.php(20): Illuminate\\Foundation\\Application->handleRequest(Object(Illuminate\\Http\\Request))
#48 C:\\Users\\ADMIN\\Desktop\\K2\\projects\\4viewsSocial\\APIAdmin\\vendor\\laravel\\framework\\src\\Illuminate\\Foundation\\resources\\server.php(23): require_once('C:\\\\Users\\\\ADMIN\\\\...')
#49 {main}
"} 
[2025-12-27 05:09:33] local.ERROR: SQLSTATE[42S22]: Column not found: 1054 Unknown column 'gmail' in 'field list' (Connection: mysql, SQL: select `id`, `user_name`, `full_name`, `gmail`, `role`, `online_status`, `status` from `users` order by `id` desc) {"exception":"[object] (Illuminate\\Database\\QueryException(code: 42S22): SQLSTATE[42S22]: Column not found: 1054 Unknown column 'gmail' in 'field list' (Connection: mysql, SQL: select `id`, `user_name`, `full_name`, `gmail`, `role`, `online_status`, `status` from `users` order by `id` desc) at C:\\Users\\ADMIN\\Desktop\\K2\\projects\\4viewsSocial\\APIAdmin\\vendor\\laravel\\framework\\src\\Illuminate\\Database\\Connection.php:824)
[stacktrace]
#0 C:\\Users\\ADMIN\\Desktop\\K2\\projects\\4viewsSocial\\APIAdmin\\vendor\\laravel\\framework\\src\\Illuminate\\Database\\Connection.php(778): Illuminate\\Database\\Connection->runQueryCallback('select `id`, `u...', Array, Object(Closure))
#1 C:\\Users\\ADMIN\\Desktop\\K2\\projects\\4viewsSocial\\APIAdmin\\vendor\\laravel\\framework\\src\\Illuminate\\Database\\Connection.php(397): Illuminate\\Database\\Connection->run('select `id`, `u...', Array, Object(Closure))
#2 C:\\Users\\ADMIN\\Desktop\\K2\\projects\\4viewsSocial\\APIAdmin\\vendor\\laravel\\framework\\src\\Illuminate\\Database\\Query\\Builder.php(3188): Illuminate\\Database\\Connection->select('select `id`, `u...', Array, true)
#3 C:\\Users\\ADMIN\\Desktop\\K2\\projects\\4viewsSocial\\APIAdmin\\vendor\\laravel\\framework\\src\\Illuminate\\Database\\Query\\Builder.php(3173): Illuminate\\Database\\Query\\Builder->runSelect()
#4 C:\\Users\\ADMIN\\Desktop\\K2\\projects\\4viewsSocial\\APIAdmin\\vendor\\laravel\\framework\\src\\Illuminate\\Database\\Query\\Builder.php(3763): Illuminate\\Database\\Query\\Builder->Illuminate\\Database\\Query\\{closure}()
#5 C:\\Users\\ADMIN\\Desktop\\K2\\projects\\4viewsSocial\\APIAdmin\\vendor\\laravel\\framework\\src\\Illuminate\\Database\\Query\\Builder.php(3172): Illuminate\\Database\\Query\\Builder->onceWithColumns(Array, Object(Closure))
#6 C:\\Users\\ADMIN\\Desktop\\K2\\projects\\4viewsSocial\\APIAdmin\\vendor\\laravel\\framework\\src\\Illuminate\\Database\\Eloquent\\Builder.php(902): Illuminate\\Database\\Query\\Builder->get(Array)
#7 C:\\Users\\ADMIN\\Desktop\\K2\\projects\\4viewsSocial\\APIAdmin\\vendor\\laravel\\framework\\src\\Illuminate\\Database\\Eloquent\\Builder.php(884): Illuminate\\Database\\Eloquent\\Builder->getModels(Array)
#8 C:\\Users\\ADMIN\\Desktop\\K2\\projects\\4viewsSocial\\APIAdmin\\app\\Http\\Controllers\\UserController.php(44): Illuminate\\Database\\Eloquent\\Builder->get()
#9 C:\\Users\\ADMIN\\Desktop\\K2\\projects\\4viewsSocial\\APIAdmin\\vendor\\laravel\\framework\\src\\Illuminate\\Routing\\ControllerDispatcher.php(46): App\\Http\\Controllers\\UserController->listUsers(Object(Illuminate\\Http\\Request))
#10 C:\\Users\\ADMIN\\Desktop\\K2\\projects\\4viewsSocial\\APIAdmin\\vendor\\laravel\\framework\\src\\Illuminate\\Routing\\Route.php(265): Illuminate\\Routing\\ControllerDispatcher->dispatch(Object(Illuminate\\Routing\\Route), Object(App\\Http\\Controllers\\UserController), 'listUsers')
#11 C:\\Users\\ADMIN\\Desktop\\K2\\projects\\4viewsSocial\\APIAdmin\\vendor\\laravel\\framework\\src\\Illuminate\\Routing\\Route.php(211): Illuminate\\Routing\\Route->runController()
#12 C:\\Users\\ADMIN\\Desktop\\K2\\projects\\4viewsSocial\\APIAdmin\\vendor\\laravel\\framework\\src\\Illuminate\\Routing\\Router.php(822): Illuminate\\Routing\\Route->run()
#13 C:\\Users\\ADMIN\\Desktop\\K2\\projects\\4viewsSocial\\APIAdmin\\vendor\\laravel\\framework\\src\\Illuminate\\Pipeline\\Pipeline.php(180): Illuminate\\Routing\\Router->Illuminate\\Routing\\{closure}(Object(Illuminate\\Http\\Request))
#14 C:\\Users\\ADMIN\\Desktop\\K2\\projects\\4viewsSocial\\APIAdmin\\vendor\\laravel\\framework\\src\\Illuminate\\Routing\\Middleware\\SubstituteBindings.php(50): Illuminate\\Pipeline\\Pipeline->Illuminate\\Pipeline\\{closure}(Object(Illuminate\\Http\\Request))
#15 C:\\Users\\ADMIN\\Desktop\\K2\\projects\\4viewsSocial\\APIAdmin\\vendor\\laravel\\framework\\src\\Illuminate\\Pipeline\\Pipeline.php(219): Illuminate\\Routing\\Middleware\\SubstituteBindings->handle(Object(Illuminate\\Http\\Request), Object(Closure))
#16 C:\\Users\\ADMIN\\Desktop\\K2\\projects\\4viewsSocial\\APIAdmin\\vendor\\laravel\\framework\\src\\Illuminate\\Pipeline\\Pipeline.php(137): Illuminate\\Pipeline\\Pipeline->Illuminate\\Pipeline\\{closure}(Object(Illuminate\\Http\\Request))
#17 C:\\Users\\ADMIN\\Desktop\\K2\\projects\\4viewsSocial\\APIAdmin\\vendor\\laravel\\framework\\src\\Illuminate\\Routing\\Router.php(821): Illuminate\\Pipeline\\Pipeline->then(Object(Closure))
#18 C:\\Users\\ADMIN\\Desktop\\K2\\projects\\4viewsSocial\\APIAdmin\\vendor\\laravel\\framework\\src\\Illuminate\\Routing\\Router.php(800): Illuminate\\Routing\\Router->runRouteWithinStack(Object(Illuminate\\Routing\\Route), Object(Illuminate\\Http\\Request))
#19 C:\\Users\\ADMIN\\Desktop\\K2\\projects\\4viewsSocial\\APIAdmin\\vendor\\laravel\\framework\\src\\Illuminate\\Routing\\Router.php(764): Illuminate\\Routing\\Router->runRoute(Object(Illuminate\\Http\\Request), Object(Illuminate\\Routing\\Route))
#20 C:\\Users\\ADMIN\\Desktop\\K2\\projects\\4viewsSocial\\APIAdmin\\vendor\\laravel\\framework\\src\\Illuminate\\Routing\\Router.php(753): Illuminate\\Routing\\Router->dispatchToRoute(Object(Illuminate\\Http\\Request))
#21 C:\\Users\\ADMIN\\Desktop\\K2\\projects\\4viewsSocial\\APIAdmin\\vendor\\laravel\\framework\\src\\Illuminate\\Foundation\\Http\\Kernel.php(200): Illuminate\\Routing\\Router->dispatch(Object(Illuminate\\Http\\Request))
#22 C:\\Users\\ADMIN\\Desktop\\K2\\projects\\4viewsSocial\\APIAdmin\\vendor\\laravel\\framework\\src\\Illuminate\\Pipeline\\Pipeline.php(180): Illuminate\\Foundation\\Http\\Kernel->Illuminate\\Foundation\\Http\\{closure}(Object(Illuminate\\Http\\Request))
#23 C:\\Users\\ADMIN\\Desktop\\K2\\projects\\4viewsSocial\\APIAdmin\\vendor\\laravel\\framework\\src\\Illuminate\\Foundation\\Http\\Middleware\\TransformsRequest.php(21): Illuminate\\Pipeline\\Pipeline->Illuminate\\Pipeline\\{closure}(Object(Illuminate\\Http\\Request))
#24 C:\\Users\\ADMIN\\Desktop\\K2\\projects\\4viewsSocial\\APIAdmin\\vendor\\laravel\\framework\\src\\Illuminate\\Foundation\\Http\\Middleware\\ConvertEmptyStringsToNull.php(31): Illuminate\\Foundation\\Http\\Middleware\\TransformsRequest->handle(Object(Illuminate\\Http\\Request), Object(Closure))
#25 C:\\Users\\ADMIN\\Desktop\\K2\\projects\\4viewsSocial\\APIAdmin\\vendor\\laravel\\framework\\src\\Illuminate\\Pipeline\\Pipeline.php(219): Illuminate\\Foundation\\Http\\Middleware\\ConvertEmptyStringsToNull->handle(Object(Illuminate\\Http\\Request), Object(Closure))
#26 C:\\Users\\ADMIN\\Desktop\\K2\\projects\\4viewsSocial\\APIAdmin\\vendor\\laravel\\framework\\src\\Illuminate\\Foundation\\Http\\Middleware\\TransformsRequest.php(21): Illuminate\\Pipeline\\Pipeline->Illuminate\\Pipeline\\{closure}(Object(Illuminate\\Http\\Request))
#27 C:\\Users\\ADMIN\\Desktop\\K2\\projects\\4viewsSocial\\APIAdmin\\vendor\\laravel\\framework\\src\\Illuminate\\Foundation\\Http\\Middleware\\TrimStrings.php(51): Illuminate\\Foundation\\Http\\Middleware\\TransformsRequest->handle(Object(Illuminate\\Http\\Request), Object(Closure))
#28 C:\\Users\\ADMIN\\Desktop\\K2\\projects\\4viewsSocial\\APIAdmin\\vendor\\laravel\\framework\\src\\Illuminate\\Pipeline\\Pipeline.php(219): Illuminate\\Foundation\\Http\\Middleware\\TrimStrings->handle(Object(Illuminate\\Http\\Request), Object(Closure))
#29 C:\\Users\\ADMIN\\Desktop\\K2\\projects\\4viewsSocial\\APIAdmin\\vendor\\laravel\\framework\\src\\Illuminate\\Http\\Middleware\\ValidatePostSize.php(27): Illuminate\\Pipeline\\Pipeline->Illuminate\\Pipeline\\{closure}(Object(Illuminate\\Http\\Request))
#30 C:\\Users\\ADMIN\\Desktop\\K2\\projects\\4viewsSocial\\APIAdmin\\vendor\\laravel\\framework\\src\\Illuminate\\Pipeline\\Pipeline.php(219): Illuminate\\Http\\Middleware\\ValidatePostSize->handle(Object(Illuminate\\Http\\Request), Object(Closure))
#31 C:\\Users\\ADMIN\\Desktop\\K2\\projects\\4viewsSocial\\APIAdmin\\vendor\\laravel\\framework\\src\\Illuminate\\Foundation\\Http\\Middleware\\PreventRequestsDuringMaintenance.php(109): Illuminate\\Pipeline\\Pipeline->Illuminate\\Pipeline\\{closure}(Object(Illuminate\\Http\\Request))
#32 C:\\Users\\ADMIN\\Desktop\\K2\\projects\\4viewsSocial\\APIAdmin\\vendor\\laravel\\framework\\src\\Illuminate\\Pipeline\\Pipeline.php(219): Illuminate\\Foundation\\Http\\Middleware\\PreventRequestsDuringMaintenance->handle(Object(Illuminate\\Http\\Request), Object(Closure))
#33 C:\\Users\\ADMIN\\Desktop\\K2\\projects\\4viewsSocial\\APIAdmin\\vendor\\laravel\\framework\\src\\Illuminate\\Http\\Middleware\\HandleCors.php(61): Illuminate\\Pipeline\\Pipeline->Illuminate\\Pipeline\\{closure}(Object(Illuminate\\Http\\Request))
#34 C:\\Users\\ADMIN\\Desktop\\K2\\projects\\4viewsSocial\\APIAdmin\\vendor\\laravel\\framework\\src\\Illuminate\\Pipeline\\Pipeline.php(219): Illuminate\\Http\\Middleware\\HandleCors->handle(Object(Illuminate\\Http\\Request), Object(Closure))
#35 C:\\Users\\ADMIN\\Desktop\\K2\\projects\\4viewsSocial\\APIAdmin\\vendor\\laravel\\framework\\src\\Illuminate\\Http\\Middleware\\TrustProxies.php(58): Illuminate\\Pipeline\\Pipeline->Illuminate\\Pipeline\\{closure}(Object(Illuminate\\Http\\Request))
#36 C:\\Users\\ADMIN\\Desktop\\K2\\projects\\4viewsSocial\\APIAdmin\\vendor\\laravel\\framework\\src\\Illuminate\\Pipeline\\Pipeline.php(219): Illuminate\\Http\\Middleware\\TrustProxies->handle(Object(Illuminate\\Http\\Request), Object(Closure))
#37 C:\\Users\\ADMIN\\Desktop\\K2\\projects\\4viewsSocial\\APIAdmin\\vendor\\laravel\\framework\\src\\Illuminate\\Foundation\\Http\\Middleware\\InvokeDeferredCallbacks.php(22): Illuminate\\Pipeline\\Pipeline->Illuminate\\Pipeline\\{closure}(Object(Illuminate\\Http\\Request))
#38 C:\\Users\\ADMIN\\Desktop\\K2\\projects\\4viewsSocial\\APIAdmin\\vendor\\laravel\\framework\\src\\Illuminate\\Pipeline\\Pipeline.php(219): Illuminate\\Foundation\\Http\\Middleware\\InvokeDeferredCallbacks->handle(Object(Illuminate\\Http\\Request), Object(Closure))
#39 C:\\Users\\ADMIN\\Desktop\\K2\\projects\\4viewsSocial\\APIAdmin\\vendor\\laravel\\framework\\src\\Illuminate\\Http\\Middleware\\ValidatePathEncoding.php(26): Illuminate\\Pipeline\\Pipeline->Illuminate\\Pipeline\\{closure}(Object(Illuminate\\Http\\Request))
#40 C:\\Users\\ADMIN\\Desktop\\K2\\projects\\4viewsSocial\\APIAdmin\\vendor\\laravel\\framework\\src\\Illuminate\\Pipeline\\Pipeline.php(219): Illuminate\\Http\\Middleware\\ValidatePathEncoding->handle(Object(Illuminate\\Http\\Request), Object(Closure))
#41 C:\\Users\\ADMIN\\Desktop\\K2\\projects\\4viewsSocial\\APIAdmin\\vendor\\laravel\\framework\\src\\Illuminate\\Pipeline\\Pipeline.php(137): Illuminate\\Pipeline\\Pipeline->Illuminate\\Pipeline\\{closure}(Object(Illuminate\\Http\\Request))
#42 C:\\Users\\ADMIN\\Desktop\\K2\\projects\\4viewsSocial\\APIAdmin\\vendor\\laravel\\framework\\src\\Illuminate\\Foundation\\Http\\Kernel.php(175): Illuminate\\Pipeline\\Pipeline->then(Object(Closure))
#43 C:\\Users\\ADMIN\\Desktop\\K2\\projects\\4viewsSocial\\APIAdmin\\vendor\\laravel\\framework\\src\\Illuminate\\Foundation\\Http\\Kernel.php(144): Illuminate\\Foundation\\Http\\Kernel->sendRequestThroughRouter(Object(Illuminate\\Http\\Request))
#44 C:\\Users\\ADMIN\\Desktop\\K2\\projects\\4viewsSocial\\APIAdmin\\vendor\\laravel\\framework\\src\\Illuminate\\Foundation\\Application.php(1220): Illuminate\\Foundation\\Http\\Kernel->handle(Object(Illuminate\\Http\\Request))
#45 C:\\Users\\ADMIN\\Desktop\\K2\\projects\\4viewsSocial\\APIAdmin\\public\\index.php(20): Illuminate\\Foundation\\Application->handleRequest(Object(Illuminate\\Http\\Request))
#46 C:\\Users\\ADMIN\\Desktop\\K2\\projects\\4viewsSocial\\APIAdmin\\vendor\\laravel\\framework\\src\\Illuminate\\Foundation\\resources\\server.php(23): require_once('C:\\\\Users\\\\ADMIN\\\\...')
#47 {main}

[previous exception] [object] (PDOException(code: 42S22): SQLSTATE[42S22]: Column not found: 1054 Unknown column 'gmail' in 'field list' at C:\\Users\\ADMIN\\Desktop\\K2\\projects\\4viewsSocial\\APIAdmin\\vendor\\laravel\\framework\\src\\Illuminate\\Database\\Connection.php:406)
[stacktrace]
#0 C:\\Users\\ADMIN\\Desktop\\K2\\projects\\4viewsSocial\\APIAdmin\\vendor\\laravel\\framework\\src\\Illuminate\\Database\\Connection.php(406): PDO->prepare('select `id`, `u...')
#1 C:\\Users\\ADMIN\\Desktop\\K2\\projects\\4viewsSocial\\APIAdmin\\vendor\\laravel\\framework\\src\\Illuminate\\Database\\Connection.php(811): Illuminate\\Database\\Connection->Illuminate\\Database\\{closure}('select `id`, `u...', Array)
#2 C:\\Users\\ADMIN\\Desktop\\K2\\projects\\4viewsSocial\\APIAdmin\\vendor\\laravel\\framework\\src\\Illuminate\\Database\\Connection.php(778): Illuminate\\Database\\Connection->runQueryCallback('select `id`, `u...', Array, Object(Closure))
#3 C:\\Users\\ADMIN\\Desktop\\K2\\projects\\4viewsSocial\\APIAdmin\\vendor\\laravel\\framework\\src\\Illuminate\\Database\\Connection.php(397): Illuminate\\Database\\Connection->run('select `id`, `u...', Array, Object(Closure))
#4 C:\\Users\\ADMIN\\Desktop\\K2\\projects\\4viewsSocial\\APIAdmin\\vendor\\laravel\\framework\\src\\Illuminate\\Database\\Query\\Builder.php(3188): Illuminate\\Database\\Connection->select('select `id`, `u...', Array, true)
#5 C:\\Users\\ADMIN\\Desktop\\K2\\projects\\4viewsSocial\\APIAdmin\\vendor\\laravel\\framework\\src\\Illuminate\\Database\\Query\\Builder.php(3173): Illuminate\\Database\\Query\\Builder->runSelect()
#6 C:\\Users\\ADMIN\\Desktop\\K2\\projects\\4viewsSocial\\APIAdmin\\vendor\\laravel\\framework\\src\\Illuminate\\Database\\Query\\Builder.php(3763): Illuminate\\Database\\Query\\Builder->Illuminate\\Database\\Query\\{closure}()
#7 C:\\Users\\ADMIN\\Desktop\\K2\\projects\\4viewsSocial\\APIAdmin\\vendor\\laravel\\framework\\src\\Illuminate\\Database\\Query\\Builder.php(3172): Illuminate\\Database\\Query\\Builder->onceWithColumns(Array, Object(Closure))
#8 C:\\Users\\ADMIN\\Desktop\\K2\\projects\\4viewsSocial\\APIAdmin\\vendor\\laravel\\framework\\src\\Illuminate\\Database\\Eloquent\\Builder.php(902): Illuminate\\Database\\Query\\Builder->get(Array)
#9 C:\\Users\\ADMIN\\Desktop\\K2\\projects\\4viewsSocial\\APIAdmin\\vendor\\laravel\\framework\\src\\Illuminate\\Database\\Eloquent\\Builder.php(884): Illuminate\\Database\\Eloquent\\Builder->getModels(Array)
#10 C:\\Users\\ADMIN\\Desktop\\K2\\projects\\4viewsSocial\\APIAdmin\\app\\Http\\Controllers\\UserController.php(44): Illuminate\\Database\\Eloquent\\Builder->get()
#11 C:\\Users\\ADMIN\\Desktop\\K2\\projects\\4viewsSocial\\APIAdmin\\vendor\\laravel\\framework\\src\\Illuminate\\Routing\\ControllerDispatcher.php(46): App\\Http\\Controllers\\UserController->listUsers(Object(Illuminate\\Http\\Request))
#12 C:\\Users\\ADMIN\\Desktop\\K2\\projects\\4viewsSocial\\APIAdmin\\vendor\\laravel\\framework\\src\\Illuminate\\Routing\\Route.php(265): Illuminate\\Routing\\ControllerDispatcher->dispatch(Object(Illuminate\\Routing\\Route), Object(App\\Http\\Controllers\\UserController), 'listUsers')
#13 C:\\Users\\ADMIN\\Desktop\\K2\\projects\\4viewsSocial\\APIAdmin\\vendor\\laravel\\framework\\src\\Illuminate\\Routing\\Route.php(211): Illuminate\\Routing\\Route->runController()
#14 C:\\Users\\ADMIN\\Desktop\\K2\\projects\\4viewsSocial\\APIAdmin\\vendor\\laravel\\framework\\src\\Illuminate\\Routing\\Router.php(822): Illuminate\\Routing\\Route->run()
#15 C:\\Users\\ADMIN\\Desktop\\K2\\projects\\4viewsSocial\\APIAdmin\\vendor\\laravel\\framework\\src\\Illuminate\\Pipeline\\Pipeline.php(180): Illuminate\\Routing\\Router->Illuminate\\Routing\\{closure}(Object(Illuminate\\Http\\Request))
#16 C:\\Users\\ADMIN\\Desktop\\K2\\projects\\4viewsSocial\\APIAdmin\\vendor\\laravel\\framework\\src\\Illuminate\\Routing\\Middleware\\SubstituteBindings.php(50): Illuminate\\Pipeline\\Pipeline->Illuminate\\Pipeline\\{closure}(Object(Illuminate\\Http\\Request))
#17 C:\\Users\\ADMIN\\Desktop\\K2\\projects\\4viewsSocial\\APIAdmin\\vendor\\laravel\\framework\\src\\Illuminate\\Pipeline\\Pipeline.php(219): Illuminate\\Routing\\Middleware\\SubstituteBindings->handle(Object(Illuminate\\Http\\Request), Object(Closure))
#18 C:\\Users\\ADMIN\\Desktop\\K2\\projects\\4viewsSocial\\APIAdmin\\vendor\\laravel\\framework\\src\\Illuminate\\Pipeline\\Pipeline.php(137): Illuminate\\Pipeline\\Pipeline->Illuminate\\Pipeline\\{closure}(Object(Illuminate\\Http\\Request))
#19 C:\\Users\\ADMIN\\Desktop\\K2\\projects\\4viewsSocial\\APIAdmin\\vendor\\laravel\\framework\\src\\Illuminate\\Routing\\Router.php(821): Illuminate\\Pipeline\\Pipeline->then(Object(Closure))
#20 C:\\Users\\ADMIN\\Desktop\\K2\\projects\\4viewsSocial\\APIAdmin\\vendor\\laravel\\framework\\src\\Illuminate\\Routing\\Router.php(800): Illuminate\\Routing\\Router->runRouteWithinStack(Object(Illuminate\\Routing\\Route), Object(Illuminate\\Http\\Request))
#21 C:\\Users\\ADMIN\\Desktop\\K2\\projects\\4viewsSocial\\APIAdmin\\vendor\\laravel\\framework\\src\\Illuminate\\Routing\\Router.php(764): Illuminate\\Routing\\Router->runRoute(Object(Illuminate\\Http\\Request), Object(Illuminate\\Routing\\Route))
#22 C:\\Users\\ADMIN\\Desktop\\K2\\projects\\4viewsSocial\\APIAdmin\\vendor\\laravel\\framework\\src\\Illuminate\\Routing\\Router.php(753): Illuminate\\Routing\\Router->dispatchToRoute(Object(Illuminate\\Http\\Request))
#23 C:\\Users\\ADMIN\\Desktop\\K2\\projects\\4viewsSocial\\APIAdmin\\vendor\\laravel\\framework\\src\\Illuminate\\Foundation\\Http\\Kernel.php(200): Illuminate\\Routing\\Router->dispatch(Object(Illuminate\\Http\\Request))
#24 C:\\Users\\ADMIN\\Desktop\\K2\\projects\\4viewsSocial\\APIAdmin\\vendor\\laravel\\framework\\src\\Illuminate\\Pipeline\\Pipeline.php(180): Illuminate\\Foundation\\Http\\Kernel->Illuminate\\Foundation\\Http\\{closure}(Object(Illuminate\\Http\\Request))
#25 C:\\Users\\ADMIN\\Desktop\\K2\\projects\\4viewsSocial\\APIAdmin\\vendor\\laravel\\framework\\src\\Illuminate\\Foundation\\Http\\Middleware\\TransformsRequest.php(21): Illuminate\\Pipeline\\Pipeline->Illuminate\\Pipeline\\{closure}(Object(Illuminate\\Http\\Request))
#26 C:\\Users\\ADMIN\\Desktop\\K2\\projects\\4viewsSocial\\APIAdmin\\vendor\\laravel\\framework\\src\\Illuminate\\Foundation\\Http\\Middleware\\ConvertEmptyStringsToNull.php(31): Illuminate\\Foundation\\Http\\Middleware\\TransformsRequest->handle(Object(Illuminate\\Http\\Request), Object(Closure))
#27 C:\\Users\\ADMIN\\Desktop\\K2\\projects\\4viewsSocial\\APIAdmin\\vendor\\laravel\\framework\\src\\Illuminate\\Pipeline\\Pipeline.php(219): Illuminate\\Foundation\\Http\\Middleware\\ConvertEmptyStringsToNull->handle(Object(Illuminate\\Http\\Request), Object(Closure))
#28 C:\\Users\\ADMIN\\Desktop\\K2\\projects\\4viewsSocial\\APIAdmin\\vendor\\laravel\\framework\\src\\Illuminate\\Foundation\\Http\\Middleware\\TransformsRequest.php(21): Illuminate\\Pipeline\\Pipeline->Illuminate\\Pipeline\\{closure}(Object(Illuminate\\Http\\Request))
#29 C:\\Users\\ADMIN\\Desktop\\K2\\projects\\4viewsSocial\\APIAdmin\\vendor\\laravel\\framework\\src\\Illuminate\\Foundation\\Http\\Middleware\\TrimStrings.php(51): Illuminate\\Foundation\\Http\\Middleware\\TransformsRequest->handle(Object(Illuminate\\Http\\Request), Object(Closure))
#30 C:\\Users\\ADMIN\\Desktop\\K2\\projects\\4viewsSocial\\APIAdmin\\vendor\\laravel\\framework\\src\\Illuminate\\Pipeline\\Pipeline.php(219): Illuminate\\Foundation\\Http\\Middleware\\TrimStrings->handle(Object(Illuminate\\Http\\Request), Object(Closure))
#31 C:\\Users\\ADMIN\\Desktop\\K2\\projects\\4viewsSocial\\APIAdmin\\vendor\\laravel\\framework\\src\\Illuminate\\Http\\Middleware\\ValidatePostSize.php(27): Illuminate\\Pipeline\\Pipeline->Illuminate\\Pipeline\\{closure}(Object(Illuminate\\Http\\Request))
#32 C:\\Users\\ADMIN\\Desktop\\K2\\projects\\4viewsSocial\\APIAdmin\\vendor\\laravel\\framework\\src\\Illuminate\\Pipeline\\Pipeline.php(219): Illuminate\\Http\\Middleware\\ValidatePostSize->handle(Object(Illuminate\\Http\\Request), Object(Closure))
#33 C:\\Users\\ADMIN\\Desktop\\K2\\projects\\4viewsSocial\\APIAdmin\\vendor\\laravel\\framework\\src\\Illuminate\\Foundation\\Http\\Middleware\\PreventRequestsDuringMaintenance.php(109): Illuminate\\Pipeline\\Pipeline->Illuminate\\Pipeline\\{closure}(Object(Illuminate\\Http\\Request))
#34 C:\\Users\\ADMIN\\Desktop\\K2\\projects\\4viewsSocial\\APIAdmin\\vendor\\laravel\\framework\\src\\Illuminate\\Pipeline\\Pipeline.php(219): Illuminate\\Foundation\\Http\\Middleware\\PreventRequestsDuringMaintenance->handle(Object(Illuminate\\Http\\Request), Object(Closure))
#35 C:\\Users\\ADMIN\\Desktop\\K2\\projects\\4viewsSocial\\APIAdmin\\vendor\\laravel\\framework\\src\\Illuminate\\Http\\Middleware\\HandleCors.php(61): Illuminate\\Pipeline\\Pipeline->Illuminate\\Pipeline\\{closure}(Object(Illuminate\\Http\\Request))
#36 C:\\Users\\ADMIN\\Desktop\\K2\\projects\\4viewsSocial\\APIAdmin\\vendor\\laravel\\framework\\src\\Illuminate\\Pipeline\\Pipeline.php(219): Illuminate\\Http\\Middleware\\HandleCors->handle(Object(Illuminate\\Http\\Request), Object(Closure))
#37 C:\\Users\\ADMIN\\Desktop\\K2\\projects\\4viewsSocial\\APIAdmin\\vendor\\laravel\\framework\\src\\Illuminate\\Http\\Middleware\\TrustProxies.php(58): Illuminate\\Pipeline\\Pipeline->Illuminate\\Pipeline\\{closure}(Object(Illuminate\\Http\\Request))
#38 C:\\Users\\ADMIN\\Desktop\\K2\\projects\\4viewsSocial\\APIAdmin\\vendor\\laravel\\framework\\src\\Illuminate\\Pipeline\\Pipeline.php(219): Illuminate\\Http\\Middleware\\TrustProxies->handle(Object(Illuminate\\Http\\Request), Object(Closure))
#39 C:\\Users\\ADMIN\\Desktop\\K2\\projects\\4viewsSocial\\APIAdmin\\vendor\\laravel\\framework\\src\\Illuminate\\Foundation\\Http\\Middleware\\InvokeDeferredCallbacks.php(22): Illuminate\\Pipeline\\Pipeline->Illuminate\\Pipeline\\{closure}(Object(Illuminate\\Http\\Request))
#40 C:\\Users\\ADMIN\\Desktop\\K2\\projects\\4viewsSocial\\APIAdmin\\vendor\\laravel\\framework\\src\\Illuminate\\Pipeline\\Pipeline.php(219): Illuminate\\Foundation\\Http\\Middleware\\InvokeDeferredCallbacks->handle(Object(Illuminate\\Http\\Request), Object(Closure))
#41 C:\\Users\\ADMIN\\Desktop\\K2\\projects\\4viewsSocial\\APIAdmin\\vendor\\laravel\\framework\\src\\Illuminate\\Http\\Middleware\\ValidatePathEncoding.php(26): Illuminate\\Pipeline\\Pipeline->Illuminate\\Pipeline\\{closure}(Object(Illuminate\\Http\\Request))
#42 C:\\Users\\ADMIN\\Desktop\\K2\\projects\\4viewsSocial\\APIAdmin\\vendor\\laravel\\framework\\src\\Illuminate\\Pipeline\\Pipeline.php(219): Illuminate\\Http\\Middleware\\ValidatePathEncoding->handle(Object(Illuminate\\Http\\Request), Object(Closure))
#43 C:\\Users\\ADMIN\\Desktop\\K2\\projects\\4viewsSocial\\APIAdmin\\vendor\\laravel\\framework\\src\\Illuminate\\Pipeline\\Pipeline.php(137): Illuminate\\Pipeline\\Pipeline->Illuminate\\Pipeline\\{closure}(Object(Illuminate\\Http\\Request))
#44 C:\\Users\\ADMIN\\Desktop\\K2\\projects\\4viewsSocial\\APIAdmin\\vendor\\laravel\\framework\\src\\Illuminate\\Foundation\\Http\\Kernel.php(175): Illuminate\\Pipeline\\Pipeline->then(Object(Closure))
#45 C:\\Users\\ADMIN\\Desktop\\K2\\projects\\4viewsSocial\\APIAdmin\\vendor\\laravel\\framework\\src\\Illuminate\\Foundation\\Http\\Kernel.php(144): Illuminate\\Foundation\\Http\\Kernel->sendRequestThroughRouter(Object(Illuminate\\Http\\Request))
#46 C:\\Users\\ADMIN\\Desktop\\K2\\projects\\4viewsSocial\\APIAdmin\\vendor\\laravel\\framework\\src\\Illuminate\\Foundation\\Application.php(1220): Illuminate\\Foundation\\Http\\Kernel->handle(Object(Illuminate\\Http\\Request))
#47 C:\\Users\\ADMIN\\Desktop\\K2\\projects\\4viewsSocial\\APIAdmin\\public\\index.php(20): Illuminate\\Foundation\\Application->handleRequest(Object(Illuminate\\Http\\Request))
#48 C:\\Users\\ADMIN\\Desktop\\K2\\projects\\4viewsSocial\\APIAdmin\\vendor\\laravel\\framework\\src\\Illuminate\\Foundation\\resources\\server.php(23): require_once('C:\\\\Users\\\\ADMIN\\\\...')
#49 {main}
"} 
[2025-12-27 05:10:43] local.ERROR: SQLSTATE[42S22]: Column not found: 1054 Unknown column 'gmail' in 'field list' (Connection: mysql, SQL: select `id`, `user_name`, `full_name`, `gmail`, `role`, `online_status`, `status` from `users` order by `id` desc) {"exception":"[object] (Illuminate\\Database\\QueryException(code: 42S22): SQLSTATE[42S22]: Column not found: 1054 Unknown column 'gmail' in 'field list' (Connection: mysql, SQL: select `id`, `user_name`, `full_name`, `gmail`, `role`, `online_status`, `status` from `users` order by `id` desc) at C:\\Users\\ADMIN\\Desktop\\K2\\projects\\4viewsSocial\\APIAdmin\\vendor\\laravel\\framework\\src\\Illuminate\\Database\\Connection.php:824)
[stacktrace]
#0 C:\\Users\\ADMIN\\Desktop\\K2\\projects\\4viewsSocial\\APIAdmin\\vendor\\laravel\\framework\\src\\Illuminate\\Database\\Connection.php(778): Illuminate\\Database\\Connection->runQueryCallback('select `id`, `u...', Array, Object(Closure))
#1 C:\\Users\\ADMIN\\Desktop\\K2\\projects\\4viewsSocial\\APIAdmin\\vendor\\laravel\\framework\\src\\Illuminate\\Database\\Connection.php(397): Illuminate\\Database\\Connection->run('select `id`, `u...', Array, Object(Closure))
#2 C:\\Users\\ADMIN\\Desktop\\K2\\projects\\4viewsSocial\\APIAdmin\\vendor\\laravel\\framework\\src\\Illuminate\\Database\\Query\\Builder.php(3188): Illuminate\\Database\\Connection->select('select `id`, `u...', Array, true)
#3 C:\\Users\\ADMIN\\Desktop\\K2\\projects\\4viewsSocial\\APIAdmin\\vendor\\laravel\\framework\\src\\Illuminate\\Database\\Query\\Builder.php(3173): Illuminate\\Database\\Query\\Builder->runSelect()
#4 C:\\Users\\ADMIN\\Desktop\\K2\\projects\\4viewsSocial\\APIAdmin\\vendor\\laravel\\framework\\src\\Illuminate\\Database\\Query\\Builder.php(3763): Illuminate\\Database\\Query\\Builder->Illuminate\\Database\\Query\\{closure}()
#5 C:\\Users\\ADMIN\\Desktop\\K2\\projects\\4viewsSocial\\APIAdmin\\vendor\\laravel\\framework\\src\\Illuminate\\Database\\Query\\Builder.php(3172): Illuminate\\Database\\Query\\Builder->onceWithColumns(Array, Object(Closure))
#6 C:\\Users\\ADMIN\\Desktop\\K2\\projects\\4viewsSocial\\APIAdmin\\vendor\\laravel\\framework\\src\\Illuminate\\Database\\Eloquent\\Builder.php(902): Illuminate\\Database\\Query\\Builder->get(Array)
#7 C:\\Users\\ADMIN\\Desktop\\K2\\projects\\4viewsSocial\\APIAdmin\\vendor\\laravel\\framework\\src\\Illuminate\\Database\\Eloquent\\Builder.php(884): Illuminate\\Database\\Eloquent\\Builder->getModels(Array)
#8 C:\\Users\\ADMIN\\Desktop\\K2\\projects\\4viewsSocial\\APIAdmin\\app\\Http\\Controllers\\UserController.php(44): Illuminate\\Database\\Eloquent\\Builder->get()
#9 C:\\Users\\ADMIN\\Desktop\\K2\\projects\\4viewsSocial\\APIAdmin\\vendor\\laravel\\framework\\src\\Illuminate\\Routing\\ControllerDispatcher.php(46): App\\Http\\Controllers\\UserController->listUsers(Object(Illuminate\\Http\\Request))
#10 C:\\Users\\ADMIN\\Desktop\\K2\\projects\\4viewsSocial\\APIAdmin\\vendor\\laravel\\framework\\src\\Illuminate\\Routing\\Route.php(265): Illuminate\\Routing\\ControllerDispatcher->dispatch(Object(Illuminate\\Routing\\Route), Object(App\\Http\\Controllers\\UserController), 'listUsers')
#11 C:\\Users\\ADMIN\\Desktop\\K2\\projects\\4viewsSocial\\APIAdmin\\vendor\\laravel\\framework\\src\\Illuminate\\Routing\\Route.php(211): Illuminate\\Routing\\Route->runController()
#12 C:\\Users\\ADMIN\\Desktop\\K2\\projects\\4viewsSocial\\APIAdmin\\vendor\\laravel\\framework\\src\\Illuminate\\Routing\\Router.php(822): Illuminate\\Routing\\Route->run()
#13 C:\\Users\\ADMIN\\Desktop\\K2\\projects\\4viewsSocial\\APIAdmin\\vendor\\laravel\\framework\\src\\Illuminate\\Pipeline\\Pipeline.php(180): Illuminate\\Routing\\Router->Illuminate\\Routing\\{closure}(Object(Illuminate\\Http\\Request))
#14 C:\\Users\\ADMIN\\Desktop\\K2\\projects\\4viewsSocial\\APIAdmin\\vendor\\laravel\\framework\\src\\Illuminate\\Routing\\Middleware\\SubstituteBindings.php(50): Illuminate\\Pipeline\\Pipeline->Illuminate\\Pipeline\\{closure}(Object(Illuminate\\Http\\Request))
#15 C:\\Users\\ADMIN\\Desktop\\K2\\projects\\4viewsSocial\\APIAdmin\\vendor\\laravel\\framework\\src\\Illuminate\\Pipeline\\Pipeline.php(219): Illuminate\\Routing\\Middleware\\SubstituteBindings->handle(Object(Illuminate\\Http\\Request), Object(Closure))
#16 C:\\Users\\ADMIN\\Desktop\\K2\\projects\\4viewsSocial\\APIAdmin\\vendor\\laravel\\framework\\src\\Illuminate\\Pipeline\\Pipeline.php(137): Illuminate\\Pipeline\\Pipeline->Illuminate\\Pipeline\\{closure}(Object(Illuminate\\Http\\Request))
#17 C:\\Users\\ADMIN\\Desktop\\K2\\projects\\4viewsSocial\\APIAdmin\\vendor\\laravel\\framework\\src\\Illuminate\\Routing\\Router.php(821): Illuminate\\Pipeline\\Pipeline->then(Object(Closure))
#18 C:\\Users\\ADMIN\\Desktop\\K2\\projects\\4viewsSocial\\APIAdmin\\vendor\\laravel\\framework\\src\\Illuminate\\Routing\\Router.php(800): Illuminate\\Routing\\Router->runRouteWithinStack(Object(Illuminate\\Routing\\Route), Object(Illuminate\\Http\\Request))
#19 C:\\Users\\ADMIN\\Desktop\\K2\\projects\\4viewsSocial\\APIAdmin\\vendor\\laravel\\framework\\src\\Illuminate\\Routing\\Router.php(764): Illuminate\\Routing\\Router->runRoute(Object(Illuminate\\Http\\Request), Object(Illuminate\\Routing\\Route))
#20 C:\\Users\\ADMIN\\Desktop\\K2\\projects\\4viewsSocial\\APIAdmin\\vendor\\laravel\\framework\\src\\Illuminate\\Routing\\Router.php(753): Illuminate\\Routing\\Router->dispatchToRoute(Object(Illuminate\\Http\\Request))
#21 C:\\Users\\ADMIN\\Desktop\\K2\\projects\\4viewsSocial\\APIAdmin\\vendor\\laravel\\framework\\src\\Illuminate\\Foundation\\Http\\Kernel.php(200): Illuminate\\Routing\\Router->dispatch(Object(Illuminate\\Http\\Request))
#22 C:\\Users\\ADMIN\\Desktop\\K2\\projects\\4viewsSocial\\APIAdmin\\vendor\\laravel\\framework\\src\\Illuminate\\Pipeline\\Pipeline.php(180): Illuminate\\Foundation\\Http\\Kernel->Illuminate\\Foundation\\Http\\{closure}(Object(Illuminate\\Http\\Request))
#23 C:\\Users\\ADMIN\\Desktop\\K2\\projects\\4viewsSocial\\APIAdmin\\vendor\\laravel\\framework\\src\\Illuminate\\Foundation\\Http\\Middleware\\TransformsRequest.php(21): Illuminate\\Pipeline\\Pipeline->Illuminate\\Pipeline\\{closure}(Object(Illuminate\\Http\\Request))
#24 C:\\Users\\ADMIN\\Desktop\\K2\\projects\\4viewsSocial\\APIAdmin\\vendor\\laravel\\framework\\src\\Illuminate\\Foundation\\Http\\Middleware\\ConvertEmptyStringsToNull.php(31): Illuminate\\Foundation\\Http\\Middleware\\TransformsRequest->handle(Object(Illuminate\\Http\\Request), Object(Closure))
#25 C:\\Users\\ADMIN\\Desktop\\K2\\projects\\4viewsSocial\\APIAdmin\\vendor\\laravel\\framework\\src\\Illuminate\\Pipeline\\Pipeline.php(219): Illuminate\\Foundation\\Http\\Middleware\\ConvertEmptyStringsToNull->handle(Object(Illuminate\\Http\\Request), Object(Closure))
#26 C:\\Users\\ADMIN\\Desktop\\K2\\projects\\4viewsSocial\\APIAdmin\\vendor\\laravel\\framework\\src\\Illuminate\\Foundation\\Http\\Middleware\\TransformsRequest.php(21): Illuminate\\Pipeline\\Pipeline->Illuminate\\Pipeline\\{closure}(Object(Illuminate\\Http\\Request))
#27 C:\\Users\\ADMIN\\Desktop\\K2\\projects\\4viewsSocial\\APIAdmin\\vendor\\laravel\\framework\\src\\Illuminate\\Foundation\\Http\\Middleware\\TrimStrings.php(51): Illuminate\\Foundation\\Http\\Middleware\\TransformsRequest->handle(Object(Illuminate\\Http\\Request), Object(Closure))
#28 C:\\Users\\ADMIN\\Desktop\\K2\\projects\\4viewsSocial\\APIAdmin\\vendor\\laravel\\framework\\src\\Illuminate\\Pipeline\\Pipeline.php(219): Illuminate\\Foundation\\Http\\Middleware\\TrimStrings->handle(Object(Illuminate\\Http\\Request), Object(Closure))
#29 C:\\Users\\ADMIN\\Desktop\\K2\\projects\\4viewsSocial\\APIAdmin\\vendor\\laravel\\framework\\src\\Illuminate\\Http\\Middleware\\ValidatePostSize.php(27): Illuminate\\Pipeline\\Pipeline->Illuminate\\Pipeline\\{closure}(Object(Illuminate\\Http\\Request))
#30 C:\\Users\\ADMIN\\Desktop\\K2\\projects\\4viewsSocial\\APIAdmin\\vendor\\laravel\\framework\\src\\Illuminate\\Pipeline\\Pipeline.php(219): Illuminate\\Http\\Middleware\\ValidatePostSize->handle(Object(Illuminate\\Http\\Request), Object(Closure))
#31 C:\\Users\\ADMIN\\Desktop\\K2\\projects\\4viewsSocial\\APIAdmin\\vendor\\laravel\\framework\\src\\Illuminate\\Foundation\\Http\\Middleware\\PreventRequestsDuringMaintenance.php(109): Illuminate\\Pipeline\\Pipeline->Illuminate\\Pipeline\\{closure}(Object(Illuminate\\Http\\Request))
#32 C:\\Users\\ADMIN\\Desktop\\K2\\projects\\4viewsSocial\\APIAdmin\\vendor\\laravel\\framework\\src\\Illuminate\\Pipeline\\Pipeline.php(219): Illuminate\\Foundation\\Http\\Middleware\\PreventRequestsDuringMaintenance->handle(Object(Illuminate\\Http\\Request), Object(Closure))
#33 C:\\Users\\ADMIN\\Desktop\\K2\\projects\\4viewsSocial\\APIAdmin\\vendor\\laravel\\framework\\src\\Illuminate\\Http\\Middleware\\HandleCors.php(61): Illuminate\\Pipeline\\Pipeline->Illuminate\\Pipeline\\{closure}(Object(Illuminate\\Http\\Request))
#34 C:\\Users\\ADMIN\\Desktop\\K2\\projects\\4viewsSocial\\APIAdmin\\vendor\\laravel\\framework\\src\\Illuminate\\Pipeline\\Pipeline.php(219): Illuminate\\Http\\Middleware\\HandleCors->handle(Object(Illuminate\\Http\\Request), Object(Closure))
#35 C:\\Users\\ADMIN\\Desktop\\K2\\projects\\4viewsSocial\\APIAdmin\\vendor\\laravel\\framework\\src\\Illuminate\\Http\\Middleware\\TrustProxies.php(58): Illuminate\\Pipeline\\Pipeline->Illuminate\\Pipeline\\{closure}(Object(Illuminate\\Http\\Request))
#36 C:\\Users\\ADMIN\\Desktop\\K2\\projects\\4viewsSocial\\APIAdmin\\vendor\\laravel\\framework\\src\\Illuminate\\Pipeline\\Pipeline.php(219): Illuminate\\Http\\Middleware\\TrustProxies->handle(Object(Illuminate\\Http\\Request), Object(Closure))
#37 C:\\Users\\ADMIN\\Desktop\\K2\\projects\\4viewsSocial\\APIAdmin\\vendor\\laravel\\framework\\src\\Illuminate\\Foundation\\Http\\Middleware\\InvokeDeferredCallbacks.php(22): Illuminate\\Pipeline\\Pipeline->Illuminate\\Pipeline\\{closure}(Object(Illuminate\\Http\\Request))
#38 C:\\Users\\ADMIN\\Desktop\\K2\\projects\\4viewsSocial\\APIAdmin\\vendor\\laravel\\framework\\src\\Illuminate\\Pipeline\\Pipeline.php(219): Illuminate\\Foundation\\Http\\Middleware\\InvokeDeferredCallbacks->handle(Object(Illuminate\\Http\\Request), Object(Closure))
#39 C:\\Users\\ADMIN\\Desktop\\K2\\projects\\4viewsSocial\\APIAdmin\\vendor\\laravel\\framework\\src\\Illuminate\\Http\\Middleware\\ValidatePathEncoding.php(26): Illuminate\\Pipeline\\Pipeline->Illuminate\\Pipeline\\{closure}(Object(Illuminate\\Http\\Request))
#40 C:\\Users\\ADMIN\\Desktop\\K2\\projects\\4viewsSocial\\APIAdmin\\vendor\\laravel\\framework\\src\\Illuminate\\Pipeline\\Pipeline.php(219): Illuminate\\Http\\Middleware\\ValidatePathEncoding->handle(Object(Illuminate\\Http\\Request), Object(Closure))
#41 C:\\Users\\ADMIN\\Desktop\\K2\\projects\\4viewsSocial\\APIAdmin\\vendor\\laravel\\framework\\src\\Illuminate\\Pipeline\\Pipeline.php(137): Illuminate\\Pipeline\\Pipeline->Illuminate\\Pipeline\\{closure}(Object(Illuminate\\Http\\Request))
#42 C:\\Users\\ADMIN\\Desktop\\K2\\projects\\4viewsSocial\\APIAdmin\\vendor\\laravel\\framework\\src\\Illuminate\\Foundation\\Http\\Kernel.php(175): Illuminate\\Pipeline\\Pipeline->then(Object(Closure))
#43 C:\\Users\\ADMIN\\Desktop\\K2\\projects\\4viewsSocial\\APIAdmin\\vendor\\laravel\\framework\\src\\Illuminate\\Foundation\\Http\\Kernel.php(144): Illuminate\\Foundation\\Http\\Kernel->sendRequestThroughRouter(Object(Illuminate\\Http\\Request))
#44 C:\\Users\\ADMIN\\Desktop\\K2\\projects\\4viewsSocial\\APIAdmin\\vendor\\laravel\\framework\\src\\Illuminate\\Foundation\\Application.php(1220): Illuminate\\Foundation\\Http\\Kernel->handle(Object(Illuminate\\Http\\Request))
#45 C:\\Users\\ADMIN\\Desktop\\K2\\projects\\4viewsSocial\\APIAdmin\\public\\index.php(20): Illuminate\\Foundation\\Application->handleRequest(Object(Illuminate\\Http\\Request))
#46 C:\\Users\\ADMIN\\Desktop\\K2\\projects\\4viewsSocial\\APIAdmin\\vendor\\laravel\\framework\\src\\Illuminate\\Foundation\\resources\\server.php(23): require_once('C:\\\\Users\\\\ADMIN\\\\...')
#47 {main}

[previous exception] [object] (PDOException(code: 42S22): SQLSTATE[42S22]: Column not found: 1054 Unknown column 'gmail' in 'field list' at C:\\Users\\ADMIN\\Desktop\\K2\\projects\\4viewsSocial\\APIAdmin\\vendor\\laravel\\framework\\src\\Illuminate\\Database\\Connection.php:406)
[stacktrace]
#0 C:\\Users\\ADMIN\\Desktop\\K2\\projects\\4viewsSocial\\APIAdmin\\vendor\\laravel\\framework\\src\\Illuminate\\Database\\Connection.php(406): PDO->prepare('select `id`, `u...')
#1 C:\\Users\\ADMIN\\Desktop\\K2\\projects\\4viewsSocial\\APIAdmin\\vendor\\laravel\\framework\\src\\Illuminate\\Database\\Connection.php(811): Illuminate\\Database\\Connection->Illuminate\\Database\\{closure}('select `id`, `u...', Array)
#2 C:\\Users\\ADMIN\\Desktop\\K2\\projects\\4viewsSocial\\APIAdmin\\vendor\\laravel\\framework\\src\\Illuminate\\Database\\Connection.php(778): Illuminate\\Database\\Connection->runQueryCallback('select `id`, `u...', Array, Object(Closure))
#3 C:\\Users\\ADMIN\\Desktop\\K2\\projects\\4viewsSocial\\APIAdmin\\vendor\\laravel\\framework\\src\\Illuminate\\Database\\Connection.php(397): Illuminate\\Database\\Connection->run('select `id`, `u...', Array, Object(Closure))
#4 C:\\Users\\ADMIN\\Desktop\\K2\\projects\\4viewsSocial\\APIAdmin\\vendor\\laravel\\framework\\src\\Illuminate\\Database\\Query\\Builder.php(3188): Illuminate\\Database\\Connection->select('select `id`, `u...', Array, true)
#5 C:\\Users\\ADMIN\\Desktop\\K2\\projects\\4viewsSocial\\APIAdmin\\vendor\\laravel\\framework\\src\\Illuminate\\Database\\Query\\Builder.php(3173): Illuminate\\Database\\Query\\Builder->runSelect()
#6 C:\\Users\\ADMIN\\Desktop\\K2\\projects\\4viewsSocial\\APIAdmin\\vendor\\laravel\\framework\\src\\Illuminate\\Database\\Query\\Builder.php(3763): Illuminate\\Database\\Query\\Builder->Illuminate\\Database\\Query\\{closure}()
#7 C:\\Users\\ADMIN\\Desktop\\K2\\projects\\4viewsSocial\\APIAdmin\\vendor\\laravel\\framework\\src\\Illuminate\\Database\\Query\\Builder.php(3172): Illuminate\\Database\\Query\\Builder->onceWithColumns(Array, Object(Closure))
#8 C:\\Users\\ADMIN\\Desktop\\K2\\projects\\4viewsSocial\\APIAdmin\\vendor\\laravel\\framework\\src\\Illuminate\\Database\\Eloquent\\Builder.php(902): Illuminate\\Database\\Query\\Builder->get(Array)
#9 C:\\Users\\ADMIN\\Desktop\\K2\\projects\\4viewsSocial\\APIAdmin\\vendor\\laravel\\framework\\src\\Illuminate\\Database\\Eloquent\\Builder.php(884): Illuminate\\Database\\Eloquent\\Builder->getModels(Array)
#10 C:\\Users\\ADMIN\\Desktop\\K2\\projects\\4viewsSocial\\APIAdmin\\app\\Http\\Controllers\\UserController.php(44): Illuminate\\Database\\Eloquent\\Builder->get()
#11 C:\\Users\\ADMIN\\Desktop\\K2\\projects\\4viewsSocial\\APIAdmin\\vendor\\laravel\\framework\\src\\Illuminate\\Routing\\ControllerDispatcher.php(46): App\\Http\\Controllers\\UserController->listUsers(Object(Illuminate\\Http\\Request))
#12 C:\\Users\\ADMIN\\Desktop\\K2\\projects\\4viewsSocial\\APIAdmin\\vendor\\laravel\\framework\\src\\Illuminate\\Routing\\Route.php(265): Illuminate\\Routing\\ControllerDispatcher->dispatch(Object(Illuminate\\Routing\\Route), Object(App\\Http\\Controllers\\UserController), 'listUsers')
#13 C:\\Users\\ADMIN\\Desktop\\K2\\projects\\4viewsSocial\\APIAdmin\\vendor\\laravel\\framework\\src\\Illuminate\\Routing\\Route.php(211): Illuminate\\Routing\\Route->runController()
#14 C:\\Users\\ADMIN\\Desktop\\K2\\projects\\4viewsSocial\\APIAdmin\\vendor\\laravel\\framework\\src\\Illuminate\\Routing\\Router.php(822): Illuminate\\Routing\\Route->run()
#15 C:\\Users\\ADMIN\\Desktop\\K2\\projects\\4viewsSocial\\APIAdmin\\vendor\\laravel\\framework\\src\\Illuminate\\Pipeline\\Pipeline.php(180): Illuminate\\Routing\\Router->Illuminate\\Routing\\{closure}(Object(Illuminate\\Http\\Request))
#16 C:\\Users\\ADMIN\\Desktop\\K2\\projects\\4viewsSocial\\APIAdmin\\vendor\\laravel\\framework\\src\\Illuminate\\Routing\\Middleware\\SubstituteBindings.php(50): Illuminate\\Pipeline\\Pipeline->Illuminate\\Pipeline\\{closure}(Object(Illuminate\\Http\\Request))
#17 C:\\Users\\ADMIN\\Desktop\\K2\\projects\\4viewsSocial\\APIAdmin\\vendor\\laravel\\framework\\src\\Illuminate\\Pipeline\\Pipeline.php(219): Illuminate\\Routing\\Middleware\\SubstituteBindings->handle(Object(Illuminate\\Http\\Request), Object(Closure))
#18 C:\\Users\\ADMIN\\Desktop\\K2\\projects\\4viewsSocial\\APIAdmin\\vendor\\laravel\\framework\\src\\Illuminate\\Pipeline\\Pipeline.php(137): Illuminate\\Pipeline\\Pipeline->Illuminate\\Pipeline\\{closure}(Object(Illuminate\\Http\\Request))
#19 C:\\Users\\ADMIN\\Desktop\\K2\\projects\\4viewsSocial\\APIAdmin\\vendor\\laravel\\framework\\src\\Illuminate\\Routing\\Router.php(821): Illuminate\\Pipeline\\Pipeline->then(Object(Closure))
#20 C:\\Users\\ADMIN\\Desktop\\K2\\projects\\4viewsSocial\\APIAdmin\\vendor\\laravel\\framework\\src\\Illuminate\\Routing\\Router.php(800): Illuminate\\Routing\\Router->runRouteWithinStack(Object(Illuminate\\Routing\\Route), Object(Illuminate\\Http\\Request))
#21 C:\\Users\\ADMIN\\Desktop\\K2\\projects\\4viewsSocial\\APIAdmin\\vendor\\laravel\\framework\\src\\Illuminate\\Routing\\Router.php(764): Illuminate\\Routing\\Router->runRoute(Object(Illuminate\\Http\\Request), Object(Illuminate\\Routing\\Route))
#22 C:\\Users\\ADMIN\\Desktop\\K2\\projects\\4viewsSocial\\APIAdmin\\vendor\\laravel\\framework\\src\\Illuminate\\Routing\\Router.php(753): Illuminate\\Routing\\Router->dispatchToRoute(Object(Illuminate\\Http\\Request))
#23 C:\\Users\\ADMIN\\Desktop\\K2\\projects\\4viewsSocial\\APIAdmin\\vendor\\laravel\\framework\\src\\Illuminate\\Foundation\\Http\\Kernel.php(200): Illuminate\\Routing\\Router->dispatch(Object(Illuminate\\Http\\Request))
#24 C:\\Users\\ADMIN\\Desktop\\K2\\projects\\4viewsSocial\\APIAdmin\\vendor\\laravel\\framework\\src\\Illuminate\\Pipeline\\Pipeline.php(180): Illuminate\\Foundation\\Http\\Kernel->Illuminate\\Foundation\\Http\\{closure}(Object(Illuminate\\Http\\Request))
#25 C:\\Users\\ADMIN\\Desktop\\K2\\projects\\4viewsSocial\\APIAdmin\\vendor\\laravel\\framework\\src\\Illuminate\\Foundation\\Http\\Middleware\\TransformsRequest.php(21): Illuminate\\Pipeline\\Pipeline->Illuminate\\Pipeline\\{closure}(Object(Illuminate\\Http\\Request))
#26 C:\\Users\\ADMIN\\Desktop\\K2\\projects\\4viewsSocial\\APIAdmin\\vendor\\laravel\\framework\\src\\Illuminate\\Foundation\\Http\\Middleware\\ConvertEmptyStringsToNull.php(31): Illuminate\\Foundation\\Http\\Middleware\\TransformsRequest->handle(Object(Illuminate\\Http\\Request), Object(Closure))
#27 C:\\Users\\ADMIN\\Desktop\\K2\\projects\\4viewsSocial\\APIAdmin\\vendor\\laravel\\framework\\src\\Illuminate\\Pipeline\\Pipeline.php(219): Illuminate\\Foundation\\Http\\Middleware\\ConvertEmptyStringsToNull->handle(Object(Illuminate\\Http\\Request), Object(Closure))
#28 C:\\Users\\ADMIN\\Desktop\\K2\\projects\\4viewsSocial\\APIAdmin\\vendor\\laravel\\framework\\src\\Illuminate\\Foundation\\Http\\Middleware\\TransformsRequest.php(21): Illuminate\\Pipeline\\Pipeline->Illuminate\\Pipeline\\{closure}(Object(Illuminate\\Http\\Request))
#29 C:\\Users\\ADMIN\\Desktop\\K2\\projects\\4viewsSocial\\APIAdmin\\vendor\\laravel\\framework\\src\\Illuminate\\Foundation\\Http\\Middleware\\TrimStrings.php(51): Illuminate\\Foundation\\Http\\Middleware\\TransformsRequest->handle(Object(Illuminate\\Http\\Request), Object(Closure))
#30 C:\\Users\\ADMIN\\Desktop\\K2\\projects\\4viewsSocial\\APIAdmin\\vendor\\laravel\\framework\\src\\Illuminate\\Pipeline\\Pipeline.php(219): Illuminate\\Foundation\\Http\\Middleware\\TrimStrings->handle(Object(Illuminate\\Http\\Request), Object(Closure))
#31 C:\\Users\\ADMIN\\Desktop\\K2\\projects\\4viewsSocial\\APIAdmin\\vendor\\laravel\\framework\\src\\Illuminate\\Http\\Middleware\\ValidatePostSize.php(27): Illuminate\\Pipeline\\Pipeline->Illuminate\\Pipeline\\{closure}(Object(Illuminate\\Http\\Request))
#32 C:\\Users\\ADMIN\\Desktop\\K2\\projects\\4viewsSocial\\APIAdmin\\vendor\\laravel\\framework\\src\\Illuminate\\Pipeline\\Pipeline.php(219): Illuminate\\Http\\Middleware\\ValidatePostSize->handle(Object(Illuminate\\Http\\Request), Object(Closure))
#33 C:\\Users\\ADMIN\\Desktop\\K2\\projects\\4viewsSocial\\APIAdmin\\vendor\\laravel\\framework\\src\\Illuminate\\Foundation\\Http\\Middleware\\PreventRequestsDuringMaintenance.php(109): Illuminate\\Pipeline\\Pipeline->Illuminate\\Pipeline\\{closure}(Object(Illuminate\\Http\\Request))
#34 C:\\Users\\ADMIN\\Desktop\\K2\\projects\\4viewsSocial\\APIAdmin\\vendor\\laravel\\framework\\src\\Illuminate\\Pipeline\\Pipeline.php(219): Illuminate\\Foundation\\Http\\Middleware\\PreventRequestsDuringMaintenance->handle(Object(Illuminate\\Http\\Request), Object(Closure))
#35 C:\\Users\\ADMIN\\Desktop\\K2\\projects\\4viewsSocial\\APIAdmin\\vendor\\laravel\\framework\\src\\Illuminate\\Http\\Middleware\\HandleCors.php(61): Illuminate\\Pipeline\\Pipeline->Illuminate\\Pipeline\\{closure}(Object(Illuminate\\Http\\Request))
#36 C:\\Users\\ADMIN\\Desktop\\K2\\projects\\4viewsSocial\\APIAdmin\\vendor\\laravel\\framework\\src\\Illuminate\\Pipeline\\Pipeline.php(219): Illuminate\\Http\\Middleware\\HandleCors->handle(Object(Illuminate\\Http\\Request), Object(Closure))
#37 C:\\Users\\ADMIN\\Desktop\\K2\\projects\\4viewsSocial\\APIAdmin\\vendor\\laravel\\framework\\src\\Illuminate\\Http\\Middleware\\TrustProxies.php(58): Illuminate\\Pipeline\\Pipeline->Illuminate\\Pipeline\\{closure}(Object(Illuminate\\Http\\Request))
#38 C:\\Users\\ADMIN\\Desktop\\K2\\projects\\4viewsSocial\\APIAdmin\\vendor\\laravel\\framework\\src\\Illuminate\\Pipeline\\Pipeline.php(219): Illuminate\\Http\\Middleware\\TrustProxies->handle(Object(Illuminate\\Http\\Request), Object(Closure))
#39 C:\\Users\\ADMIN\\Desktop\\K2\\projects\\4viewsSocial\\APIAdmin\\vendor\\laravel\\framework\\src\\Illuminate\\Foundation\\Http\\Middleware\\InvokeDeferredCallbacks.php(22): Illuminate\\Pipeline\\Pipeline->Illuminate\\Pipeline\\{closure}(Object(Illuminate\\Http\\Request))
#40 C:\\Users\\ADMIN\\Desktop\\K2\\projects\\4viewsSocial\\APIAdmin\\vendor\\laravel\\framework\\src\\Illuminate\\Pipeline\\Pipeline.php(219): Illuminate\\Foundation\\Http\\Middleware\\InvokeDeferredCallbacks->handle(Object(Illuminate\\Http\\Request), Object(Closure))
#41 C:\\Users\\ADMIN\\Desktop\\K2\\projects\\4viewsSocial\\APIAdmin\\vendor\\laravel\\framework\\src\\Illuminate\\Http\\Middleware\\ValidatePathEncoding.php(26): Illuminate\\Pipeline\\Pipeline->Illuminate\\Pipeline\\{closure}(Object(Illuminate\\Http\\Request))
#42 C:\\Users\\ADMIN\\Desktop\\K2\\projects\\4viewsSocial\\APIAdmin\\vendor\\laravel\\framework\\src\\Illuminate\\Pipeline\\Pipeline.php(219): Illuminate\\Http\\Middleware\\ValidatePathEncoding->handle(Object(Illuminate\\Http\\Request), Object(Closure))
#43 C:\\Users\\ADMIN\\Desktop\\K2\\projects\\4viewsSocial\\APIAdmin\\vendor\\laravel\\framework\\src\\Illuminate\\Pipeline\\Pipeline.php(137): Illuminate\\Pipeline\\Pipeline->Illuminate\\Pipeline\\{closure}(Object(Illuminate\\Http\\Request))
#44 C:\\Users\\ADMIN\\Desktop\\K2\\projects\\4viewsSocial\\APIAdmin\\vendor\\laravel\\framework\\src\\Illuminate\\Foundation\\Http\\Kernel.php(175): Illuminate\\Pipeline\\Pipeline->then(Object(Closure))
#45 C:\\Users\\ADMIN\\Desktop\\K2\\projects\\4viewsSocial\\APIAdmin\\vendor\\laravel\\framework\\src\\Illuminate\\Foundation\\Http\\Kernel.php(144): Illuminate\\Foundation\\Http\\Kernel->sendRequestThroughRouter(Object(Illuminate\\Http\\Request))
#46 C:\\Users\\ADMIN\\Desktop\\K2\\projects\\4viewsSocial\\APIAdmin\\vendor\\laravel\\framework\\src\\Illuminate\\Foundation\\Application.php(1220): Illuminate\\Foundation\\Http\\Kernel->handle(Object(Illuminate\\Http\\Request))
#47 C:\\Users\\ADMIN\\Desktop\\K2\\projects\\4viewsSocial\\APIAdmin\\public\\index.php(20): Illuminate\\Foundation\\Application->handleRequest(Object(Illuminate\\Http\\Request))
#48 C:\\Users\\ADMIN\\Desktop\\K2\\projects\\4viewsSocial\\APIAdmin\\vendor\\laravel\\framework\\src\\Illuminate\\Foundation\\resources\\server.php(23): require_once('C:\\\\Users\\\\ADMIN\\\\...')
#49 {main}
"} 
[2025-12-27 05:11:18] local.ERROR: SQLSTATE[42S22]: Column not found: 1054 Unknown column 'gmail' in 'field list' (Connection: mysql, SQL: select `id`, `user_name`, `full_name`, `gmail`, `role`, `online_status`, `status` from `users` order by `id` desc) {"exception":"[object] (Illuminate\\Database\\QueryException(code: 42S22): SQLSTATE[42S22]: Column not found: 1054 Unknown column 'gmail' in 'field list' (Connection: mysql, SQL: select `id`, `user_name`, `full_name`, `gmail`, `role`, `online_status`, `status` from `users` order by `id` desc) at C:\\Users\\ADMIN\\Desktop\\K2\\projects\\4viewsSocial\\APIAdmin\\vendor\\laravel\\framework\\src\\Illuminate\\Database\\Connection.php:824)
[stacktrace]
#0 C:\\Users\\ADMIN\\Desktop\\K2\\projects\\4viewsSocial\\APIAdmin\\vendor\\laravel\\framework\\src\\Illuminate\\Database\\Connection.php(778): Illuminate\\Database\\Connection->runQueryCallback('select `id`, `u...', Array, Object(Closure))
#1 C:\\Users\\ADMIN\\Desktop\\K2\\projects\\4viewsSocial\\APIAdmin\\vendor\\laravel\\framework\\src\\Illuminate\\Database\\Connection.php(397): Illuminate\\Database\\Connection->run('select `id`, `u...', Array, Object(Closure))
#2 C:\\Users\\ADMIN\\Desktop\\K2\\projects\\4viewsSocial\\APIAdmin\\vendor\\laravel\\framework\\src\\Illuminate\\Database\\Query\\Builder.php(3188): Illuminate\\Database\\Connection->select('select `id`, `u...', Array, true)
#3 C:\\Users\\ADMIN\\Desktop\\K2\\projects\\4viewsSocial\\APIAdmin\\vendor\\laravel\\framework\\src\\Illuminate\\Database\\Query\\Builder.php(3173): Illuminate\\Database\\Query\\Builder->runSelect()
#4 C:\\Users\\ADMIN\\Desktop\\K2\\projects\\4viewsSocial\\APIAdmin\\vendor\\laravel\\framework\\src\\Illuminate\\Database\\Query\\Builder.php(3763): Illuminate\\Database\\Query\\Builder->Illuminate\\Database\\Query\\{closure}()
#5 C:\\Users\\ADMIN\\Desktop\\K2\\projects\\4viewsSocial\\APIAdmin\\vendor\\laravel\\framework\\src\\Illuminate\\Database\\Query\\Builder.php(3172): Illuminate\\Database\\Query\\Builder->onceWithColumns(Array, Object(Closure))
#6 C:\\Users\\ADMIN\\Desktop\\K2\\projects\\4viewsSocial\\APIAdmin\\vendor\\laravel\\framework\\src\\Illuminate\\Database\\Eloquent\\Builder.php(902): Illuminate\\Database\\Query\\Builder->get(Array)
#7 C:\\Users\\ADMIN\\Desktop\\K2\\projects\\4viewsSocial\\APIAdmin\\vendor\\laravel\\framework\\src\\Illuminate\\Database\\Eloquent\\Builder.php(884): Illuminate\\Database\\Eloquent\\Builder->getModels(Array)
#8 C:\\Users\\ADMIN\\Desktop\\K2\\projects\\4viewsSocial\\APIAdmin\\app\\Http\\Controllers\\UserController.php(44): Illuminate\\Database\\Eloquent\\Builder->get()
#9 C:\\Users\\ADMIN\\Desktop\\K2\\projects\\4viewsSocial\\APIAdmin\\vendor\\laravel\\framework\\src\\Illuminate\\Routing\\ControllerDispatcher.php(46): App\\Http\\Controllers\\UserController->listUsers(Object(Illuminate\\Http\\Request))
#10 C:\\Users\\ADMIN\\Desktop\\K2\\projects\\4viewsSocial\\APIAdmin\\vendor\\laravel\\framework\\src\\Illuminate\\Routing\\Route.php(265): Illuminate\\Routing\\ControllerDispatcher->dispatch(Object(Illuminate\\Routing\\Route), Object(App\\Http\\Controllers\\UserController), 'listUsers')
#11 C:\\Users\\ADMIN\\Desktop\\K2\\projects\\4viewsSocial\\APIAdmin\\vendor\\laravel\\framework\\src\\Illuminate\\Routing\\Route.php(211): Illuminate\\Routing\\Route->runController()
#12 C:\\Users\\ADMIN\\Desktop\\K2\\projects\\4viewsSocial\\APIAdmin\\vendor\\laravel\\framework\\src\\Illuminate\\Routing\\Router.php(822): Illuminate\\Routing\\Route->run()
#13 C:\\Users\\ADMIN\\Desktop\\K2\\projects\\4viewsSocial\\APIAdmin\\vendor\\laravel\\framework\\src\\Illuminate\\Pipeline\\Pipeline.php(180): Illuminate\\Routing\\Router->Illuminate\\Routing\\{closure}(Object(Illuminate\\Http\\Request))
#14 C:\\Users\\ADMIN\\Desktop\\K2\\projects\\4viewsSocial\\APIAdmin\\vendor\\laravel\\framework\\src\\Illuminate\\Routing\\Middleware\\SubstituteBindings.php(50): Illuminate\\Pipeline\\Pipeline->Illuminate\\Pipeline\\{closure}(Object(Illuminate\\Http\\Request))
#15 C:\\Users\\ADMIN\\Desktop\\K2\\projects\\4viewsSocial\\APIAdmin\\vendor\\laravel\\framework\\src\\Illuminate\\Pipeline\\Pipeline.php(219): Illuminate\\Routing\\Middleware\\SubstituteBindings->handle(Object(Illuminate\\Http\\Request), Object(Closure))
#16 C:\\Users\\ADMIN\\Desktop\\K2\\projects\\4viewsSocial\\APIAdmin\\vendor\\laravel\\framework\\src\\Illuminate\\Pipeline\\Pipeline.php(137): Illuminate\\Pipeline\\Pipeline->Illuminate\\Pipeline\\{closure}(Object(Illuminate\\Http\\Request))
#17 C:\\Users\\ADMIN\\Desktop\\K2\\projects\\4viewsSocial\\APIAdmin\\vendor\\laravel\\framework\\src\\Illuminate\\Routing\\Router.php(821): Illuminate\\Pipeline\\Pipeline->then(Object(Closure))
#18 C:\\Users\\ADMIN\\Desktop\\K2\\projects\\4viewsSocial\\APIAdmin\\vendor\\laravel\\framework\\src\\Illuminate\\Routing\\Router.php(800): Illuminate\\Routing\\Router->runRouteWithinStack(Object(Illuminate\\Routing\\Route), Object(Illuminate\\Http\\Request))
#19 C:\\Users\\ADMIN\\Desktop\\K2\\projects\\4viewsSocial\\APIAdmin\\vendor\\laravel\\framework\\src\\Illuminate\\Routing\\Router.php(764): Illuminate\\Routing\\Router->runRoute(Object(Illuminate\\Http\\Request), Object(Illuminate\\Routing\\Route))
#20 C:\\Users\\ADMIN\\Desktop\\K2\\projects\\4viewsSocial\\APIAdmin\\vendor\\laravel\\framework\\src\\Illuminate\\Routing\\Router.php(753): Illuminate\\Routing\\Router->dispatchToRoute(Object(Illuminate\\Http\\Request))
#21 C:\\Users\\ADMIN\\Desktop\\K2\\projects\\4viewsSocial\\APIAdmin\\vendor\\laravel\\framework\\src\\Illuminate\\Foundation\\Http\\Kernel.php(200): Illuminate\\Routing\\Router->dispatch(Object(Illuminate\\Http\\Request))
#22 C:\\Users\\ADMIN\\Desktop\\K2\\projects\\4viewsSocial\\APIAdmin\\vendor\\laravel\\framework\\src\\Illuminate\\Pipeline\\Pipeline.php(180): Illuminate\\Foundation\\Http\\Kernel->Illuminate\\Foundation\\Http\\{closure}(Object(Illuminate\\Http\\Request))
#23 C:\\Users\\ADMIN\\Desktop\\K2\\projects\\4viewsSocial\\APIAdmin\\vendor\\laravel\\framework\\src\\Illuminate\\Foundation\\Http\\Middleware\\TransformsRequest.php(21): Illuminate\\Pipeline\\Pipeline->Illuminate\\Pipeline\\{closure}(Object(Illuminate\\Http\\Request))
#24 C:\\Users\\ADMIN\\Desktop\\K2\\projects\\4viewsSocial\\APIAdmin\\vendor\\laravel\\framework\\src\\Illuminate\\Foundation\\Http\\Middleware\\ConvertEmptyStringsToNull.php(31): Illuminate\\Foundation\\Http\\Middleware\\TransformsRequest->handle(Object(Illuminate\\Http\\Request), Object(Closure))
#25 C:\\Users\\ADMIN\\Desktop\\K2\\projects\\4viewsSocial\\APIAdmin\\vendor\\laravel\\framework\\src\\Illuminate\\Pipeline\\Pipeline.php(219): Illuminate\\Foundation\\Http\\Middleware\\ConvertEmptyStringsToNull->handle(Object(Illuminate\\Http\\Request), Object(Closure))
#26 C:\\Users\\ADMIN\\Desktop\\K2\\projects\\4viewsSocial\\APIAdmin\\vendor\\laravel\\framework\\src\\Illuminate\\Foundation\\Http\\Middleware\\TransformsRequest.php(21): Illuminate\\Pipeline\\Pipeline->Illuminate\\Pipeline\\{closure}(Object(Illuminate\\Http\\Request))
#27 C:\\Users\\ADMIN\\Desktop\\K2\\projects\\4viewsSocial\\APIAdmin\\vendor\\laravel\\framework\\src\\Illuminate\\Foundation\\Http\\Middleware\\TrimStrings.php(51): Illuminate\\Foundation\\Http\\Middleware\\TransformsRequest->handle(Object(Illuminate\\Http\\Request), Object(Closure))
#28 C:\\Users\\ADMIN\\Desktop\\K2\\projects\\4viewsSocial\\APIAdmin\\vendor\\laravel\\framework\\src\\Illuminate\\Pipeline\\Pipeline.php(219): Illuminate\\Foundation\\Http\\Middleware\\TrimStrings->handle(Object(Illuminate\\Http\\Request), Object(Closure))
#29 C:\\Users\\ADMIN\\Desktop\\K2\\projects\\4viewsSocial\\APIAdmin\\vendor\\laravel\\framework\\src\\Illuminate\\Http\\Middleware\\ValidatePostSize.php(27): Illuminate\\Pipeline\\Pipeline->Illuminate\\Pipeline\\{closure}(Object(Illuminate\\Http\\Request))
#30 C:\\Users\\ADMIN\\Desktop\\K2\\projects\\4viewsSocial\\APIAdmin\\vendor\\laravel\\framework\\src\\Illuminate\\Pipeline\\Pipeline.php(219): Illuminate\\Http\\Middleware\\ValidatePostSize->handle(Object(Illuminate\\Http\\Request), Object(Closure))
#31 C:\\Users\\ADMIN\\Desktop\\K2\\projects\\4viewsSocial\\APIAdmin\\vendor\\laravel\\framework\\src\\Illuminate\\Foundation\\Http\\Middleware\\PreventRequestsDuringMaintenance.php(109): Illuminate\\Pipeline\\Pipeline->Illuminate\\Pipeline\\{closure}(Object(Illuminate\\Http\\Request))
#32 C:\\Users\\ADMIN\\Desktop\\K2\\projects\\4viewsSocial\\APIAdmin\\vendor\\laravel\\framework\\src\\Illuminate\\Pipeline\\Pipeline.php(219): Illuminate\\Foundation\\Http\\Middleware\\PreventRequestsDuringMaintenance->handle(Object(Illuminate\\Http\\Request), Object(Closure))
#33 C:\\Users\\ADMIN\\Desktop\\K2\\projects\\4viewsSocial\\APIAdmin\\vendor\\laravel\\framework\\src\\Illuminate\\Http\\Middleware\\HandleCors.php(61): Illuminate\\Pipeline\\Pipeline->Illuminate\\Pipeline\\{closure}(Object(Illuminate\\Http\\Request))
#34 C:\\Users\\ADMIN\\Desktop\\K2\\projects\\4viewsSocial\\APIAdmin\\vendor\\laravel\\framework\\src\\Illuminate\\Pipeline\\Pipeline.php(219): Illuminate\\Http\\Middleware\\HandleCors->handle(Object(Illuminate\\Http\\Request), Object(Closure))
#35 C:\\Users\\ADMIN\\Desktop\\K2\\projects\\4viewsSocial\\APIAdmin\\vendor\\laravel\\framework\\src\\Illuminate\\Http\\Middleware\\TrustProxies.php(58): Illuminate\\Pipeline\\Pipeline->Illuminate\\Pipeline\\{closure}(Object(Illuminate\\Http\\Request))
#36 C:\\Users\\ADMIN\\Desktop\\K2\\projects\\4viewsSocial\\APIAdmin\\vendor\\laravel\\framework\\src\\Illuminate\\Pipeline\\Pipeline.php(219): Illuminate\\Http\\Middleware\\TrustProxies->handle(Object(Illuminate\\Http\\Request), Object(Closure))
#37 C:\\Users\\ADMIN\\Desktop\\K2\\projects\\4viewsSocial\\APIAdmin\\vendor\\laravel\\framework\\src\\Illuminate\\Foundation\\Http\\Middleware\\InvokeDeferredCallbacks.php(22): Illuminate\\Pipeline\\Pipeline->Illuminate\\Pipeline\\{closure}(Object(Illuminate\\Http\\Request))
#38 C:\\Users\\ADMIN\\Desktop\\K2\\projects\\4viewsSocial\\APIAdmin\\vendor\\laravel\\framework\\src\\Illuminate\\Pipeline\\Pipeline.php(219): Illuminate\\Foundation\\Http\\Middleware\\InvokeDeferredCallbacks->handle(Object(Illuminate\\Http\\Request), Object(Closure))
#39 C:\\Users\\ADMIN\\Desktop\\K2\\projects\\4viewsSocial\\APIAdmin\\vendor\\laravel\\framework\\src\\Illuminate\\Http\\Middleware\\ValidatePathEncoding.php(26): Illuminate\\Pipeline\\Pipeline->Illuminate\\Pipeline\\{closure}(Object(Illuminate\\Http\\Request))
#40 C:\\Users\\ADMIN\\Desktop\\K2\\projects\\4viewsSocial\\APIAdmin\\vendor\\laravel\\framework\\src\\Illuminate\\Pipeline\\Pipeline.php(219): Illuminate\\Http\\Middleware\\ValidatePathEncoding->handle(Object(Illuminate\\Http\\Request), Object(Closure))
#41 C:\\Users\\ADMIN\\Desktop\\K2\\projects\\4viewsSocial\\APIAdmin\\vendor\\laravel\\framework\\src\\Illuminate\\Pipeline\\Pipeline.php(137): Illuminate\\Pipeline\\Pipeline->Illuminate\\Pipeline\\{closure}(Object(Illuminate\\Http\\Request))
#42 C:\\Users\\ADMIN\\Desktop\\K2\\projects\\4viewsSocial\\APIAdmin\\vendor\\laravel\\framework\\src\\Illuminate\\Foundation\\Http\\Kernel.php(175): Illuminate\\Pipeline\\Pipeline->then(Object(Closure))
#43 C:\\Users\\ADMIN\\Desktop\\K2\\projects\\4viewsSocial\\APIAdmin\\vendor\\laravel\\framework\\src\\Illuminate\\Foundation\\Http\\Kernel.php(144): Illuminate\\Foundation\\Http\\Kernel->sendRequestThroughRouter(Object(Illuminate\\Http\\Request))
#44 C:\\Users\\ADMIN\\Desktop\\K2\\projects\\4viewsSocial\\APIAdmin\\vendor\\laravel\\framework\\src\\Illuminate\\Foundation\\Application.php(1220): Illuminate\\Foundation\\Http\\Kernel->handle(Object(Illuminate\\Http\\Request))
#45 C:\\Users\\ADMIN\\Desktop\\K2\\projects\\4viewsSocial\\APIAdmin\\public\\index.php(20): Illuminate\\Foundation\\Application->handleRequest(Object(Illuminate\\Http\\Request))
#46 C:\\Users\\ADMIN\\Desktop\\K2\\projects\\4viewsSocial\\APIAdmin\\vendor\\laravel\\framework\\src\\Illuminate\\Foundation\\resources\\server.php(23): require_once('C:\\\\Users\\\\ADMIN\\\\...')
#47 {main}

[previous exception] [object] (PDOException(code: 42S22): SQLSTATE[42S22]: Column not found: 1054 Unknown column 'gmail' in 'field list' at C:\\Users\\ADMIN\\Desktop\\K2\\projects\\4viewsSocial\\APIAdmin\\vendor\\laravel\\framework\\src\\Illuminate\\Database\\Connection.php:406)
[stacktrace]
#0 C:\\Users\\ADMIN\\Desktop\\K2\\projects\\4viewsSocial\\APIAdmin\\vendor\\laravel\\framework\\src\\Illuminate\\Database\\Connection.php(406): PDO->prepare('select `id`, `u...')
#1 C:\\Users\\ADMIN\\Desktop\\K2\\projects\\4viewsSocial\\APIAdmin\\vendor\\laravel\\framework\\src\\Illuminate\\Database\\Connection.php(811): Illuminate\\Database\\Connection->Illuminate\\Database\\{closure}('select `id`, `u...', Array)
#2 C:\\Users\\ADMIN\\Desktop\\K2\\projects\\4viewsSocial\\APIAdmin\\vendor\\laravel\\framework\\src\\Illuminate\\Database\\Connection.php(778): Illuminate\\Database\\Connection->runQueryCallback('select `id`, `u...', Array, Object(Closure))
#3 C:\\Users\\ADMIN\\Desktop\\K2\\projects\\4viewsSocial\\APIAdmin\\vendor\\laravel\\framework\\src\\Illuminate\\Database\\Connection.php(397): Illuminate\\Database\\Connection->run('select `id`, `u...', Array, Object(Closure))
#4 C:\\Users\\ADMIN\\Desktop\\K2\\projects\\4viewsSocial\\APIAdmin\\vendor\\laravel\\framework\\src\\Illuminate\\Database\\Query\\Builder.php(3188): Illuminate\\Database\\Connection->select('select `id`, `u...', Array, true)
#5 C:\\Users\\ADMIN\\Desktop\\K2\\projects\\4viewsSocial\\APIAdmin\\vendor\\laravel\\framework\\src\\Illuminate\\Database\\Query\\Builder.php(3173): Illuminate\\Database\\Query\\Builder->runSelect()
#6 C:\\Users\\ADMIN\\Desktop\\K2\\projects\\4viewsSocial\\APIAdmin\\vendor\\laravel\\framework\\src\\Illuminate\\Database\\Query\\Builder.php(3763): Illuminate\\Database\\Query\\Builder->Illuminate\\Database\\Query\\{closure}()
#7 C:\\Users\\ADMIN\\Desktop\\K2\\projects\\4viewsSocial\\APIAdmin\\vendor\\laravel\\framework\\src\\Illuminate\\Database\\Query\\Builder.php(3172): Illuminate\\Database\\Query\\Builder->onceWithColumns(Array, Object(Closure))
#8 C:\\Users\\ADMIN\\Desktop\\K2\\projects\\4viewsSocial\\APIAdmin\\vendor\\laravel\\framework\\src\\Illuminate\\Database\\Eloquent\\Builder.php(902): Illuminate\\Database\\Query\\Builder->get(Array)
#9 C:\\Users\\ADMIN\\Desktop\\K2\\projects\\4viewsSocial\\APIAdmin\\vendor\\laravel\\framework\\src\\Illuminate\\Database\\Eloquent\\Builder.php(884): Illuminate\\Database\\Eloquent\\Builder->getModels(Array)
#10 C:\\Users\\ADMIN\\Desktop\\K2\\projects\\4viewsSocial\\APIAdmin\\app\\Http\\Controllers\\UserController.php(44): Illuminate\\Database\\Eloquent\\Builder->get()
#11 C:\\Users\\ADMIN\\Desktop\\K2\\projects\\4viewsSocial\\APIAdmin\\vendor\\laravel\\framework\\src\\Illuminate\\Routing\\ControllerDispatcher.php(46): App\\Http\\Controllers\\UserController->listUsers(Object(Illuminate\\Http\\Request))
#12 C:\\Users\\ADMIN\\Desktop\\K2\\projects\\4viewsSocial\\APIAdmin\\vendor\\laravel\\framework\\src\\Illuminate\\Routing\\Route.php(265): Illuminate\\Routing\\ControllerDispatcher->dispatch(Object(Illuminate\\Routing\\Route), Object(App\\Http\\Controllers\\UserController), 'listUsers')
#13 C:\\Users\\ADMIN\\Desktop\\K2\\projects\\4viewsSocial\\APIAdmin\\vendor\\laravel\\framework\\src\\Illuminate\\Routing\\Route.php(211): Illuminate\\Routing\\Route->runController()
#14 C:\\Users\\ADMIN\\Desktop\\K2\\projects\\4viewsSocial\\APIAdmin\\vendor\\laravel\\framework\\src\\Illuminate\\Routing\\Router.php(822): Illuminate\\Routing\\Route->run()
#15 C:\\Users\\ADMIN\\Desktop\\K2\\projects\\4viewsSocial\\APIAdmin\\vendor\\laravel\\framework\\src\\Illuminate\\Pipeline\\Pipeline.php(180): Illuminate\\Routing\\Router->Illuminate\\Routing\\{closure}(Object(Illuminate\\Http\\Request))
#16 C:\\Users\\ADMIN\\Desktop\\K2\\projects\\4viewsSocial\\APIAdmin\\vendor\\laravel\\framework\\src\\Illuminate\\Routing\\Middleware\\SubstituteBindings.php(50): Illuminate\\Pipeline\\Pipeline->Illuminate\\Pipeline\\{closure}(Object(Illuminate\\Http\\Request))
#17 C:\\Users\\ADMIN\\Desktop\\K2\\projects\\4viewsSocial\\APIAdmin\\vendor\\laravel\\framework\\src\\Illuminate\\Pipeline\\Pipeline.php(219): Illuminate\\Routing\\Middleware\\SubstituteBindings->handle(Object(Illuminate\\Http\\Request), Object(Closure))
#18 C:\\Users\\ADMIN\\Desktop\\K2\\projects\\4viewsSocial\\APIAdmin\\vendor\\laravel\\framework\\src\\Illuminate\\Pipeline\\Pipeline.php(137): Illuminate\\Pipeline\\Pipeline->Illuminate\\Pipeline\\{closure}(Object(Illuminate\\Http\\Request))
#19 C:\\Users\\ADMIN\\Desktop\\K2\\projects\\4viewsSocial\\APIAdmin\\vendor\\laravel\\framework\\src\\Illuminate\\Routing\\Router.php(821): Illuminate\\Pipeline\\Pipeline->then(Object(Closure))
#20 C:\\Users\\ADMIN\\Desktop\\K2\\projects\\4viewsSocial\\APIAdmin\\vendor\\laravel\\framework\\src\\Illuminate\\Routing\\Router.php(800): Illuminate\\Routing\\Router->runRouteWithinStack(Object(Illuminate\\Routing\\Route), Object(Illuminate\\Http\\Request))
#21 C:\\Users\\ADMIN\\Desktop\\K2\\projects\\4viewsSocial\\APIAdmin\\vendor\\laravel\\framework\\src\\Illuminate\\Routing\\Router.php(764): Illuminate\\Routing\\Router->runRoute(Object(Illuminate\\Http\\Request), Object(Illuminate\\Routing\\Route))
#22 C:\\Users\\ADMIN\\Desktop\\K2\\projects\\4viewsSocial\\APIAdmin\\vendor\\laravel\\framework\\src\\Illuminate\\Routing\\Router.php(753): Illuminate\\Routing\\Router->dispatchToRoute(Object(Illuminate\\Http\\Request))
#23 C:\\Users\\ADMIN\\Desktop\\K2\\projects\\4viewsSocial\\APIAdmin\\vendor\\laravel\\framework\\src\\Illuminate\\Foundation\\Http\\Kernel.php(200): Illuminate\\Routing\\Router->dispatch(Object(Illuminate\\Http\\Request))
#24 C:\\Users\\ADMIN\\Desktop\\K2\\projects\\4viewsSocial\\APIAdmin\\vendor\\laravel\\framework\\src\\Illuminate\\Pipeline\\Pipeline.php(180): Illuminate\\Foundation\\Http\\Kernel->Illuminate\\Foundation\\Http\\{closure}(Object(Illuminate\\Http\\Request))
#25 C:\\Users\\ADMIN\\Desktop\\K2\\projects\\4viewsSocial\\APIAdmin\\vendor\\laravel\\framework\\src\\Illuminate\\Foundation\\Http\\Middleware\\TransformsRequest.php(21): Illuminate\\Pipeline\\Pipeline->Illuminate\\Pipeline\\{closure}(Object(Illuminate\\Http\\Request))
#26 C:\\Users\\ADMIN\\Desktop\\K2\\projects\\4viewsSocial\\APIAdmin\\vendor\\laravel\\framework\\src\\Illuminate\\Foundation\\Http\\Middleware\\ConvertEmptyStringsToNull.php(31): Illuminate\\Foundation\\Http\\Middleware\\TransformsRequest->handle(Object(Illuminate\\Http\\Request), Object(Closure))
#27 C:\\Users\\ADMIN\\Desktop\\K2\\projects\\4viewsSocial\\APIAdmin\\vendor\\laravel\\framework\\src\\Illuminate\\Pipeline\\Pipeline.php(219): Illuminate\\Foundation\\Http\\Middleware\\ConvertEmptyStringsToNull->handle(Object(Illuminate\\Http\\Request), Object(Closure))
#28 C:\\Users\\ADMIN\\Desktop\\K2\\projects\\4viewsSocial\\APIAdmin\\vendor\\laravel\\framework\\src\\Illuminate\\Foundation\\Http\\Middleware\\TransformsRequest.php(21): Illuminate\\Pipeline\\Pipeline->Illuminate\\Pipeline\\{closure}(Object(Illuminate\\Http\\Request))
#29 C:\\Users\\ADMIN\\Desktop\\K2\\projects\\4viewsSocial\\APIAdmin\\vendor\\laravel\\framework\\src\\Illuminate\\Foundation\\Http\\Middleware\\TrimStrings.php(51): Illuminate\\Foundation\\Http\\Middleware\\TransformsRequest->handle(Object(Illuminate\\Http\\Request), Object(Closure))
#30 C:\\Users\\ADMIN\\Desktop\\K2\\projects\\4viewsSocial\\APIAdmin\\vendor\\laravel\\framework\\src\\Illuminate\\Pipeline\\Pipeline.php(219): Illuminate\\Foundation\\Http\\Middleware\\TrimStrings->handle(Object(Illuminate\\Http\\Request), Object(Closure))
#31 C:\\Users\\ADMIN\\Desktop\\K2\\projects\\4viewsSocial\\APIAdmin\\vendor\\laravel\\framework\\src\\Illuminate\\Http\\Middleware\\ValidatePostSize.php(27): Illuminate\\Pipeline\\Pipeline->Illuminate\\Pipeline\\{closure}(Object(Illuminate\\Http\\Request))
#32 C:\\Users\\ADMIN\\Desktop\\K2\\projects\\4viewsSocial\\APIAdmin\\vendor\\laravel\\framework\\src\\Illuminate\\Pipeline\\Pipeline.php(219): Illuminate\\Http\\Middleware\\ValidatePostSize->handle(Object(Illuminate\\Http\\Request), Object(Closure))
#33 C:\\Users\\ADMIN\\Desktop\\K2\\projects\\4viewsSocial\\APIAdmin\\vendor\\laravel\\framework\\src\\Illuminate\\Foundation\\Http\\Middleware\\PreventRequestsDuringMaintenance.php(109): Illuminate\\Pipeline\\Pipeline->Illuminate\\Pipeline\\{closure}(Object(Illuminate\\Http\\Request))
#34 C:\\Users\\ADMIN\\Desktop\\K2\\projects\\4viewsSocial\\APIAdmin\\vendor\\laravel\\framework\\src\\Illuminate\\Pipeline\\Pipeline.php(219): Illuminate\\Foundation\\Http\\Middleware\\PreventRequestsDuringMaintenance->handle(Object(Illuminate\\Http\\Request), Object(Closure))
#35 C:\\Users\\ADMIN\\Desktop\\K2\\projects\\4viewsSocial\\APIAdmin\\vendor\\laravel\\framework\\src\\Illuminate\\Http\\Middleware\\HandleCors.php(61): Illuminate\\Pipeline\\Pipeline->Illuminate\\Pipeline\\{closure}(Object(Illuminate\\Http\\Request))
#36 C:\\Users\\ADMIN\\Desktop\\K2\\projects\\4viewsSocial\\APIAdmin\\vendor\\laravel\\framework\\src\\Illuminate\\Pipeline\\Pipeline.php(219): Illuminate\\Http\\Middleware\\HandleCors->handle(Object(Illuminate\\Http\\Request), Object(Closure))
#37 C:\\Users\\ADMIN\\Desktop\\K2\\projects\\4viewsSocial\\APIAdmin\\vendor\\laravel\\framework\\src\\Illuminate\\Http\\Middleware\\TrustProxies.php(58): Illuminate\\Pipeline\\Pipeline->Illuminate\\Pipeline\\{closure}(Object(Illuminate\\Http\\Request))
#38 C:\\Users\\ADMIN\\Desktop\\K2\\projects\\4viewsSocial\\APIAdmin\\vendor\\laravel\\framework\\src\\Illuminate\\Pipeline\\Pipeline.php(219): Illuminate\\Http\\Middleware\\TrustProxies->handle(Object(Illuminate\\Http\\Request), Object(Closure))
#39 C:\\Users\\ADMIN\\Desktop\\K2\\projects\\4viewsSocial\\APIAdmin\\vendor\\laravel\\framework\\src\\Illuminate\\Foundation\\Http\\Middleware\\InvokeDeferredCallbacks.php(22): Illuminate\\Pipeline\\Pipeline->Illuminate\\Pipeline\\{closure}(Object(Illuminate\\Http\\Request))
#40 C:\\Users\\ADMIN\\Desktop\\K2\\projects\\4viewsSocial\\APIAdmin\\vendor\\laravel\\framework\\src\\Illuminate\\Pipeline\\Pipeline.php(219): Illuminate\\Foundation\\Http\\Middleware\\InvokeDeferredCallbacks->handle(Object(Illuminate\\Http\\Request), Object(Closure))
#41 C:\\Users\\ADMIN\\Desktop\\K2\\projects\\4viewsSocial\\APIAdmin\\vendor\\laravel\\framework\\src\\Illuminate\\Http\\Middleware\\ValidatePathEncoding.php(26): Illuminate\\Pipeline\\Pipeline->Illuminate\\Pipeline\\{closure}(Object(Illuminate\\Http\\Request))
#42 C:\\Users\\ADMIN\\Desktop\\K2\\projects\\4viewsSocial\\APIAdmin\\vendor\\laravel\\framework\\src\\Illuminate\\Pipeline\\Pipeline.php(219): Illuminate\\Http\\Middleware\\ValidatePathEncoding->handle(Object(Illuminate\\Http\\Request), Object(Closure))
#43 C:\\Users\\ADMIN\\Desktop\\K2\\projects\\4viewsSocial\\APIAdmin\\vendor\\laravel\\framework\\src\\Illuminate\\Pipeline\\Pipeline.php(137): Illuminate\\Pipeline\\Pipeline->Illuminate\\Pipeline\\{closure}(Object(Illuminate\\Http\\Request))
#44 C:\\Users\\ADMIN\\Desktop\\K2\\projects\\4viewsSocial\\APIAdmin\\vendor\\laravel\\framework\\src\\Illuminate\\Foundation\\Http\\Kernel.php(175): Illuminate\\Pipeline\\Pipeline->then(Object(Closure))
#45 C:\\Users\\ADMIN\\Desktop\\K2\\projects\\4viewsSocial\\APIAdmin\\vendor\\laravel\\framework\\src\\Illuminate\\Foundation\\Http\\Kernel.php(144): Illuminate\\Foundation\\Http\\Kernel->sendRequestThroughRouter(Object(Illuminate\\Http\\Request))
#46 C:\\Users\\ADMIN\\Desktop\\K2\\projects\\4viewsSocial\\APIAdmin\\vendor\\laravel\\framework\\src\\Illuminate\\Foundation\\Application.php(1220): Illuminate\\Foundation\\Http\\Kernel->handle(Object(Illuminate\\Http\\Request))
#47 C:\\Users\\ADMIN\\Desktop\\K2\\projects\\4viewsSocial\\APIAdmin\\public\\index.php(20): Illuminate\\Foundation\\Application->handleRequest(Object(Illuminate\\Http\\Request))
#48 C:\\Users\\ADMIN\\Desktop\\K2\\projects\\4viewsSocial\\APIAdmin\\vendor\\laravel\\framework\\src\\Illuminate\\Foundation\\resources\\server.php(23): require_once('C:\\\\Users\\\\ADMIN\\\\...')
#49 {main}
"} 
[2026-01-04 04:07:32] local.ERROR: SQLSTATE[42S22]: Column not found: 1054 Unknown column 'created_at' in 'field list' (Connection: mysql, SQL: select DATE(created_at) as date, COUNT(*) as total from `violence_warnings` where `created_at` >= 2025-12-29 00:00:00 group by `date`) {"exception":"[object] (Illuminate\\Database\\QueryException(code: 42S22): SQLSTATE[42S22]: Column not found: 1054 Unknown column 'created_at' in 'field list' (Connection: mysql, SQL: select DATE(created_at) as date, COUNT(*) as total from `violence_warnings` where `created_at` >= 2025-12-29 00:00:00 group by `date`) at C:\\Users\\ADMIN\\Desktop\\K2\\projects\\4viewsSocial\\APIAdmin\\vendor\\laravel\\framework\\src\\Illuminate\\Database\\Connection.php:824)
[stacktrace]
#0 C:\\Users\\ADMIN\\Desktop\\K2\\projects\\4viewsSocial\\APIAdmin\\vendor\\laravel\\framework\\src\\Illuminate\\Database\\Connection.php(778): Illuminate\\Database\\Connection->runQueryCallback('select DATE(cre...', Array, Object(Closure))
#1 C:\\Users\\ADMIN\\Desktop\\K2\\projects\\4viewsSocial\\APIAdmin\\vendor\\laravel\\framework\\src\\Illuminate\\Database\\Connection.php(397): Illuminate\\Database\\Connection->run('select DATE(cre...', Array, Object(Closure))
#2 C:\\Users\\ADMIN\\Desktop\\K2\\projects\\4viewsSocial\\APIAdmin\\vendor\\laravel\\framework\\src\\Illuminate\\Database\\Query\\Builder.php(3188): Illuminate\\Database\\Connection->select('select DATE(cre...', Array, true)
#3 C:\\Users\\ADMIN\\Desktop\\K2\\projects\\4viewsSocial\\APIAdmin\\vendor\\laravel\\framework\\src\\Illuminate\\Database\\Query\\Builder.php(3446): Illuminate\\Database\\Query\\Builder->runSelect()
#4 C:\\Users\\ADMIN\\Desktop\\K2\\projects\\4viewsSocial\\APIAdmin\\vendor\\laravel\\framework\\src\\Illuminate\\Database\\Query\\Builder.php(3763): Illuminate\\Database\\Query\\Builder->Illuminate\\Database\\Query\\{closure}()
#5 C:\\Users\\ADMIN\\Desktop\\K2\\projects\\4viewsSocial\\APIAdmin\\vendor\\laravel\\framework\\src\\Illuminate\\Database\\Query\\Builder.php(3442): Illuminate\\Database\\Query\\Builder->onceWithColumns(Array, Object(Closure))
#6 C:\\Users\\ADMIN\\Desktop\\K2\\projects\\4viewsSocial\\APIAdmin\\vendor\\laravel\\framework\\src\\Illuminate\\Database\\Eloquent\\Builder.php(1082): Illuminate\\Database\\Query\\Builder->pluck('total', 'date')
#7 C:\\Users\\ADMIN\\Desktop\\K2\\projects\\4viewsSocial\\APIAdmin\\app\\Http\\Controllers\\DashboardController.php(86): Illuminate\\Database\\Eloquent\\Builder->pluck('total', 'date')
#8 C:\\Users\\ADMIN\\Desktop\\K2\\projects\\4viewsSocial\\APIAdmin\\vendor\\laravel\\framework\\src\\Illuminate\\Routing\\ControllerDispatcher.php(46): App\\Http\\Controllers\\DashboardController->chart()
#9 C:\\Users\\ADMIN\\Desktop\\K2\\projects\\4viewsSocial\\APIAdmin\\vendor\\laravel\\framework\\src\\Illuminate\\Routing\\Route.php(265): Illuminate\\Routing\\ControllerDispatcher->dispatch(Object(Illuminate\\Routing\\Route), Object(App\\Http\\Controllers\\DashboardController), 'chart')
#10 C:\\Users\\ADMIN\\Desktop\\K2\\projects\\4viewsSocial\\APIAdmin\\vendor\\laravel\\framework\\src\\Illuminate\\Routing\\Route.php(211): Illuminate\\Routing\\Route->runController()
#11 C:\\Users\\ADMIN\\Desktop\\K2\\projects\\4viewsSocial\\APIAdmin\\vendor\\laravel\\framework\\src\\Illuminate\\Routing\\Router.php(822): Illuminate\\Routing\\Route->run()
#12 C:\\Users\\ADMIN\\Desktop\\K2\\projects\\4viewsSocial\\APIAdmin\\vendor\\laravel\\framework\\src\\Illuminate\\Pipeline\\Pipeline.php(180): Illuminate\\Routing\\Router->Illuminate\\Routing\\{closure}(Object(Illuminate\\Http\\Request))
#13 C:\\Users\\ADMIN\\Desktop\\K2\\projects\\4viewsSocial\\APIAdmin\\vendor\\laravel\\framework\\src\\Illuminate\\Routing\\Middleware\\SubstituteBindings.php(50): Illuminate\\Pipeline\\Pipeline->Illuminate\\Pipeline\\{closure}(Object(Illuminate\\Http\\Request))
#14 C:\\Users\\ADMIN\\Desktop\\K2\\projects\\4viewsSocial\\APIAdmin\\vendor\\laravel\\framework\\src\\Illuminate\\Pipeline\\Pipeline.php(219): Illuminate\\Routing\\Middleware\\SubstituteBindings->handle(Object(Illuminate\\Http\\Request), Object(Closure))
#15 C:\\Users\\ADMIN\\Desktop\\K2\\projects\\4viewsSocial\\APIAdmin\\vendor\\laravel\\framework\\src\\Illuminate\\Pipeline\\Pipeline.php(137): Illuminate\\Pipeline\\Pipeline->Illuminate\\Pipeline\\{closure}(Object(Illuminate\\Http\\Request))
#16 C:\\Users\\ADMIN\\Desktop\\K2\\projects\\4viewsSocial\\APIAdmin\\vendor\\laravel\\framework\\src\\Illuminate\\Routing\\Router.php(821): Illuminate\\Pipeline\\Pipeline->then(Object(Closure))
#17 C:\\Users\\ADMIN\\Desktop\\K2\\projects\\4viewsSocial\\APIAdmin\\vendor\\laravel\\framework\\src\\Illuminate\\Routing\\Router.php(800): Illuminate\\Routing\\Router->runRouteWithinStack(Object(Illuminate\\Routing\\Route), Object(Illuminate\\Http\\Request))
#18 C:\\Users\\ADMIN\\Desktop\\K2\\projects\\4viewsSocial\\APIAdmin\\vendor\\laravel\\framework\\src\\Illuminate\\Routing\\Router.php(764): Illuminate\\Routing\\Router->runRoute(Object(Illuminate\\Http\\Request), Object(Illuminate\\Routing\\Route))
#19 C:\\Users\\ADMIN\\Desktop\\K2\\projects\\4viewsSocial\\APIAdmin\\vendor\\laravel\\framework\\src\\Illuminate\\Routing\\Router.php(753): Illuminate\\Routing\\Router->dispatchToRoute(Object(Illuminate\\Http\\Request))
#20 C:\\Users\\ADMIN\\Desktop\\K2\\projects\\4viewsSocial\\APIAdmin\\vendor\\laravel\\framework\\src\\Illuminate\\Foundation\\Http\\Kernel.php(200): Illuminate\\Routing\\Router->dispatch(Object(Illuminate\\Http\\Request))
#21 C:\\Users\\ADMIN\\Desktop\\K2\\projects\\4viewsSocial\\APIAdmin\\vendor\\laravel\\framework\\src\\Illuminate\\Pipeline\\Pipeline.php(180): Illuminate\\Foundation\\Http\\Kernel->Illuminate\\Foundation\\Http\\{closure}(Object(Illuminate\\Http\\Request))
#22 C:\\Users\\ADMIN\\Desktop\\K2\\projects\\4viewsSocial\\APIAdmin\\vendor\\laravel\\framework\\src\\Illuminate\\Foundation\\Http\\Middleware\\TransformsRequest.php(21): Illuminate\\Pipeline\\Pipeline->Illuminate\\Pipeline\\{closure}(Object(Illuminate\\Http\\Request))
#23 C:\\Users\\ADMIN\\Desktop\\K2\\projects\\4viewsSocial\\APIAdmin\\vendor\\laravel\\framework\\src\\Illuminate\\Foundation\\Http\\Middleware\\ConvertEmptyStringsToNull.php(31): Illuminate\\Foundation\\Http\\Middleware\\TransformsRequest->handle(Object(Illuminate\\Http\\Request), Object(Closure))
#24 C:\\Users\\ADMIN\\Desktop\\K2\\projects\\4viewsSocial\\APIAdmin\\vendor\\laravel\\framework\\src\\Illuminate\\Pipeline\\Pipeline.php(219): Illuminate\\Foundation\\Http\\Middleware\\ConvertEmptyStringsToNull->handle(Object(Illuminate\\Http\\Request), Object(Closure))
#25 C:\\Users\\ADMIN\\Desktop\\K2\\projects\\4viewsSocial\\APIAdmin\\vendor\\laravel\\framework\\src\\Illuminate\\Foundation\\Http\\Middleware\\TransformsRequest.php(21): Illuminate\\Pipeline\\Pipeline->Illuminate\\Pipeline\\{closure}(Object(Illuminate\\Http\\Request))
#26 C:\\Users\\ADMIN\\Desktop\\K2\\projects\\4viewsSocial\\APIAdmin\\vendor\\laravel\\framework\\src\\Illuminate\\Foundation\\Http\\Middleware\\TrimStrings.php(51): Illuminate\\Foundation\\Http\\Middleware\\TransformsRequest->handle(Object(Illuminate\\Http\\Request), Object(Closure))
#27 C:\\Users\\ADMIN\\Desktop\\K2\\projects\\4viewsSocial\\APIAdmin\\vendor\\laravel\\framework\\src\\Illuminate\\Pipeline\\Pipeline.php(219): Illuminate\\Foundation\\Http\\Middleware\\TrimStrings->handle(Object(Illuminate\\Http\\Request), Object(Closure))
#28 C:\\Users\\ADMIN\\Desktop\\K2\\projects\\4viewsSocial\\APIAdmin\\vendor\\laravel\\framework\\src\\Illuminate\\Http\\Middleware\\ValidatePostSize.php(27): Illuminate\\Pipeline\\Pipeline->Illuminate\\Pipeline\\{closure}(Object(Illuminate\\Http\\Request))
#29 C:\\Users\\ADMIN\\Desktop\\K2\\projects\\4viewsSocial\\APIAdmin\\vendor\\laravel\\framework\\src\\Illuminate\\Pipeline\\Pipeline.php(219): Illuminate\\Http\\Middleware\\ValidatePostSize->handle(Object(Illuminate\\Http\\Request), Object(Closure))
#30 C:\\Users\\ADMIN\\Desktop\\K2\\projects\\4viewsSocial\\APIAdmin\\vendor\\laravel\\framework\\src\\Illuminate\\Foundation\\Http\\Middleware\\PreventRequestsDuringMaintenance.php(109): Illuminate\\Pipeline\\Pipeline->Illuminate\\Pipeline\\{closure}(Object(Illuminate\\Http\\Request))
#31 C:\\Users\\ADMIN\\Desktop\\K2\\projects\\4viewsSocial\\APIAdmin\\vendor\\laravel\\framework\\src\\Illuminate\\Pipeline\\Pipeline.php(219): Illuminate\\Foundation\\Http\\Middleware\\PreventRequestsDuringMaintenance->handle(Object(Illuminate\\Http\\Request), Object(Closure))
#32 C:\\Users\\ADMIN\\Desktop\\K2\\projects\\4viewsSocial\\APIAdmin\\vendor\\laravel\\framework\\src\\Illuminate\\Http\\Middleware\\HandleCors.php(61): Illuminate\\Pipeline\\Pipeline->Illuminate\\Pipeline\\{closure}(Object(Illuminate\\Http\\Request))
#33 C:\\Users\\ADMIN\\Desktop\\K2\\projects\\4viewsSocial\\APIAdmin\\vendor\\laravel\\framework\\src\\Illuminate\\Pipeline\\Pipeline.php(219): Illuminate\\Http\\Middleware\\HandleCors->handle(Object(Illuminate\\Http\\Request), Object(Closure))
#34 C:\\Users\\ADMIN\\Desktop\\K2\\projects\\4viewsSocial\\APIAdmin\\vendor\\laravel\\framework\\src\\Illuminate\\Http\\Middleware\\TrustProxies.php(58): Illuminate\\Pipeline\\Pipeline->Illuminate\\Pipeline\\{closure}(Object(Illuminate\\Http\\Request))
#35 C:\\Users\\ADMIN\\Desktop\\K2\\projects\\4viewsSocial\\APIAdmin\\vendor\\laravel\\framework\\src\\Illuminate\\Pipeline\\Pipeline.php(219): Illuminate\\Http\\Middleware\\TrustProxies->handle(Object(Illuminate\\Http\\Request), Object(Closure))
#36 C:\\Users\\ADMIN\\Desktop\\K2\\projects\\4viewsSocial\\APIAdmin\\vendor\\laravel\\framework\\src\\Illuminate\\Foundation\\Http\\Middleware\\InvokeDeferredCallbacks.php(22): Illuminate\\Pipeline\\Pipeline->Illuminate\\Pipeline\\{closure}(Object(Illuminate\\Http\\Request))
#37 C:\\Users\\ADMIN\\Desktop\\K2\\projects\\4viewsSocial\\APIAdmin\\vendor\\laravel\\framework\\src\\Illuminate\\Pipeline\\Pipeline.php(219): Illuminate\\Foundation\\Http\\Middleware\\InvokeDeferredCallbacks->handle(Object(Illuminate\\Http\\Request), Object(Closure))
#38 C:\\Users\\ADMIN\\Desktop\\K2\\projects\\4viewsSocial\\APIAdmin\\vendor\\laravel\\framework\\src\\Illuminate\\Http\\Middleware\\ValidatePathEncoding.php(26): Illuminate\\Pipeline\\Pipeline->Illuminate\\Pipeline\\{closure}(Object(Illuminate\\Http\\Request))
#39 C:\\Users\\ADMIN\\Desktop\\K2\\projects\\4viewsSocial\\APIAdmin\\vendor\\laravel\\framework\\src\\Illuminate\\Pipeline\\Pipeline.php(219): Illuminate\\Http\\Middleware\\ValidatePathEncoding->handle(Object(Illuminate\\Http\\Request), Object(Closure))
#40 C:\\Users\\ADMIN\\Desktop\\K2\\projects\\4viewsSocial\\APIAdmin\\vendor\\laravel\\framework\\src\\Illuminate\\Pipeline\\Pipeline.php(137): Illuminate\\Pipeline\\Pipeline->Illuminate\\Pipeline\\{closure}(Object(Illuminate\\Http\\Request))
#41 C:\\Users\\ADMIN\\Desktop\\K2\\projects\\4viewsSocial\\APIAdmin\\vendor\\laravel\\framework\\src\\Illuminate\\Foundation\\Http\\Kernel.php(175): Illuminate\\Pipeline\\Pipeline->then(Object(Closure))
#42 C:\\Users\\ADMIN\\Desktop\\K2\\projects\\4viewsSocial\\APIAdmin\\vendor\\laravel\\framework\\src\\Illuminate\\Foundation\\Http\\Kernel.php(144): Illuminate\\Foundation\\Http\\Kernel->sendRequestThroughRouter(Object(Illuminate\\Http\\Request))
#43 C:\\Users\\ADMIN\\Desktop\\K2\\projects\\4viewsSocial\\APIAdmin\\vendor\\laravel\\framework\\src\\Illuminate\\Foundation\\Application.php(1220): Illuminate\\Foundation\\Http\\Kernel->handle(Object(Illuminate\\Http\\Request))
#44 C:\\Users\\ADMIN\\Desktop\\K2\\projects\\4viewsSocial\\APIAdmin\\public\\index.php(20): Illuminate\\Foundation\\Application->handleRequest(Object(Illuminate\\Http\\Request))
#45 C:\\Users\\ADMIN\\Desktop\\K2\\projects\\4viewsSocial\\APIAdmin\\vendor\\laravel\\framework\\src\\Illuminate\\Foundation\\resources\\server.php(23): require_once('C:\\\\Users\\\\ADMIN\\\\...')
#46 {main}

[previous exception] [object] (PDOException(code: 42S22): SQLSTATE[42S22]: Column not found: 1054 Unknown column 'created_at' in 'field list' at C:\\Users\\ADMIN\\Desktop\\K2\\projects\\4viewsSocial\\APIAdmin\\vendor\\laravel\\framework\\src\\Illuminate\\Database\\Connection.php:406)
[stacktrace]
#0 C:\\Users\\ADMIN\\Desktop\\K2\\projects\\4viewsSocial\\APIAdmin\\vendor\\laravel\\framework\\src\\Illuminate\\Database\\Connection.php(406): PDO->prepare('select DATE(cre...')
#1 C:\\Users\\ADMIN\\Desktop\\K2\\projects\\4viewsSocial\\APIAdmin\\vendor\\laravel\\framework\\src\\Illuminate\\Database\\Connection.php(811): Illuminate\\Database\\Connection->Illuminate\\Database\\{closure}('select DATE(cre...', Array)
#2 C:\\Users\\ADMIN\\Desktop\\K2\\projects\\4viewsSocial\\APIAdmin\\vendor\\laravel\\framework\\src\\Illuminate\\Database\\Connection.php(778): Illuminate\\Database\\Connection->runQueryCallback('select DATE(cre...', Array, Object(Closure))
#3 C:\\Users\\ADMIN\\Desktop\\K2\\projects\\4viewsSocial\\APIAdmin\\vendor\\laravel\\framework\\src\\Illuminate\\Database\\Connection.php(397): Illuminate\\Database\\Connection->run('select DATE(cre...', Array, Object(Closure))
#4 C:\\Users\\ADMIN\\Desktop\\K2\\projects\\4viewsSocial\\APIAdmin\\vendor\\laravel\\framework\\src\\Illuminate\\Database\\Query\\Builder.php(3188): Illuminate\\Database\\Connection->select('select DATE(cre...', Array, true)
#5 C:\\Users\\ADMIN\\Desktop\\K2\\projects\\4viewsSocial\\APIAdmin\\vendor\\laravel\\framework\\src\\Illuminate\\Database\\Query\\Builder.php(3446): Illuminate\\Database\\Query\\Builder->runSelect()
#6 C:\\Users\\ADMIN\\Desktop\\K2\\projects\\4viewsSocial\\APIAdmin\\vendor\\laravel\\framework\\src\\Illuminate\\Database\\Query\\Builder.php(3763): Illuminate\\Database\\Query\\Builder->Illuminate\\Database\\Query\\{closure}()
#7 C:\\Users\\ADMIN\\Desktop\\K2\\projects\\4viewsSocial\\APIAdmin\\vendor\\laravel\\framework\\src\\Illuminate\\Database\\Query\\Builder.php(3442): Illuminate\\Database\\Query\\Builder->onceWithColumns(Array, Object(Closure))
#8 C:\\Users\\ADMIN\\Desktop\\K2\\projects\\4viewsSocial\\APIAdmin\\vendor\\laravel\\framework\\src\\Illuminate\\Database\\Eloquent\\Builder.php(1082): Illuminate\\Database\\Query\\Builder->pluck('total', 'date')
#9 C:\\Users\\ADMIN\\Desktop\\K2\\projects\\4viewsSocial\\APIAdmin\\app\\Http\\Controllers\\DashboardController.php(86): Illuminate\\Database\\Eloquent\\Builder->pluck('total', 'date')
#10 C:\\Users\\ADMIN\\Desktop\\K2\\projects\\4viewsSocial\\APIAdmin\\vendor\\laravel\\framework\\src\\Illuminate\\Routing\\ControllerDispatcher.php(46): App\\Http\\Controllers\\DashboardController->chart()
#11 C:\\Users\\ADMIN\\Desktop\\K2\\projects\\4viewsSocial\\APIAdmin\\vendor\\laravel\\framework\\src\\Illuminate\\Routing\\Route.php(265): Illuminate\\Routing\\ControllerDispatcher->dispatch(Object(Illuminate\\Routing\\Route), Object(App\\Http\\Controllers\\DashboardController), 'chart')
#12 C:\\Users\\ADMIN\\Desktop\\K2\\projects\\4viewsSocial\\APIAdmin\\vendor\\laravel\\framework\\src\\Illuminate\\Routing\\Route.php(211): Illuminate\\Routing\\Route->runController()
#13 C:\\Users\\ADMIN\\Desktop\\K2\\projects\\4viewsSocial\\APIAdmin\\vendor\\laravel\\framework\\src\\Illuminate\\Routing\\Router.php(822): Illuminate\\Routing\\Route->run()
#14 C:\\Users\\ADMIN\\Desktop\\K2\\projects\\4viewsSocial\\APIAdmin\\vendor\\laravel\\framework\\src\\Illuminate\\Pipeline\\Pipeline.php(180): Illuminate\\Routing\\Router->Illuminate\\Routing\\{closure}(Object(Illuminate\\Http\\Request))
#15 C:\\Users\\ADMIN\\Desktop\\K2\\projects\\4viewsSocial\\APIAdmin\\vendor\\laravel\\framework\\src\\Illuminate\\Routing\\Middleware\\SubstituteBindings.php(50): Illuminate\\Pipeline\\Pipeline->Illuminate\\Pipeline\\{closure}(Object(Illuminate\\Http\\Request))
#16 C:\\Users\\ADMIN\\Desktop\\K2\\projects\\4viewsSocial\\APIAdmin\\vendor\\laravel\\framework\\src\\Illuminate\\Pipeline\\Pipeline.php(219): Illuminate\\Routing\\Middleware\\SubstituteBindings->handle(Object(Illuminate\\Http\\Request), Object(Closure))
#17 C:\\Users\\ADMIN\\Desktop\\K2\\projects\\4viewsSocial\\APIAdmin\\vendor\\laravel\\framework\\src\\Illuminate\\Pipeline\\Pipeline.php(137): Illuminate\\Pipeline\\Pipeline->Illuminate\\Pipeline\\{closure}(Object(Illuminate\\Http\\Request))
#18 C:\\Users\\ADMIN\\Desktop\\K2\\projects\\4viewsSocial\\APIAdmin\\vendor\\laravel\\framework\\src\\Illuminate\\Routing\\Router.php(821): Illuminate\\Pipeline\\Pipeline->then(Object(Closure))
#19 C:\\Users\\ADMIN\\Desktop\\K2\\projects\\4viewsSocial\\APIAdmin\\vendor\\laravel\\framework\\src\\Illuminate\\Routing\\Router.php(800): Illuminate\\Routing\\Router->runRouteWithinStack(Object(Illuminate\\Routing\\Route), Object(Illuminate\\Http\\Request))
#20 C:\\Users\\ADMIN\\Desktop\\K2\\projects\\4viewsSocial\\APIAdmin\\vendor\\laravel\\framework\\src\\Illuminate\\Routing\\Router.php(764): Illuminate\\Routing\\Router->runRoute(Object(Illuminate\\Http\\Request), Object(Illuminate\\Routing\\Route))
#21 C:\\Users\\ADMIN\\Desktop\\K2\\projects\\4viewsSocial\\APIAdmin\\vendor\\laravel\\framework\\src\\Illuminate\\Routing\\Router.php(753): Illuminate\\Routing\\Router->dispatchToRoute(Object(Illuminate\\Http\\Request))
#22 C:\\Users\\ADMIN\\Desktop\\K2\\projects\\4viewsSocial\\APIAdmin\\vendor\\laravel\\framework\\src\\Illuminate\\Foundation\\Http\\Kernel.php(200): Illuminate\\Routing\\Router->dispatch(Object(Illuminate\\Http\\Request))
#23 C:\\Users\\ADMIN\\Desktop\\K2\\projects\\4viewsSocial\\APIAdmin\\vendor\\laravel\\framework\\src\\Illuminate\\Pipeline\\Pipeline.php(180): Illuminate\\Foundation\\Http\\Kernel->Illuminate\\Foundation\\Http\\{closure}(Object(Illuminate\\Http\\Request))
#24 C:\\Users\\ADMIN\\Desktop\\K2\\projects\\4viewsSocial\\APIAdmin\\vendor\\laravel\\framework\\src\\Illuminate\\Foundation\\Http\\Middleware\\TransformsRequest.php(21): Illuminate\\Pipeline\\Pipeline->Illuminate\\Pipeline\\{closure}(Object(Illuminate\\Http\\Request))
#25 C:\\Users\\ADMIN\\Desktop\\K2\\projects\\4viewsSocial\\APIAdmin\\vendor\\laravel\\framework\\src\\Illuminate\\Foundation\\Http\\Middleware\\ConvertEmptyStringsToNull.php(31): Illuminate\\Foundation\\Http\\Middleware\\TransformsRequest->handle(Object(Illuminate\\Http\\Request), Object(Closure))
#26 C:\\Users\\ADMIN\\Desktop\\K2\\projects\\4viewsSocial\\APIAdmin\\vendor\\laravel\\framework\\src\\Illuminate\\Pipeline\\Pipeline.php(219): Illuminate\\Foundation\\Http\\Middleware\\ConvertEmptyStringsToNull->handle(Object(Illuminate\\Http\\Request), Object(Closure))
#27 C:\\Users\\ADMIN\\Desktop\\K2\\projects\\4viewsSocial\\APIAdmin\\vendor\\laravel\\framework\\src\\Illuminate\\Foundation\\Http\\Middleware\\TransformsRequest.php(21): Illuminate\\Pipeline\\Pipeline->Illuminate\\Pipeline\\{closure}(Object(Illuminate\\Http\\Request))
#28 C:\\Users\\ADMIN\\Desktop\\K2\\projects\\4viewsSocial\\APIAdmin\\vendor\\laravel\\framework\\src\\Illuminate\\Foundation\\Http\\Middleware\\TrimStrings.php(51): Illuminate\\Foundation\\Http\\Middleware\\TransformsRequest->handle(Object(Illuminate\\Http\\Request), Object(Closure))
#29 C:\\Users\\ADMIN\\Desktop\\K2\\projects\\4viewsSocial\\APIAdmin\\vendor\\laravel\\framework\\src\\Illuminate\\Pipeline\\Pipeline.php(219): Illuminate\\Foundation\\Http\\Middleware\\TrimStrings->handle(Object(Illuminate\\Http\\Request), Object(Closure))
#30 C:\\Users\\ADMIN\\Desktop\\K2\\projects\\4viewsSocial\\APIAdmin\\vendor\\laravel\\framework\\src\\Illuminate\\Http\\Middleware\\ValidatePostSize.php(27): Illuminate\\Pipeline\\Pipeline->Illuminate\\Pipeline\\{closure}(Object(Illuminate\\Http\\Request))
#31 C:\\Users\\ADMIN\\Desktop\\K2\\projects\\4viewsSocial\\APIAdmin\\vendor\\laravel\\framework\\src\\Illuminate\\Pipeline\\Pipeline.php(219): Illuminate\\Http\\Middleware\\ValidatePostSize->handle(Object(Illuminate\\Http\\Request), Object(Closure))
#32 C:\\Users\\ADMIN\\Desktop\\K2\\projects\\4viewsSocial\\APIAdmin\\vendor\\laravel\\framework\\src\\Illuminate\\Foundation\\Http\\Middleware\\PreventRequestsDuringMaintenance.php(109): Illuminate\\Pipeline\\Pipeline->Illuminate\\Pipeline\\{closure}(Object(Illuminate\\Http\\Request))
#33 C:\\Users\\ADMIN\\Desktop\\K2\\projects\\4viewsSocial\\APIAdmin\\vendor\\laravel\\framework\\src\\Illuminate\\Pipeline\\Pipeline.php(219): Illuminate\\Foundation\\Http\\Middleware\\PreventRequestsDuringMaintenance->handle(Object(Illuminate\\Http\\Request), Object(Closure))
#34 C:\\Users\\ADMIN\\Desktop\\K2\\projects\\4viewsSocial\\APIAdmin\\vendor\\laravel\\framework\\src\\Illuminate\\Http\\Middleware\\HandleCors.php(61): Illuminate\\Pipeline\\Pipeline->Illuminate\\Pipeline\\{closure}(Object(Illuminate\\Http\\Request))
#35 C:\\Users\\ADMIN\\Desktop\\K2\\projects\\4viewsSocial\\APIAdmin\\vendor\\laravel\\framework\\src\\Illuminate\\Pipeline\\Pipeline.php(219): Illuminate\\Http\\Middleware\\HandleCors->handle(Object(Illuminate\\Http\\Request), Object(Closure))
#36 C:\\Users\\ADMIN\\Desktop\\K2\\projects\\4viewsSocial\\APIAdmin\\vendor\\laravel\\framework\\src\\Illuminate\\Http\\Middleware\\TrustProxies.php(58): Illuminate\\Pipeline\\Pipeline->Illuminate\\Pipeline\\{closure}(Object(Illuminate\\Http\\Request))
#37 C:\\Users\\ADMIN\\Desktop\\K2\\projects\\4viewsSocial\\APIAdmin\\vendor\\laravel\\framework\\src\\Illuminate\\Pipeline\\Pipeline.php(219): Illuminate\\Http\\Middleware\\TrustProxies->handle(Object(Illuminate\\Http\\Request), Object(Closure))
#38 C:\\Users\\ADMIN\\Desktop\\K2\\projects\\4viewsSocial\\APIAdmin\\vendor\\laravel\\framework\\src\\Illuminate\\Foundation\\Http\\Middleware\\InvokeDeferredCallbacks.php(22): Illuminate\\Pipeline\\Pipeline->Illuminate\\Pipeline\\{closure}(Object(Illuminate\\Http\\Request))
#39 C:\\Users\\ADMIN\\Desktop\\K2\\projects\\4viewsSocial\\APIAdmin\\vendor\\laravel\\framework\\src\\Illuminate\\Pipeline\\Pipeline.php(219): Illuminate\\Foundation\\Http\\Middleware\\InvokeDeferredCallbacks->handle(Object(Illuminate\\Http\\Request), Object(Closure))
#40 C:\\Users\\ADMIN\\Desktop\\K2\\projects\\4viewsSocial\\APIAdmin\\vendor\\laravel\\framework\\src\\Illuminate\\Http\\Middleware\\ValidatePathEncoding.php(26): Illuminate\\Pipeline\\Pipeline->Illuminate\\Pipeline\\{closure}(Object(Illuminate\\Http\\Request))
#41 C:\\Users\\ADMIN\\Desktop\\K2\\projects\\4viewsSocial\\APIAdmin\\vendor\\laravel\\framework\\src\\Illuminate\\Pipeline\\Pipeline.php(219): Illuminate\\Http\\Middleware\\ValidatePathEncoding->handle(Object(Illuminate\\Http\\Request), Object(Closure))
#42 C:\\Users\\ADMIN\\Desktop\\K2\\projects\\4viewsSocial\\APIAdmin\\vendor\\laravel\\framework\\src\\Illuminate\\Pipeline\\Pipeline.php(137): Illuminate\\Pipeline\\Pipeline->Illuminate\\Pipeline\\{closure}(Object(Illuminate\\Http\\Request))
#43 C:\\Users\\ADMIN\\Desktop\\K2\\projects\\4viewsSocial\\APIAdmin\\vendor\\laravel\\framework\\src\\Illuminate\\Foundation\\Http\\Kernel.php(175): Illuminate\\Pipeline\\Pipeline->then(Object(Closure))
#44 C:\\Users\\ADMIN\\Desktop\\K2\\projects\\4viewsSocial\\APIAdmin\\vendor\\laravel\\framework\\src\\Illuminate\\Foundation\\Http\\Kernel.php(144): Illuminate\\Foundation\\Http\\Kernel->sendRequestThroughRouter(Object(Illuminate\\Http\\Request))
#45 C:\\Users\\ADMIN\\Desktop\\K2\\projects\\4viewsSocial\\APIAdmin\\vendor\\laravel\\framework\\src\\Illuminate\\Foundation\\Application.php(1220): Illuminate\\Foundation\\Http\\Kernel->handle(Object(Illuminate\\Http\\Request))
#46 C:\\Users\\ADMIN\\Desktop\\K2\\projects\\4viewsSocial\\APIAdmin\\public\\index.php(20): Illuminate\\Foundation\\Application->handleRequest(Object(Illuminate\\Http\\Request))
#47 C:\\Users\\ADMIN\\Desktop\\K2\\projects\\4viewsSocial\\APIAdmin\\vendor\\laravel\\framework\\src\\Illuminate\\Foundation\\resources\\server.php(23): require_once('C:\\\\Users\\\\ADMIN\\\\...')
#48 {main}
"} 
[2026-01-04 04:08:44] local.ERROR: SQLSTATE[42S22]: Column not found: 1054 Unknown column 'created_at' in 'field list' (Connection: mysql, SQL: select DATE(created_at) as date, COUNT(*) as total from `violence_warnings` where `created_at` >= 2025-12-29 00:00:00 group by `date`) {"exception":"[object] (Illuminate\\Database\\QueryException(code: 42S22): SQLSTATE[42S22]: Column not found: 1054 Unknown column 'created_at' in 'field list' (Connection: mysql, SQL: select DATE(created_at) as date, COUNT(*) as total from `violence_warnings` where `created_at` >= 2025-12-29 00:00:00 group by `date`) at C:\\Users\\ADMIN\\Desktop\\K2\\projects\\4viewsSocial\\APIAdmin\\vendor\\laravel\\framework\\src\\Illuminate\\Database\\Connection.php:824)
[stacktrace]
#0 C:\\Users\\ADMIN\\Desktop\\K2\\projects\\4viewsSocial\\APIAdmin\\vendor\\laravel\\framework\\src\\Illuminate\\Database\\Connection.php(778): Illuminate\\Database\\Connection->runQueryCallback('select DATE(cre...', Array, Object(Closure))
#1 C:\\Users\\ADMIN\\Desktop\\K2\\projects\\4viewsSocial\\APIAdmin\\vendor\\laravel\\framework\\src\\Illuminate\\Database\\Connection.php(397): Illuminate\\Database\\Connection->run('select DATE(cre...', Array, Object(Closure))
#2 C:\\Users\\ADMIN\\Desktop\\K2\\projects\\4viewsSocial\\APIAdmin\\vendor\\laravel\\framework\\src\\Illuminate\\Database\\Query\\Builder.php(3188): Illuminate\\Database\\Connection->select('select DATE(cre...', Array, true)
#3 C:\\Users\\ADMIN\\Desktop\\K2\\projects\\4viewsSocial\\APIAdmin\\vendor\\laravel\\framework\\src\\Illuminate\\Database\\Query\\Builder.php(3446): Illuminate\\Database\\Query\\Builder->runSelect()
#4 C:\\Users\\ADMIN\\Desktop\\K2\\projects\\4viewsSocial\\APIAdmin\\vendor\\laravel\\framework\\src\\Illuminate\\Database\\Query\\Builder.php(3763): Illuminate\\Database\\Query\\Builder->Illuminate\\Database\\Query\\{closure}()
#5 C:\\Users\\ADMIN\\Desktop\\K2\\projects\\4viewsSocial\\APIAdmin\\vendor\\laravel\\framework\\src\\Illuminate\\Database\\Query\\Builder.php(3442): Illuminate\\Database\\Query\\Builder->onceWithColumns(Array, Object(Closure))
#6 C:\\Users\\ADMIN\\Desktop\\K2\\projects\\4viewsSocial\\APIAdmin\\vendor\\laravel\\framework\\src\\Illuminate\\Database\\Eloquent\\Builder.php(1082): Illuminate\\Database\\Query\\Builder->pluck('total', 'date')
#7 C:\\Users\\ADMIN\\Desktop\\K2\\projects\\4viewsSocial\\APIAdmin\\app\\Http\\Controllers\\DashboardController.php(86): Illuminate\\Database\\Eloquent\\Builder->pluck('total', 'date')
#8 C:\\Users\\ADMIN\\Desktop\\K2\\projects\\4viewsSocial\\APIAdmin\\vendor\\laravel\\framework\\src\\Illuminate\\Routing\\ControllerDispatcher.php(46): App\\Http\\Controllers\\DashboardController->chart()
#9 C:\\Users\\ADMIN\\Desktop\\K2\\projects\\4viewsSocial\\APIAdmin\\vendor\\laravel\\framework\\src\\Illuminate\\Routing\\Route.php(265): Illuminate\\Routing\\ControllerDispatcher->dispatch(Object(Illuminate\\Routing\\Route), Object(App\\Http\\Controllers\\DashboardController), 'chart')
#10 C:\\Users\\ADMIN\\Desktop\\K2\\projects\\4viewsSocial\\APIAdmin\\vendor\\laravel\\framework\\src\\Illuminate\\Routing\\Route.php(211): Illuminate\\Routing\\Route->runController()
#11 C:\\Users\\ADMIN\\Desktop\\K2\\projects\\4viewsSocial\\APIAdmin\\vendor\\laravel\\framework\\src\\Illuminate\\Routing\\Router.php(822): Illuminate\\Routing\\Route->run()
#12 C:\\Users\\ADMIN\\Desktop\\K2\\projects\\4viewsSocial\\APIAdmin\\vendor\\laravel\\framework\\src\\Illuminate\\Pipeline\\Pipeline.php(180): Illuminate\\Routing\\Router->Illuminate\\Routing\\{closure}(Object(Illuminate\\Http\\Request))
#13 C:\\Users\\ADMIN\\Desktop\\K2\\projects\\4viewsSocial\\APIAdmin\\vendor\\laravel\\framework\\src\\Illuminate\\Routing\\Middleware\\SubstituteBindings.php(50): Illuminate\\Pipeline\\Pipeline->Illuminate\\Pipeline\\{closure}(Object(Illuminate\\Http\\Request))
#14 C:\\Users\\ADMIN\\Desktop\\K2\\projects\\4viewsSocial\\APIAdmin\\vendor\\laravel\\framework\\src\\Illuminate\\Pipeline\\Pipeline.php(219): Illuminate\\Routing\\Middleware\\SubstituteBindings->handle(Object(Illuminate\\Http\\Request), Object(Closure))
#15 C:\\Users\\ADMIN\\Desktop\\K2\\projects\\4viewsSocial\\APIAdmin\\vendor\\laravel\\framework\\src\\Illuminate\\Pipeline\\Pipeline.php(137): Illuminate\\Pipeline\\Pipeline->Illuminate\\Pipeline\\{closure}(Object(Illuminate\\Http\\Request))
#16 C:\\Users\\ADMIN\\Desktop\\K2\\projects\\4viewsSocial\\APIAdmin\\vendor\\laravel\\framework\\src\\Illuminate\\Routing\\Router.php(821): Illuminate\\Pipeline\\Pipeline->then(Object(Closure))
#17 C:\\Users\\ADMIN\\Desktop\\K2\\projects\\4viewsSocial\\APIAdmin\\vendor\\laravel\\framework\\src\\Illuminate\\Routing\\Router.php(800): Illuminate\\Routing\\Router->runRouteWithinStack(Object(Illuminate\\Routing\\Route), Object(Illuminate\\Http\\Request))
#18 C:\\Users\\ADMIN\\Desktop\\K2\\projects\\4viewsSocial\\APIAdmin\\vendor\\laravel\\framework\\src\\Illuminate\\Routing\\Router.php(764): Illuminate\\Routing\\Router->runRoute(Object(Illuminate\\Http\\Request), Object(Illuminate\\Routing\\Route))
#19 C:\\Users\\ADMIN\\Desktop\\K2\\projects\\4viewsSocial\\APIAdmin\\vendor\\laravel\\framework\\src\\Illuminate\\Routing\\Router.php(753): Illuminate\\Routing\\Router->dispatchToRoute(Object(Illuminate\\Http\\Request))
#20 C:\\Users\\ADMIN\\Desktop\\K2\\projects\\4viewsSocial\\APIAdmin\\vendor\\laravel\\framework\\src\\Illuminate\\Foundation\\Http\\Kernel.php(200): Illuminate\\Routing\\Router->dispatch(Object(Illuminate\\Http\\Request))
#21 C:\\Users\\ADMIN\\Desktop\\K2\\projects\\4viewsSocial\\APIAdmin\\vendor\\laravel\\framework\\src\\Illuminate\\Pipeline\\Pipeline.php(180): Illuminate\\Foundation\\Http\\Kernel->Illuminate\\Foundation\\Http\\{closure}(Object(Illuminate\\Http\\Request))
#22 C:\\Users\\ADMIN\\Desktop\\K2\\projects\\4viewsSocial\\APIAdmin\\vendor\\laravel\\framework\\src\\Illuminate\\Foundation\\Http\\Middleware\\TransformsRequest.php(21): Illuminate\\Pipeline\\Pipeline->Illuminate\\Pipeline\\{closure}(Object(Illuminate\\Http\\Request))
#23 C:\\Users\\ADMIN\\Desktop\\K2\\projects\\4viewsSocial\\APIAdmin\\vendor\\laravel\\framework\\src\\Illuminate\\Foundation\\Http\\Middleware\\ConvertEmptyStringsToNull.php(31): Illuminate\\Foundation\\Http\\Middleware\\TransformsRequest->handle(Object(Illuminate\\Http\\Request), Object(Closure))
#24 C:\\Users\\ADMIN\\Desktop\\K2\\projects\\4viewsSocial\\APIAdmin\\vendor\\laravel\\framework\\src\\Illuminate\\Pipeline\\Pipeline.php(219): Illuminate\\Foundation\\Http\\Middleware\\ConvertEmptyStringsToNull->handle(Object(Illuminate\\Http\\Request), Object(Closure))
#25 C:\\Users\\ADMIN\\Desktop\\K2\\projects\\4viewsSocial\\APIAdmin\\vendor\\laravel\\framework\\src\\Illuminate\\Foundation\\Http\\Middleware\\TransformsRequest.php(21): Illuminate\\Pipeline\\Pipeline->Illuminate\\Pipeline\\{closure}(Object(Illuminate\\Http\\Request))
#26 C:\\Users\\ADMIN\\Desktop\\K2\\projects\\4viewsSocial\\APIAdmin\\vendor\\laravel\\framework\\src\\Illuminate\\Foundation\\Http\\Middleware\\TrimStrings.php(51): Illuminate\\Foundation\\Http\\Middleware\\TransformsRequest->handle(Object(Illuminate\\Http\\Request), Object(Closure))
#27 C:\\Users\\ADMIN\\Desktop\\K2\\projects\\4viewsSocial\\APIAdmin\\vendor\\laravel\\framework\\src\\Illuminate\\Pipeline\\Pipeline.php(219): Illuminate\\Foundation\\Http\\Middleware\\TrimStrings->handle(Object(Illuminate\\Http\\Request), Object(Closure))
#28 C:\\Users\\ADMIN\\Desktop\\K2\\projects\\4viewsSocial\\APIAdmin\\vendor\\laravel\\framework\\src\\Illuminate\\Http\\Middleware\\ValidatePostSize.php(27): Illuminate\\Pipeline\\Pipeline->Illuminate\\Pipeline\\{closure}(Object(Illuminate\\Http\\Request))
#29 C:\\Users\\ADMIN\\Desktop\\K2\\projects\\4viewsSocial\\APIAdmin\\vendor\\laravel\\framework\\src\\Illuminate\\Pipeline\\Pipeline.php(219): Illuminate\\Http\\Middleware\\ValidatePostSize->handle(Object(Illuminate\\Http\\Request), Object(Closure))
#30 C:\\Users\\ADMIN\\Desktop\\K2\\projects\\4viewsSocial\\APIAdmin\\vendor\\laravel\\framework\\src\\Illuminate\\Foundation\\Http\\Middleware\\PreventRequestsDuringMaintenance.php(109): Illuminate\\Pipeline\\Pipeline->Illuminate\\Pipeline\\{closure}(Object(Illuminate\\Http\\Request))
#31 C:\\Users\\ADMIN\\Desktop\\K2\\projects\\4viewsSocial\\APIAdmin\\vendor\\laravel\\framework\\src\\Illuminate\\Pipeline\\Pipeline.php(219): Illuminate\\Foundation\\Http\\Middleware\\PreventRequestsDuringMaintenance->handle(Object(Illuminate\\Http\\Request), Object(Closure))
#32 C:\\Users\\ADMIN\\Desktop\\K2\\projects\\4viewsSocial\\APIAdmin\\vendor\\laravel\\framework\\src\\Illuminate\\Http\\Middleware\\HandleCors.php(61): Illuminate\\Pipeline\\Pipeline->Illuminate\\Pipeline\\{closure}(Object(Illuminate\\Http\\Request))
#33 C:\\Users\\ADMIN\\Desktop\\K2\\projects\\4viewsSocial\\APIAdmin\\vendor\\laravel\\framework\\src\\Illuminate\\Pipeline\\Pipeline.php(219): Illuminate\\Http\\Middleware\\HandleCors->handle(Object(Illuminate\\Http\\Request), Object(Closure))
#34 C:\\Users\\ADMIN\\Desktop\\K2\\projects\\4viewsSocial\\APIAdmin\\vendor\\laravel\\framework\\src\\Illuminate\\Http\\Middleware\\TrustProxies.php(58): Illuminate\\Pipeline\\Pipeline->Illuminate\\Pipeline\\{closure}(Object(Illuminate\\Http\\Request))
#35 C:\\Users\\ADMIN\\Desktop\\K2\\projects\\4viewsSocial\\APIAdmin\\vendor\\laravel\\framework\\src\\Illuminate\\Pipeline\\Pipeline.php(219): Illuminate\\Http\\Middleware\\TrustProxies->handle(Object(Illuminate\\Http\\Request), Object(Closure))
#36 C:\\Users\\ADMIN\\Desktop\\K2\\projects\\4viewsSocial\\APIAdmin\\vendor\\laravel\\framework\\src\\Illuminate\\Foundation\\Http\\Middleware\\InvokeDeferredCallbacks.php(22): Illuminate\\Pipeline\\Pipeline->Illuminate\\Pipeline\\{closure}(Object(Illuminate\\Http\\Request))
#37 C:\\Users\\ADMIN\\Desktop\\K2\\projects\\4viewsSocial\\APIAdmin\\vendor\\laravel\\framework\\src\\Illuminate\\Pipeline\\Pipeline.php(219): Illuminate\\Foundation\\Http\\Middleware\\InvokeDeferredCallbacks->handle(Object(Illuminate\\Http\\Request), Object(Closure))
#38 C:\\Users\\ADMIN\\Desktop\\K2\\projects\\4viewsSocial\\APIAdmin\\vendor\\laravel\\framework\\src\\Illuminate\\Http\\Middleware\\ValidatePathEncoding.php(26): Illuminate\\Pipeline\\Pipeline->Illuminate\\Pipeline\\{closure}(Object(Illuminate\\Http\\Request))
#39 C:\\Users\\ADMIN\\Desktop\\K2\\projects\\4viewsSocial\\APIAdmin\\vendor\\laravel\\framework\\src\\Illuminate\\Pipeline\\Pipeline.php(219): Illuminate\\Http\\Middleware\\ValidatePathEncoding->handle(Object(Illuminate\\Http\\Request), Object(Closure))
#40 C:\\Users\\ADMIN\\Desktop\\K2\\projects\\4viewsSocial\\APIAdmin\\vendor\\laravel\\framework\\src\\Illuminate\\Pipeline\\Pipeline.php(137): Illuminate\\Pipeline\\Pipeline->Illuminate\\Pipeline\\{closure}(Object(Illuminate\\Http\\Request))
#41 C:\\Users\\ADMIN\\Desktop\\K2\\projects\\4viewsSocial\\APIAdmin\\vendor\\laravel\\framework\\src\\Illuminate\\Foundation\\Http\\Kernel.php(175): Illuminate\\Pipeline\\Pipeline->then(Object(Closure))
#42 C:\\Users\\ADMIN\\Desktop\\K2\\projects\\4viewsSocial\\APIAdmin\\vendor\\laravel\\framework\\src\\Illuminate\\Foundation\\Http\\Kernel.php(144): Illuminate\\Foundation\\Http\\Kernel->sendRequestThroughRouter(Object(Illuminate\\Http\\Request))
#43 C:\\Users\\ADMIN\\Desktop\\K2\\projects\\4viewsSocial\\APIAdmin\\vendor\\laravel\\framework\\src\\Illuminate\\Foundation\\Application.php(1220): Illuminate\\Foundation\\Http\\Kernel->handle(Object(Illuminate\\Http\\Request))
#44 C:\\Users\\ADMIN\\Desktop\\K2\\projects\\4viewsSocial\\APIAdmin\\public\\index.php(20): Illuminate\\Foundation\\Application->handleRequest(Object(Illuminate\\Http\\Request))
#45 C:\\Users\\ADMIN\\Desktop\\K2\\projects\\4viewsSocial\\APIAdmin\\vendor\\laravel\\framework\\src\\Illuminate\\Foundation\\resources\\server.php(23): require_once('C:\\\\Users\\\\ADMIN\\\\...')
#46 {main}

[previous exception] [object] (PDOException(code: 42S22): SQLSTATE[42S22]: Column not found: 1054 Unknown column 'created_at' in 'field list' at C:\\Users\\ADMIN\\Desktop\\K2\\projects\\4viewsSocial\\APIAdmin\\vendor\\laravel\\framework\\src\\Illuminate\\Database\\Connection.php:406)
[stacktrace]
#0 C:\\Users\\ADMIN\\Desktop\\K2\\projects\\4viewsSocial\\APIAdmin\\vendor\\laravel\\framework\\src\\Illuminate\\Database\\Connection.php(406): PDO->prepare('select DATE(cre...')
#1 C:\\Users\\ADMIN\\Desktop\\K2\\projects\\4viewsSocial\\APIAdmin\\vendor\\laravel\\framework\\src\\Illuminate\\Database\\Connection.php(811): Illuminate\\Database\\Connection->Illuminate\\Database\\{closure}('select DATE(cre...', Array)
#2 C:\\Users\\ADMIN\\Desktop\\K2\\projects\\4viewsSocial\\APIAdmin\\vendor\\laravel\\framework\\src\\Illuminate\\Database\\Connection.php(778): Illuminate\\Database\\Connection->runQueryCallback('select DATE(cre...', Array, Object(Closure))
#3 C:\\Users\\ADMIN\\Desktop\\K2\\projects\\4viewsSocial\\APIAdmin\\vendor\\laravel\\framework\\src\\Illuminate\\Database\\Connection.php(397): Illuminate\\Database\\Connection->run('select DATE(cre...', Array, Object(Closure))
#4 C:\\Users\\ADMIN\\Desktop\\K2\\projects\\4viewsSocial\\APIAdmin\\vendor\\laravel\\framework\\src\\Illuminate\\Database\\Query\\Builder.php(3188): Illuminate\\Database\\Connection->select('select DATE(cre...', Array, true)
#5 C:\\Users\\ADMIN\\Desktop\\K2\\projects\\4viewsSocial\\APIAdmin\\vendor\\laravel\\framework\\src\\Illuminate\\Database\\Query\\Builder.php(3446): Illuminate\\Database\\Query\\Builder->runSelect()
#6 C:\\Users\\ADMIN\\Desktop\\K2\\projects\\4viewsSocial\\APIAdmin\\vendor\\laravel\\framework\\src\\Illuminate\\Database\\Query\\Builder.php(3763): Illuminate\\Database\\Query\\Builder->Illuminate\\Database\\Query\\{closure}()
#7 C:\\Users\\ADMIN\\Desktop\\K2\\projects\\4viewsSocial\\APIAdmin\\vendor\\laravel\\framework\\src\\Illuminate\\Database\\Query\\Builder.php(3442): Illuminate\\Database\\Query\\Builder->onceWithColumns(Array, Object(Closure))
#8 C:\\Users\\ADMIN\\Desktop\\K2\\projects\\4viewsSocial\\APIAdmin\\vendor\\laravel\\framework\\src\\Illuminate\\Database\\Eloquent\\Builder.php(1082): Illuminate\\Database\\Query\\Builder->pluck('total', 'date')
#9 C:\\Users\\ADMIN\\Desktop\\K2\\projects\\4viewsSocial\\APIAdmin\\app\\Http\\Controllers\\DashboardController.php(86): Illuminate\\Database\\Eloquent\\Builder->pluck('total', 'date')
#10 C:\\Users\\ADMIN\\Desktop\\K2\\projects\\4viewsSocial\\APIAdmin\\vendor\\laravel\\framework\\src\\Illuminate\\Routing\\ControllerDispatcher.php(46): App\\Http\\Controllers\\DashboardController->chart()
#11 C:\\Users\\ADMIN\\Desktop\\K2\\projects\\4viewsSocial\\APIAdmin\\vendor\\laravel\\framework\\src\\Illuminate\\Routing\\Route.php(265): Illuminate\\Routing\\ControllerDispatcher->dispatch(Object(Illuminate\\Routing\\Route), Object(App\\Http\\Controllers\\DashboardController), 'chart')
#12 C:\\Users\\ADMIN\\Desktop\\K2\\projects\\4viewsSocial\\APIAdmin\\vendor\\laravel\\framework\\src\\Illuminate\\Routing\\Route.php(211): Illuminate\\Routing\\Route->runController()
#13 C:\\Users\\ADMIN\\Desktop\\K2\\projects\\4viewsSocial\\APIAdmin\\vendor\\laravel\\framework\\src\\Illuminate\\Routing\\Router.php(822): Illuminate\\Routing\\Route->run()
#14 C:\\Users\\ADMIN\\Desktop\\K2\\projects\\4viewsSocial\\APIAdmin\\vendor\\laravel\\framework\\src\\Illuminate\\Pipeline\\Pipeline.php(180): Illuminate\\Routing\\Router->Illuminate\\Routing\\{closure}(Object(Illuminate\\Http\\Request))
#15 C:\\Users\\ADMIN\\Desktop\\K2\\projects\\4viewsSocial\\APIAdmin\\vendor\\laravel\\framework\\src\\Illuminate\\Routing\\Middleware\\SubstituteBindings.php(50): Illuminate\\Pipeline\\Pipeline->Illuminate\\Pipeline\\{closure}(Object(Illuminate\\Http\\Request))
#16 C:\\Users\\ADMIN\\Desktop\\K2\\projects\\4viewsSocial\\APIAdmin\\vendor\\laravel\\framework\\src\\Illuminate\\Pipeline\\Pipeline.php(219): Illuminate\\Routing\\Middleware\\SubstituteBindings->handle(Object(Illuminate\\Http\\Request), Object(Closure))
#17 C:\\Users\\ADMIN\\Desktop\\K2\\projects\\4viewsSocial\\APIAdmin\\vendor\\laravel\\framework\\src\\Illuminate\\Pipeline\\Pipeline.php(137): Illuminate\\Pipeline\\Pipeline->Illuminate\\Pipeline\\{closure}(Object(Illuminate\\Http\\Request))
#18 C:\\Users\\ADMIN\\Desktop\\K2\\projects\\4viewsSocial\\APIAdmin\\vendor\\laravel\\framework\\src\\Illuminate\\Routing\\Router.php(821): Illuminate\\Pipeline\\Pipeline->then(Object(Closure))
#19 C:\\Users\\ADMIN\\Desktop\\K2\\projects\\4viewsSocial\\APIAdmin\\vendor\\laravel\\framework\\src\\Illuminate\\Routing\\Router.php(800): Illuminate\\Routing\\Router->runRouteWithinStack(Object(Illuminate\\Routing\\Route), Object(Illuminate\\Http\\Request))
#20 C:\\Users\\ADMIN\\Desktop\\K2\\projects\\4viewsSocial\\APIAdmin\\vendor\\laravel\\framework\\src\\Illuminate\\Routing\\Router.php(764): Illuminate\\Routing\\Router->runRoute(Object(Illuminate\\Http\\Request), Object(Illuminate\\Routing\\Route))
#21 C:\\Users\\ADMIN\\Desktop\\K2\\projects\\4viewsSocial\\APIAdmin\\vendor\\laravel\\framework\\src\\Illuminate\\Routing\\Router.php(753): Illuminate\\Routing\\Router->dispatchToRoute(Object(Illuminate\\Http\\Request))
#22 C:\\Users\\ADMIN\\Desktop\\K2\\projects\\4viewsSocial\\APIAdmin\\vendor\\laravel\\framework\\src\\Illuminate\\Foundation\\Http\\Kernel.php(200): Illuminate\\Routing\\Router->dispatch(Object(Illuminate\\Http\\Request))
#23 C:\\Users\\ADMIN\\Desktop\\K2\\projects\\4viewsSocial\\APIAdmin\\vendor\\laravel\\framework\\src\\Illuminate\\Pipeline\\Pipeline.php(180): Illuminate\\Foundation\\Http\\Kernel->Illuminate\\Foundation\\Http\\{closure}(Object(Illuminate\\Http\\Request))
#24 C:\\Users\\ADMIN\\Desktop\\K2\\projects\\4viewsSocial\\APIAdmin\\vendor\\laravel\\framework\\src\\Illuminate\\Foundation\\Http\\Middleware\\TransformsRequest.php(21): Illuminate\\Pipeline\\Pipeline->Illuminate\\Pipeline\\{closure}(Object(Illuminate\\Http\\Request))
#25 C:\\Users\\ADMIN\\Desktop\\K2\\projects\\4viewsSocial\\APIAdmin\\vendor\\laravel\\framework\\src\\Illuminate\\Foundation\\Http\\Middleware\\ConvertEmptyStringsToNull.php(31): Illuminate\\Foundation\\Http\\Middleware\\TransformsRequest->handle(Object(Illuminate\\Http\\Request), Object(Closure))
#26 C:\\Users\\ADMIN\\Desktop\\K2\\projects\\4viewsSocial\\APIAdmin\\vendor\\laravel\\framework\\src\\Illuminate\\Pipeline\\Pipeline.php(219): Illuminate\\Foundation\\Http\\Middleware\\ConvertEmptyStringsToNull->handle(Object(Illuminate\\Http\\Request), Object(Closure))
#27 C:\\Users\\ADMIN\\Desktop\\K2\\projects\\4viewsSocial\\APIAdmin\\vendor\\laravel\\framework\\src\\Illuminate\\Foundation\\Http\\Middleware\\TransformsRequest.php(21): Illuminate\\Pipeline\\Pipeline->Illuminate\\Pipeline\\{closure}(Object(Illuminate\\Http\\Request))
#28 C:\\Users\\ADMIN\\Desktop\\K2\\projects\\4viewsSocial\\APIAdmin\\vendor\\laravel\\framework\\src\\Illuminate\\Foundation\\Http\\Middleware\\TrimStrings.php(51): Illuminate\\Foundation\\Http\\Middleware\\TransformsRequest->handle(Object(Illuminate\\Http\\Request), Object(Closure))
#29 C:\\Users\\ADMIN\\Desktop\\K2\\projects\\4viewsSocial\\APIAdmin\\vendor\\laravel\\framework\\src\\Illuminate\\Pipeline\\Pipeline.php(219): Illuminate\\Foundation\\Http\\Middleware\\TrimStrings->handle(Object(Illuminate\\Http\\Request), Object(Closure))
#30 C:\\Users\\ADMIN\\Desktop\\K2\\projects\\4viewsSocial\\APIAdmin\\vendor\\laravel\\framework\\src\\Illuminate\\Http\\Middleware\\ValidatePostSize.php(27): Illuminate\\Pipeline\\Pipeline->Illuminate\\Pipeline\\{closure}(Object(Illuminate\\Http\\Request))
#31 C:\\Users\\ADMIN\\Desktop\\K2\\projects\\4viewsSocial\\APIAdmin\\vendor\\laravel\\framework\\src\\Illuminate\\Pipeline\\Pipeline.php(219): Illuminate\\Http\\Middleware\\ValidatePostSize->handle(Object(Illuminate\\Http\\Request), Object(Closure))
#32 C:\\Users\\ADMIN\\Desktop\\K2\\projects\\4viewsSocial\\APIAdmin\\vendor\\laravel\\framework\\src\\Illuminate\\Foundation\\Http\\Middleware\\PreventRequestsDuringMaintenance.php(109): Illuminate\\Pipeline\\Pipeline->Illuminate\\Pipeline\\{closure}(Object(Illuminate\\Http\\Request))
#33 C:\\Users\\ADMIN\\Desktop\\K2\\projects\\4viewsSocial\\APIAdmin\\vendor\\laravel\\framework\\src\\Illuminate\\Pipeline\\Pipeline.php(219): Illuminate\\Foundation\\Http\\Middleware\\PreventRequestsDuringMaintenance->handle(Object(Illuminate\\Http\\Request), Object(Closure))
#34 C:\\Users\\ADMIN\\Desktop\\K2\\projects\\4viewsSocial\\APIAdmin\\vendor\\laravel\\framework\\src\\Illuminate\\Http\\Middleware\\HandleCors.php(61): Illuminate\\Pipeline\\Pipeline->Illuminate\\Pipeline\\{closure}(Object(Illuminate\\Http\\Request))
#35 C:\\Users\\ADMIN\\Desktop\\K2\\projects\\4viewsSocial\\APIAdmin\\vendor\\laravel\\framework\\src\\Illuminate\\Pipeline\\Pipeline.php(219): Illuminate\\Http\\Middleware\\HandleCors->handle(Object(Illuminate\\Http\\Request), Object(Closure))
#36 C:\\Users\\ADMIN\\Desktop\\K2\\projects\\4viewsSocial\\APIAdmin\\vendor\\laravel\\framework\\src\\Illuminate\\Http\\Middleware\\TrustProxies.php(58): Illuminate\\Pipeline\\Pipeline->Illuminate\\Pipeline\\{closure}(Object(Illuminate\\Http\\Request))
#37 C:\\Users\\ADMIN\\Desktop\\K2\\projects\\4viewsSocial\\APIAdmin\\vendor\\laravel\\framework\\src\\Illuminate\\Pipeline\\Pipeline.php(219): Illuminate\\Http\\Middleware\\TrustProxies->handle(Object(Illuminate\\Http\\Request), Object(Closure))
#38 C:\\Users\\ADMIN\\Desktop\\K2\\projects\\4viewsSocial\\APIAdmin\\vendor\\laravel\\framework\\src\\Illuminate\\Foundation\\Http\\Middleware\\InvokeDeferredCallbacks.php(22): Illuminate\\Pipeline\\Pipeline->Illuminate\\Pipeline\\{closure}(Object(Illuminate\\Http\\Request))
#39 C:\\Users\\ADMIN\\Desktop\\K2\\projects\\4viewsSocial\\APIAdmin\\vendor\\laravel\\framework\\src\\Illuminate\\Pipeline\\Pipeline.php(219): Illuminate\\Foundation\\Http\\Middleware\\InvokeDeferredCallbacks->handle(Object(Illuminate\\Http\\Request), Object(Closure))
#40 C:\\Users\\ADMIN\\Desktop\\K2\\projects\\4viewsSocial\\APIAdmin\\vendor\\laravel\\framework\\src\\Illuminate\\Http\\Middleware\\ValidatePathEncoding.php(26): Illuminate\\Pipeline\\Pipeline->Illuminate\\Pipeline\\{closure}(Object(Illuminate\\Http\\Request))
#41 C:\\Users\\ADMIN\\Desktop\\K2\\projects\\4viewsSocial\\APIAdmin\\vendor\\laravel\\framework\\src\\Illuminate\\Pipeline\\Pipeline.php(219): Illuminate\\Http\\Middleware\\ValidatePathEncoding->handle(Object(Illuminate\\Http\\Request), Object(Closure))
#42 C:\\Users\\ADMIN\\Desktop\\K2\\projects\\4viewsSocial\\APIAdmin\\vendor\\laravel\\framework\\src\\Illuminate\\Pipeline\\Pipeline.php(137): Illuminate\\Pipeline\\Pipeline->Illuminate\\Pipeline\\{closure}(Object(Illuminate\\Http\\Request))
#43 C:\\Users\\ADMIN\\Desktop\\K2\\projects\\4viewsSocial\\APIAdmin\\vendor\\laravel\\framework\\src\\Illuminate\\Foundation\\Http\\Kernel.php(175): Illuminate\\Pipeline\\Pipeline->then(Object(Closure))
#44 C:\\Users\\ADMIN\\Desktop\\K2\\projects\\4viewsSocial\\APIAdmin\\vendor\\laravel\\framework\\src\\Illuminate\\Foundation\\Http\\Kernel.php(144): Illuminate\\Foundation\\Http\\Kernel->sendRequestThroughRouter(Object(Illuminate\\Http\\Request))
#45 C:\\Users\\ADMIN\\Desktop\\K2\\projects\\4viewsSocial\\APIAdmin\\vendor\\laravel\\framework\\src\\Illuminate\\Foundation\\Application.php(1220): Illuminate\\Foundation\\Http\\Kernel->handle(Object(Illuminate\\Http\\Request))
#46 C:\\Users\\ADMIN\\Desktop\\K2\\projects\\4viewsSocial\\APIAdmin\\public\\index.php(20): Illuminate\\Foundation\\Application->handleRequest(Object(Illuminate\\Http\\Request))
#47 C:\\Users\\ADMIN\\Desktop\\K2\\projects\\4viewsSocial\\APIAdmin\\vendor\\laravel\\framework\\src\\Illuminate\\Foundation\\resources\\server.php(23): require_once('C:\\\\Users\\\\ADMIN\\\\...')
#48 {main}
"} 
[2026-01-04 04:10:05] local.ERROR: Class "App\Http\Controllers\Carbon" not found {"exception":"[object] (Error(code: 0): Class \"App\\Http\\Controllers\\Carbon\" not found at C:\\Users\\ADMIN\\Desktop\\K2\\projects\\4viewsSocial\\APIAdmin\\app\\Http\\Controllers\\DashboardController.php:44)
[stacktrace]
#0 C:\\Users\\ADMIN\\Desktop\\K2\\projects\\4viewsSocial\\APIAdmin\\vendor\\laravel\\framework\\src\\Illuminate\\Routing\\ControllerDispatcher.php(46): App\\Http\\Controllers\\DashboardController->chart()
#1 C:\\Users\\ADMIN\\Desktop\\K2\\projects\\4viewsSocial\\APIAdmin\\vendor\\laravel\\framework\\src\\Illuminate\\Routing\\Route.php(265): Illuminate\\Routing\\ControllerDispatcher->dispatch(Object(Illuminate\\Routing\\Route), Object(App\\Http\\Controllers\\DashboardController), 'chart')
#2 C:\\Users\\ADMIN\\Desktop\\K2\\projects\\4viewsSocial\\APIAdmin\\vendor\\laravel\\framework\\src\\Illuminate\\Routing\\Route.php(211): Illuminate\\Routing\\Route->runController()
#3 C:\\Users\\ADMIN\\Desktop\\K2\\projects\\4viewsSocial\\APIAdmin\\vendor\\laravel\\framework\\src\\Illuminate\\Routing\\Router.php(822): Illuminate\\Routing\\Route->run()
#4 C:\\Users\\ADMIN\\Desktop\\K2\\projects\\4viewsSocial\\APIAdmin\\vendor\\laravel\\framework\\src\\Illuminate\\Pipeline\\Pipeline.php(180): Illuminate\\Routing\\Router->Illuminate\\Routing\\{closure}(Object(Illuminate\\Http\\Request))
#5 C:\\Users\\ADMIN\\Desktop\\K2\\projects\\4viewsSocial\\APIAdmin\\vendor\\laravel\\framework\\src\\Illuminate\\Routing\\Middleware\\SubstituteBindings.php(50): Illuminate\\Pipeline\\Pipeline->Illuminate\\Pipeline\\{closure}(Object(Illuminate\\Http\\Request))
#6 C:\\Users\\ADMIN\\Desktop\\K2\\projects\\4viewsSocial\\APIAdmin\\vendor\\laravel\\framework\\src\\Illuminate\\Pipeline\\Pipeline.php(219): Illuminate\\Routing\\Middleware\\SubstituteBindings->handle(Object(Illuminate\\Http\\Request), Object(Closure))
#7 C:\\Users\\ADMIN\\Desktop\\K2\\projects\\4viewsSocial\\APIAdmin\\vendor\\laravel\\framework\\src\\Illuminate\\Pipeline\\Pipeline.php(137): Illuminate\\Pipeline\\Pipeline->Illuminate\\Pipeline\\{closure}(Object(Illuminate\\Http\\Request))
#8 C:\\Users\\ADMIN\\Desktop\\K2\\projects\\4viewsSocial\\APIAdmin\\vendor\\laravel\\framework\\src\\Illuminate\\Routing\\Router.php(821): Illuminate\\Pipeline\\Pipeline->then(Object(Closure))
#9 C:\\Users\\ADMIN\\Desktop\\K2\\projects\\4viewsSocial\\APIAdmin\\vendor\\laravel\\framework\\src\\Illuminate\\Routing\\Router.php(800): Illuminate\\Routing\\Router->runRouteWithinStack(Object(Illuminate\\Routing\\Route), Object(Illuminate\\Http\\Request))
#10 C:\\Users\\ADMIN\\Desktop\\K2\\projects\\4viewsSocial\\APIAdmin\\vendor\\laravel\\framework\\src\\Illuminate\\Routing\\Router.php(764): Illuminate\\Routing\\Router->runRoute(Object(Illuminate\\Http\\Request), Object(Illuminate\\Routing\\Route))
#11 C:\\Users\\ADMIN\\Desktop\\K2\\projects\\4viewsSocial\\APIAdmin\\vendor\\laravel\\framework\\src\\Illuminate\\Routing\\Router.php(753): Illuminate\\Routing\\Router->dispatchToRoute(Object(Illuminate\\Http\\Request))
#12 C:\\Users\\ADMIN\\Desktop\\K2\\projects\\4viewsSocial\\APIAdmin\\vendor\\laravel\\framework\\src\\Illuminate\\Foundation\\Http\\Kernel.php(200): Illuminate\\Routing\\Router->dispatch(Object(Illuminate\\Http\\Request))
#13 C:\\Users\\ADMIN\\Desktop\\K2\\projects\\4viewsSocial\\APIAdmin\\vendor\\laravel\\framework\\src\\Illuminate\\Pipeline\\Pipeline.php(180): Illuminate\\Foundation\\Http\\Kernel->Illuminate\\Foundation\\Http\\{closure}(Object(Illuminate\\Http\\Request))
#14 C:\\Users\\ADMIN\\Desktop\\K2\\projects\\4viewsSocial\\APIAdmin\\vendor\\laravel\\framework\\src\\Illuminate\\Foundation\\Http\\Middleware\\TransformsRequest.php(21): Illuminate\\Pipeline\\Pipeline->Illuminate\\Pipeline\\{closure}(Object(Illuminate\\Http\\Request))
#15 C:\\Users\\ADMIN\\Desktop\\K2\\projects\\4viewsSocial\\APIAdmin\\vendor\\laravel\\framework\\src\\Illuminate\\Foundation\\Http\\Middleware\\ConvertEmptyStringsToNull.php(31): Illuminate\\Foundation\\Http\\Middleware\\TransformsRequest->handle(Object(Illuminate\\Http\\Request), Object(Closure))
#16 C:\\Users\\ADMIN\\Desktop\\K2\\projects\\4viewsSocial\\APIAdmin\\vendor\\laravel\\framework\\src\\Illuminate\\Pipeline\\Pipeline.php(219): Illuminate\\Foundation\\Http\\Middleware\\ConvertEmptyStringsToNull->handle(Object(Illuminate\\Http\\Request), Object(Closure))
#17 C:\\Users\\ADMIN\\Desktop\\K2\\projects\\4viewsSocial\\APIAdmin\\vendor\\laravel\\framework\\src\\Illuminate\\Foundation\\Http\\Middleware\\TransformsRequest.php(21): Illuminate\\Pipeline\\Pipeline->Illuminate\\Pipeline\\{closure}(Object(Illuminate\\Http\\Request))
#18 C:\\Users\\ADMIN\\Desktop\\K2\\projects\\4viewsSocial\\APIAdmin\\vendor\\laravel\\framework\\src\\Illuminate\\Foundation\\Http\\Middleware\\TrimStrings.php(51): Illuminate\\Foundation\\Http\\Middleware\\TransformsRequest->handle(Object(Illuminate\\Http\\Request), Object(Closure))
#19 C:\\Users\\ADMIN\\Desktop\\K2\\projects\\4viewsSocial\\APIAdmin\\vendor\\laravel\\framework\\src\\Illuminate\\Pipeline\\Pipeline.php(219): Illuminate\\Foundation\\Http\\Middleware\\TrimStrings->handle(Object(Illuminate\\Http\\Request), Object(Closure))
#20 C:\\Users\\ADMIN\\Desktop\\K2\\projects\\4viewsSocial\\APIAdmin\\vendor\\laravel\\framework\\src\\Illuminate\\Http\\Middleware\\ValidatePostSize.php(27): Illuminate\\Pipeline\\Pipeline->Illuminate\\Pipeline\\{closure}(Object(Illuminate\\Http\\Request))
#21 C:\\Users\\ADMIN\\Desktop\\K2\\projects\\4viewsSocial\\APIAdmin\\vendor\\laravel\\framework\\src\\Illuminate\\Pipeline\\Pipeline.php(219): Illuminate\\Http\\Middleware\\ValidatePostSize->handle(Object(Illuminate\\Http\\Request), Object(Closure))
#22 C:\\Users\\ADMIN\\Desktop\\K2\\projects\\4viewsSocial\\APIAdmin\\vendor\\laravel\\framework\\src\\Illuminate\\Foundation\\Http\\Middleware\\PreventRequestsDuringMaintenance.php(109): Illuminate\\Pipeline\\Pipeline->Illuminate\\Pipeline\\{closure}(Object(Illuminate\\Http\\Request))
#23 C:\\Users\\ADMIN\\Desktop\\K2\\projects\\4viewsSocial\\APIAdmin\\vendor\\laravel\\framework\\src\\Illuminate\\Pipeline\\Pipeline.php(219): Illuminate\\Foundation\\Http\\Middleware\\PreventRequestsDuringMaintenance->handle(Object(Illuminate\\Http\\Request), Object(Closure))
#24 C:\\Users\\ADMIN\\Desktop\\K2\\projects\\4viewsSocial\\APIAdmin\\vendor\\laravel\\framework\\src\\Illuminate\\Http\\Middleware\\HandleCors.php(61): Illuminate\\Pipeline\\Pipeline->Illuminate\\Pipeline\\{closure}(Object(Illuminate\\Http\\Request))
#25 C:\\Users\\ADMIN\\Desktop\\K2\\projects\\4viewsSocial\\APIAdmin\\vendor\\laravel\\framework\\src\\Illuminate\\Pipeline\\Pipeline.php(219): Illuminate\\Http\\Middleware\\HandleCors->handle(Object(Illuminate\\Http\\Request), Object(Closure))
#26 C:\\Users\\ADMIN\\Desktop\\K2\\projects\\4viewsSocial\\APIAdmin\\vendor\\laravel\\framework\\src\\Illuminate\\Http\\Middleware\\TrustProxies.php(58): Illuminate\\Pipeline\\Pipeline->Illuminate\\Pipeline\\{closure}(Object(Illuminate\\Http\\Request))
#27 C:\\Users\\ADMIN\\Desktop\\K2\\projects\\4viewsSocial\\APIAdmin\\vendor\\laravel\\framework\\src\\Illuminate\\Pipeline\\Pipeline.php(219): Illuminate\\Http\\Middleware\\TrustProxies->handle(Object(Illuminate\\Http\\Request), Object(Closure))
#28 C:\\Users\\ADMIN\\Desktop\\K2\\projects\\4viewsSocial\\APIAdmin\\vendor\\laravel\\framework\\src\\Illuminate\\Foundation\\Http\\Middleware\\InvokeDeferredCallbacks.php(22): Illuminate\\Pipeline\\Pipeline->Illuminate\\Pipeline\\{closure}(Object(Illuminate\\Http\\Request))
#29 C:\\Users\\ADMIN\\Desktop\\K2\\projects\\4viewsSocial\\APIAdmin\\vendor\\laravel\\framework\\src\\Illuminate\\Pipeline\\Pipeline.php(219): Illuminate\\Foundation\\Http\\Middleware\\InvokeDeferredCallbacks->handle(Object(Illuminate\\Http\\Request), Object(Closure))
#30 C:\\Users\\ADMIN\\Desktop\\K2\\projects\\4viewsSocial\\APIAdmin\\vendor\\laravel\\framework\\src\\Illuminate\\Http\\Middleware\\ValidatePathEncoding.php(26): Illuminate\\Pipeline\\Pipeline->Illuminate\\Pipeline\\{closure}(Object(Illuminate\\Http\\Request))
#31 C:\\Users\\ADMIN\\Desktop\\K2\\projects\\4viewsSocial\\APIAdmin\\vendor\\laravel\\framework\\src\\Illuminate\\Pipeline\\Pipeline.php(219): Illuminate\\Http\\Middleware\\ValidatePathEncoding->handle(Object(Illuminate\\Http\\Request), Object(Closure))
#32 C:\\Users\\ADMIN\\Desktop\\K2\\projects\\4viewsSocial\\APIAdmin\\vendor\\laravel\\framework\\src\\Illuminate\\Pipeline\\Pipeline.php(137): Illuminate\\Pipeline\\Pipeline->Illuminate\\Pipeline\\{closure}(Object(Illuminate\\Http\\Request))
#33 C:\\Users\\ADMIN\\Desktop\\K2\\projects\\4viewsSocial\\APIAdmin\\vendor\\laravel\\framework\\src\\Illuminate\\Foundation\\Http\\Kernel.php(175): Illuminate\\Pipeline\\Pipeline->then(Object(Closure))
#34 C:\\Users\\ADMIN\\Desktop\\K2\\projects\\4viewsSocial\\APIAdmin\\vendor\\laravel\\framework\\src\\Illuminate\\Foundation\\Http\\Kernel.php(144): Illuminate\\Foundation\\Http\\Kernel->sendRequestThroughRouter(Object(Illuminate\\Http\\Request))
#35 C:\\Users\\ADMIN\\Desktop\\K2\\projects\\4viewsSocial\\APIAdmin\\vendor\\laravel\\framework\\src\\Illuminate\\Foundation\\Application.php(1220): Illuminate\\Foundation\\Http\\Kernel->handle(Object(Illuminate\\Http\\Request))
#36 C:\\Users\\ADMIN\\Desktop\\K2\\projects\\4viewsSocial\\APIAdmin\\public\\index.php(20): Illuminate\\Foundation\\Application->handleRequest(Object(Illuminate\\Http\\Request))
#37 C:\\Users\\ADMIN\\Desktop\\K2\\projects\\4viewsSocial\\APIAdmin\\vendor\\laravel\\framework\\src\\Illuminate\\Foundation\\resources\\server.php(23): require_once('C:\\\\Users\\\\ADMIN\\\\...')
#38 {main}
"} 
[2026-01-04 04:10:25] local.ERROR: Class "App\Http\Controllers\Carbon" not found {"exception":"[object] (Error(code: 0): Class \"App\\Http\\Controllers\\Carbon\" not found at C:\\Users\\ADMIN\\Desktop\\K2\\projects\\4viewsSocial\\APIAdmin\\app\\Http\\Controllers\\DashboardController.php:44)
[stacktrace]
#0 C:\\Users\\ADMIN\\Desktop\\K2\\projects\\4viewsSocial\\APIAdmin\\vendor\\laravel\\framework\\src\\Illuminate\\Routing\\ControllerDispatcher.php(46): App\\Http\\Controllers\\DashboardController->chart()
#1 C:\\Users\\ADMIN\\Desktop\\K2\\projects\\4viewsSocial\\APIAdmin\\vendor\\laravel\\framework\\src\\Illuminate\\Routing\\Route.php(265): Illuminate\\Routing\\ControllerDispatcher->dispatch(Object(Illuminate\\Routing\\Route), Object(App\\Http\\Controllers\\DashboardController), 'chart')
#2 C:\\Users\\ADMIN\\Desktop\\K2\\projects\\4viewsSocial\\APIAdmin\\vendor\\laravel\\framework\\src\\Illuminate\\Routing\\Route.php(211): Illuminate\\Routing\\Route->runController()
#3 C:\\Users\\ADMIN\\Desktop\\K2\\projects\\4viewsSocial\\APIAdmin\\vendor\\laravel\\framework\\src\\Illuminate\\Routing\\Router.php(822): Illuminate\\Routing\\Route->run()
#4 C:\\Users\\ADMIN\\Desktop\\K2\\projects\\4viewsSocial\\APIAdmin\\vendor\\laravel\\framework\\src\\Illuminate\\Pipeline\\Pipeline.php(180): Illuminate\\Routing\\Router->Illuminate\\Routing\\{closure}(Object(Illuminate\\Http\\Request))
#5 C:\\Users\\ADMIN\\Desktop\\K2\\projects\\4viewsSocial\\APIAdmin\\vendor\\laravel\\framework\\src\\Illuminate\\Routing\\Middleware\\SubstituteBindings.php(50): Illuminate\\Pipeline\\Pipeline->Illuminate\\Pipeline\\{closure}(Object(Illuminate\\Http\\Request))
#6 C:\\Users\\ADMIN\\Desktop\\K2\\projects\\4viewsSocial\\APIAdmin\\vendor\\laravel\\framework\\src\\Illuminate\\Pipeline\\Pipeline.php(219): Illuminate\\Routing\\Middleware\\SubstituteBindings->handle(Object(Illuminate\\Http\\Request), Object(Closure))
#7 C:\\Users\\ADMIN\\Desktop\\K2\\projects\\4viewsSocial\\APIAdmin\\vendor\\laravel\\framework\\src\\Illuminate\\Pipeline\\Pipeline.php(137): Illuminate\\Pipeline\\Pipeline->Illuminate\\Pipeline\\{closure}(Object(Illuminate\\Http\\Request))
#8 C:\\Users\\ADMIN\\Desktop\\K2\\projects\\4viewsSocial\\APIAdmin\\vendor\\laravel\\framework\\src\\Illuminate\\Routing\\Router.php(821): Illuminate\\Pipeline\\Pipeline->then(Object(Closure))
#9 C:\\Users\\ADMIN\\Desktop\\K2\\projects\\4viewsSocial\\APIAdmin\\vendor\\laravel\\framework\\src\\Illuminate\\Routing\\Router.php(800): Illuminate\\Routing\\Router->runRouteWithinStack(Object(Illuminate\\Routing\\Route), Object(Illuminate\\Http\\Request))
#10 C:\\Users\\ADMIN\\Desktop\\K2\\projects\\4viewsSocial\\APIAdmin\\vendor\\laravel\\framework\\src\\Illuminate\\Routing\\Router.php(764): Illuminate\\Routing\\Router->runRoute(Object(Illuminate\\Http\\Request), Object(Illuminate\\Routing\\Route))
#11 C:\\Users\\ADMIN\\Desktop\\K2\\projects\\4viewsSocial\\APIAdmin\\vendor\\laravel\\framework\\src\\Illuminate\\Routing\\Router.php(753): Illuminate\\Routing\\Router->dispatchToRoute(Object(Illuminate\\Http\\Request))
#12 C:\\Users\\ADMIN\\Desktop\\K2\\projects\\4viewsSocial\\APIAdmin\\vendor\\laravel\\framework\\src\\Illuminate\\Foundation\\Http\\Kernel.php(200): Illuminate\\Routing\\Router->dispatch(Object(Illuminate\\Http\\Request))
#13 C:\\Users\\ADMIN\\Desktop\\K2\\projects\\4viewsSocial\\APIAdmin\\vendor\\laravel\\framework\\src\\Illuminate\\Pipeline\\Pipeline.php(180): Illuminate\\Foundation\\Http\\Kernel->Illuminate\\Foundation\\Http\\{closure}(Object(Illuminate\\Http\\Request))
#14 C:\\Users\\ADMIN\\Desktop\\K2\\projects\\4viewsSocial\\APIAdmin\\vendor\\laravel\\framework\\src\\Illuminate\\Foundation\\Http\\Middleware\\TransformsRequest.php(21): Illuminate\\Pipeline\\Pipeline->Illuminate\\Pipeline\\{closure}(Object(Illuminate\\Http\\Request))
#15 C:\\Users\\ADMIN\\Desktop\\K2\\projects\\4viewsSocial\\APIAdmin\\vendor\\laravel\\framework\\src\\Illuminate\\Foundation\\Http\\Middleware\\ConvertEmptyStringsToNull.php(31): Illuminate\\Foundation\\Http\\Middleware\\TransformsRequest->handle(Object(Illuminate\\Http\\Request), Object(Closure))
#16 C:\\Users\\ADMIN\\Desktop\\K2\\projects\\4viewsSocial\\APIAdmin\\vendor\\laravel\\framework\\src\\Illuminate\\Pipeline\\Pipeline.php(219): Illuminate\\Foundation\\Http\\Middleware\\ConvertEmptyStringsToNull->handle(Object(Illuminate\\Http\\Request), Object(Closure))
#17 C:\\Users\\ADMIN\\Desktop\\K2\\projects\\4viewsSocial\\APIAdmin\\vendor\\laravel\\framework\\src\\Illuminate\\Foundation\\Http\\Middleware\\TransformsRequest.php(21): Illuminate\\Pipeline\\Pipeline->Illuminate\\Pipeline\\{closure}(Object(Illuminate\\Http\\Request))
#18 C:\\Users\\ADMIN\\Desktop\\K2\\projects\\4viewsSocial\\APIAdmin\\vendor\\laravel\\framework\\src\\Illuminate\\Foundation\\Http\\Middleware\\TrimStrings.php(51): Illuminate\\Foundation\\Http\\Middleware\\TransformsRequest->handle(Object(Illuminate\\Http\\Request), Object(Closure))
#19 C:\\Users\\ADMIN\\Desktop\\K2\\projects\\4viewsSocial\\APIAdmin\\vendor\\laravel\\framework\\src\\Illuminate\\Pipeline\\Pipeline.php(219): Illuminate\\Foundation\\Http\\Middleware\\TrimStrings->handle(Object(Illuminate\\Http\\Request), Object(Closure))
#20 C:\\Users\\ADMIN\\Desktop\\K2\\projects\\4viewsSocial\\APIAdmin\\vendor\\laravel\\framework\\src\\Illuminate\\Http\\Middleware\\ValidatePostSize.php(27): Illuminate\\Pipeline\\Pipeline->Illuminate\\Pipeline\\{closure}(Object(Illuminate\\Http\\Request))
#21 C:\\Users\\ADMIN\\Desktop\\K2\\projects\\4viewsSocial\\APIAdmin\\vendor\\laravel\\framework\\src\\Illuminate\\Pipeline\\Pipeline.php(219): Illuminate\\Http\\Middleware\\ValidatePostSize->handle(Object(Illuminate\\Http\\Request), Object(Closure))
#22 C:\\Users\\ADMIN\\Desktop\\K2\\projects\\4viewsSocial\\APIAdmin\\vendor\\laravel\\framework\\src\\Illuminate\\Foundation\\Http\\Middleware\\PreventRequestsDuringMaintenance.php(109): Illuminate\\Pipeline\\Pipeline->Illuminate\\Pipeline\\{closure}(Object(Illuminate\\Http\\Request))
#23 C:\\Users\\ADMIN\\Desktop\\K2\\projects\\4viewsSocial\\APIAdmin\\vendor\\laravel\\framework\\src\\Illuminate\\Pipeline\\Pipeline.php(219): Illuminate\\Foundation\\Http\\Middleware\\PreventRequestsDuringMaintenance->handle(Object(Illuminate\\Http\\Request), Object(Closure))
#24 C:\\Users\\ADMIN\\Desktop\\K2\\projects\\4viewsSocial\\APIAdmin\\vendor\\laravel\\framework\\src\\Illuminate\\Http\\Middleware\\HandleCors.php(61): Illuminate\\Pipeline\\Pipeline->Illuminate\\Pipeline\\{closure}(Object(Illuminate\\Http\\Request))
#25 C:\\Users\\ADMIN\\Desktop\\K2\\projects\\4viewsSocial\\APIAdmin\\vendor\\laravel\\framework\\src\\Illuminate\\Pipeline\\Pipeline.php(219): Illuminate\\Http\\Middleware\\HandleCors->handle(Object(Illuminate\\Http\\Request), Object(Closure))
#26 C:\\Users\\ADMIN\\Desktop\\K2\\projects\\4viewsSocial\\APIAdmin\\vendor\\laravel\\framework\\src\\Illuminate\\Http\\Middleware\\TrustProxies.php(58): Illuminate\\Pipeline\\Pipeline->Illuminate\\Pipeline\\{closure}(Object(Illuminate\\Http\\Request))
#27 C:\\Users\\ADMIN\\Desktop\\K2\\projects\\4viewsSocial\\APIAdmin\\vendor\\laravel\\framework\\src\\Illuminate\\Pipeline\\Pipeline.php(219): Illuminate\\Http\\Middleware\\TrustProxies->handle(Object(Illuminate\\Http\\Request), Object(Closure))
#28 C:\\Users\\ADMIN\\Desktop\\K2\\projects\\4viewsSocial\\APIAdmin\\vendor\\laravel\\framework\\src\\Illuminate\\Foundation\\Http\\Middleware\\InvokeDeferredCallbacks.php(22): Illuminate\\Pipeline\\Pipeline->Illuminate\\Pipeline\\{closure}(Object(Illuminate\\Http\\Request))
#29 C:\\Users\\ADMIN\\Desktop\\K2\\projects\\4viewsSocial\\APIAdmin\\vendor\\laravel\\framework\\src\\Illuminate\\Pipeline\\Pipeline.php(219): Illuminate\\Foundation\\Http\\Middleware\\InvokeDeferredCallbacks->handle(Object(Illuminate\\Http\\Request), Object(Closure))
#30 C:\\Users\\ADMIN\\Desktop\\K2\\projects\\4viewsSocial\\APIAdmin\\vendor\\laravel\\framework\\src\\Illuminate\\Http\\Middleware\\ValidatePathEncoding.php(26): Illuminate\\Pipeline\\Pipeline->Illuminate\\Pipeline\\{closure}(Object(Illuminate\\Http\\Request))
#31 C:\\Users\\ADMIN\\Desktop\\K2\\projects\\4viewsSocial\\APIAdmin\\vendor\\laravel\\framework\\src\\Illuminate\\Pipeline\\Pipeline.php(219): Illuminate\\Http\\Middleware\\ValidatePathEncoding->handle(Object(Illuminate\\Http\\Request), Object(Closure))
#32 C:\\Users\\ADMIN\\Desktop\\K2\\projects\\4viewsSocial\\APIAdmin\\vendor\\laravel\\framework\\src\\Illuminate\\Pipeline\\Pipeline.php(137): Illuminate\\Pipeline\\Pipeline->Illuminate\\Pipeline\\{closure}(Object(Illuminate\\Http\\Request))
#33 C:\\Users\\ADMIN\\Desktop\\K2\\projects\\4viewsSocial\\APIAdmin\\vendor\\laravel\\framework\\src\\Illuminate\\Foundation\\Http\\Kernel.php(175): Illuminate\\Pipeline\\Pipeline->then(Object(Closure))
#34 C:\\Users\\ADMIN\\Desktop\\K2\\projects\\4viewsSocial\\APIAdmin\\vendor\\laravel\\framework\\src\\Illuminate\\Foundation\\Http\\Kernel.php(144): Illuminate\\Foundation\\Http\\Kernel->sendRequestThroughRouter(Object(Illuminate\\Http\\Request))
#35 C:\\Users\\ADMIN\\Desktop\\K2\\projects\\4viewsSocial\\APIAdmin\\vendor\\laravel\\framework\\src\\Illuminate\\Foundation\\Application.php(1220): Illuminate\\Foundation\\Http\\Kernel->handle(Object(Illuminate\\Http\\Request))
#36 C:\\Users\\ADMIN\\Desktop\\K2\\projects\\4viewsSocial\\APIAdmin\\public\\index.php(20): Illuminate\\Foundation\\Application->handleRequest(Object(Illuminate\\Http\\Request))
#37 C:\\Users\\ADMIN\\Desktop\\K2\\projects\\4viewsSocial\\APIAdmin\\vendor\\laravel\\framework\\src\\Illuminate\\Foundation\\resources\\server.php(23): require_once('C:\\\\Users\\\\ADMIN\\\\...')
#38 {main}
"} 
[2026-01-04 04:11:41] local.ERROR: SQLSTATE[42S22]: Column not found: 1054 Unknown column 'created_at' in 'field list' (Connection: mysql, SQL: select DATE(created_at) as date, COUNT(*) as total from `violence_warnings` where `created_at` between 2025-12-29 00:00:00 and 2026-01-04 23:59:59 group by DATE(created_at)) {"exception":"[object] (Illuminate\\Database\\QueryException(code: 42S22): SQLSTATE[42S22]: Column not found: 1054 Unknown column 'created_at' in 'field list' (Connection: mysql, SQL: select DATE(created_at) as date, COUNT(*) as total from `violence_warnings` where `created_at` between 2025-12-29 00:00:00 and 2026-01-04 23:59:59 group by DATE(created_at)) at C:\\Users\\ADMIN\\Desktop\\K2\\projects\\4viewsSocial\\APIAdmin\\vendor\\laravel\\framework\\src\\Illuminate\\Database\\Connection.php:824)
[stacktrace]
#0 C:\\Users\\ADMIN\\Desktop\\K2\\projects\\4viewsSocial\\APIAdmin\\vendor\\laravel\\framework\\src\\Illuminate\\Database\\Connection.php(778): Illuminate\\Database\\Connection->runQueryCallback('select DATE(cre...', Array, Object(Closure))
#1 C:\\Users\\ADMIN\\Desktop\\K2\\projects\\4viewsSocial\\APIAdmin\\vendor\\laravel\\framework\\src\\Illuminate\\Database\\Connection.php(397): Illuminate\\Database\\Connection->run('select DATE(cre...', Array, Object(Closure))
#2 C:\\Users\\ADMIN\\Desktop\\K2\\projects\\4viewsSocial\\APIAdmin\\vendor\\laravel\\framework\\src\\Illuminate\\Database\\Query\\Builder.php(3188): Illuminate\\Database\\Connection->select('select DATE(cre...', Array, true)
#3 C:\\Users\\ADMIN\\Desktop\\K2\\projects\\4viewsSocial\\APIAdmin\\vendor\\laravel\\framework\\src\\Illuminate\\Database\\Query\\Builder.php(3446): Illuminate\\Database\\Query\\Builder->runSelect()
#4 C:\\Users\\ADMIN\\Desktop\\K2\\projects\\4viewsSocial\\APIAdmin\\vendor\\laravel\\framework\\src\\Illuminate\\Database\\Query\\Builder.php(3763): Illuminate\\Database\\Query\\Builder->Illuminate\\Database\\Query\\{closure}()
#5 C:\\Users\\ADMIN\\Desktop\\K2\\projects\\4viewsSocial\\APIAdmin\\vendor\\laravel\\framework\\src\\Illuminate\\Database\\Query\\Builder.php(3442): Illuminate\\Database\\Query\\Builder->onceWithColumns(Array, Object(Closure))
#6 C:\\Users\\ADMIN\\Desktop\\K2\\projects\\4viewsSocial\\APIAdmin\\vendor\\laravel\\framework\\src\\Illuminate\\Database\\Eloquent\\Builder.php(1082): Illuminate\\Database\\Query\\Builder->pluck('total', 'date')
#7 C:\\Users\\ADMIN\\Desktop\\K2\\projects\\4viewsSocial\\APIAdmin\\app\\Http\\Controllers\\DashboardController.php(87): Illuminate\\Database\\Eloquent\\Builder->pluck('total', 'date')
#8 C:\\Users\\ADMIN\\Desktop\\K2\\projects\\4viewsSocial\\APIAdmin\\vendor\\laravel\\framework\\src\\Illuminate\\Routing\\ControllerDispatcher.php(46): App\\Http\\Controllers\\DashboardController->chart()
#9 C:\\Users\\ADMIN\\Desktop\\K2\\projects\\4viewsSocial\\APIAdmin\\vendor\\laravel\\framework\\src\\Illuminate\\Routing\\Route.php(265): Illuminate\\Routing\\ControllerDispatcher->dispatch(Object(Illuminate\\Routing\\Route), Object(App\\Http\\Controllers\\DashboardController), 'chart')
#10 C:\\Users\\ADMIN\\Desktop\\K2\\projects\\4viewsSocial\\APIAdmin\\vendor\\laravel\\framework\\src\\Illuminate\\Routing\\Route.php(211): Illuminate\\Routing\\Route->runController()
#11 C:\\Users\\ADMIN\\Desktop\\K2\\projects\\4viewsSocial\\APIAdmin\\vendor\\laravel\\framework\\src\\Illuminate\\Routing\\Router.php(822): Illuminate\\Routing\\Route->run()
#12 C:\\Users\\ADMIN\\Desktop\\K2\\projects\\4viewsSocial\\APIAdmin\\vendor\\laravel\\framework\\src\\Illuminate\\Pipeline\\Pipeline.php(180): Illuminate\\Routing\\Router->Illuminate\\Routing\\{closure}(Object(Illuminate\\Http\\Request))
#13 C:\\Users\\ADMIN\\Desktop\\K2\\projects\\4viewsSocial\\APIAdmin\\vendor\\laravel\\framework\\src\\Illuminate\\Routing\\Middleware\\SubstituteBindings.php(50): Illuminate\\Pipeline\\Pipeline->Illuminate\\Pipeline\\{closure}(Object(Illuminate\\Http\\Request))
#14 C:\\Users\\ADMIN\\Desktop\\K2\\projects\\4viewsSocial\\APIAdmin\\vendor\\laravel\\framework\\src\\Illuminate\\Pipeline\\Pipeline.php(219): Illuminate\\Routing\\Middleware\\SubstituteBindings->handle(Object(Illuminate\\Http\\Request), Object(Closure))
#15 C:\\Users\\ADMIN\\Desktop\\K2\\projects\\4viewsSocial\\APIAdmin\\vendor\\laravel\\framework\\src\\Illuminate\\Pipeline\\Pipeline.php(137): Illuminate\\Pipeline\\Pipeline->Illuminate\\Pipeline\\{closure}(Object(Illuminate\\Http\\Request))
#16 C:\\Users\\ADMIN\\Desktop\\K2\\projects\\4viewsSocial\\APIAdmin\\vendor\\laravel\\framework\\src\\Illuminate\\Routing\\Router.php(821): Illuminate\\Pipeline\\Pipeline->then(Object(Closure))
#17 C:\\Users\\ADMIN\\Desktop\\K2\\projects\\4viewsSocial\\APIAdmin\\vendor\\laravel\\framework\\src\\Illuminate\\Routing\\Router.php(800): Illuminate\\Routing\\Router->runRouteWithinStack(Object(Illuminate\\Routing\\Route), Object(Illuminate\\Http\\Request))
#18 C:\\Users\\ADMIN\\Desktop\\K2\\projects\\4viewsSocial\\APIAdmin\\vendor\\laravel\\framework\\src\\Illuminate\\Routing\\Router.php(764): Illuminate\\Routing\\Router->runRoute(Object(Illuminate\\Http\\Request), Object(Illuminate\\Routing\\Route))
#19 C:\\Users\\ADMIN\\Desktop\\K2\\projects\\4viewsSocial\\APIAdmin\\vendor\\laravel\\framework\\src\\Illuminate\\Routing\\Router.php(753): Illuminate\\Routing\\Router->dispatchToRoute(Object(Illuminate\\Http\\Request))
#20 C:\\Users\\ADMIN\\Desktop\\K2\\projects\\4viewsSocial\\APIAdmin\\vendor\\laravel\\framework\\src\\Illuminate\\Foundation\\Http\\Kernel.php(200): Illuminate\\Routing\\Router->dispatch(Object(Illuminate\\Http\\Request))
#21 C:\\Users\\ADMIN\\Desktop\\K2\\projects\\4viewsSocial\\APIAdmin\\vendor\\laravel\\framework\\src\\Illuminate\\Pipeline\\Pipeline.php(180): Illuminate\\Foundation\\Http\\Kernel->Illuminate\\Foundation\\Http\\{closure}(Object(Illuminate\\Http\\Request))
#22 C:\\Users\\ADMIN\\Desktop\\K2\\projects\\4viewsSocial\\APIAdmin\\vendor\\laravel\\framework\\src\\Illuminate\\Foundation\\Http\\Middleware\\TransformsRequest.php(21): Illuminate\\Pipeline\\Pipeline->Illuminate\\Pipeline\\{closure}(Object(Illuminate\\Http\\Request))
#23 C:\\Users\\ADMIN\\Desktop\\K2\\projects\\4viewsSocial\\APIAdmin\\vendor\\laravel\\framework\\src\\Illuminate\\Foundation\\Http\\Middleware\\ConvertEmptyStringsToNull.php(31): Illuminate\\Foundation\\Http\\Middleware\\TransformsRequest->handle(Object(Illuminate\\Http\\Request), Object(Closure))
#24 C:\\Users\\ADMIN\\Desktop\\K2\\projects\\4viewsSocial\\APIAdmin\\vendor\\laravel\\framework\\src\\Illuminate\\Pipeline\\Pipeline.php(219): Illuminate\\Foundation\\Http\\Middleware\\ConvertEmptyStringsToNull->handle(Object(Illuminate\\Http\\Request), Object(Closure))
#25 C:\\Users\\ADMIN\\Desktop\\K2\\projects\\4viewsSocial\\APIAdmin\\vendor\\laravel\\framework\\src\\Illuminate\\Foundation\\Http\\Middleware\\TransformsRequest.php(21): Illuminate\\Pipeline\\Pipeline->Illuminate\\Pipeline\\{closure}(Object(Illuminate\\Http\\Request))
#26 C:\\Users\\ADMIN\\Desktop\\K2\\projects\\4viewsSocial\\APIAdmin\\vendor\\laravel\\framework\\src\\Illuminate\\Foundation\\Http\\Middleware\\TrimStrings.php(51): Illuminate\\Foundation\\Http\\Middleware\\TransformsRequest->handle(Object(Illuminate\\Http\\Request), Object(Closure))
#27 C:\\Users\\ADMIN\\Desktop\\K2\\projects\\4viewsSocial\\APIAdmin\\vendor\\laravel\\framework\\src\\Illuminate\\Pipeline\\Pipeline.php(219): Illuminate\\Foundation\\Http\\Middleware\\TrimStrings->handle(Object(Illuminate\\Http\\Request), Object(Closure))
#28 C:\\Users\\ADMIN\\Desktop\\K2\\projects\\4viewsSocial\\APIAdmin\\vendor\\laravel\\framework\\src\\Illuminate\\Http\\Middleware\\ValidatePostSize.php(27): Illuminate\\Pipeline\\Pipeline->Illuminate\\Pipeline\\{closure}(Object(Illuminate\\Http\\Request))
#29 C:\\Users\\ADMIN\\Desktop\\K2\\projects\\4viewsSocial\\APIAdmin\\vendor\\laravel\\framework\\src\\Illuminate\\Pipeline\\Pipeline.php(219): Illuminate\\Http\\Middleware\\ValidatePostSize->handle(Object(Illuminate\\Http\\Request), Object(Closure))
#30 C:\\Users\\ADMIN\\Desktop\\K2\\projects\\4viewsSocial\\APIAdmin\\vendor\\laravel\\framework\\src\\Illuminate\\Foundation\\Http\\Middleware\\PreventRequestsDuringMaintenance.php(109): Illuminate\\Pipeline\\Pipeline->Illuminate\\Pipeline\\{closure}(Object(Illuminate\\Http\\Request))
#31 C:\\Users\\ADMIN\\Desktop\\K2\\projects\\4viewsSocial\\APIAdmin\\vendor\\laravel\\framework\\src\\Illuminate\\Pipeline\\Pipeline.php(219): Illuminate\\Foundation\\Http\\Middleware\\PreventRequestsDuringMaintenance->handle(Object(Illuminate\\Http\\Request), Object(Closure))
#32 C:\\Users\\ADMIN\\Desktop\\K2\\projects\\4viewsSocial\\APIAdmin\\vendor\\laravel\\framework\\src\\Illuminate\\Http\\Middleware\\HandleCors.php(61): Illuminate\\Pipeline\\Pipeline->Illuminate\\Pipeline\\{closure}(Object(Illuminate\\Http\\Request))
#33 C:\\Users\\ADMIN\\Desktop\\K2\\projects\\4viewsSocial\\APIAdmin\\vendor\\laravel\\framework\\src\\Illuminate\\Pipeline\\Pipeline.php(219): Illuminate\\Http\\Middleware\\HandleCors->handle(Object(Illuminate\\Http\\Request), Object(Closure))
#34 C:\\Users\\ADMIN\\Desktop\\K2\\projects\\4viewsSocial\\APIAdmin\\vendor\\laravel\\framework\\src\\Illuminate\\Http\\Middleware\\TrustProxies.php(58): Illuminate\\Pipeline\\Pipeline->Illuminate\\Pipeline\\{closure}(Object(Illuminate\\Http\\Request))
#35 C:\\Users\\ADMIN\\Desktop\\K2\\projects\\4viewsSocial\\APIAdmin\\vendor\\laravel\\framework\\src\\Illuminate\\Pipeline\\Pipeline.php(219): Illuminate\\Http\\Middleware\\TrustProxies->handle(Object(Illuminate\\Http\\Request), Object(Closure))
#36 C:\\Users\\ADMIN\\Desktop\\K2\\projects\\4viewsSocial\\APIAdmin\\vendor\\laravel\\framework\\src\\Illuminate\\Foundation\\Http\\Middleware\\InvokeDeferredCallbacks.php(22): Illuminate\\Pipeline\\Pipeline->Illuminate\\Pipeline\\{closure}(Object(Illuminate\\Http\\Request))
#37 C:\\Users\\ADMIN\\Desktop\\K2\\projects\\4viewsSocial\\APIAdmin\\vendor\\laravel\\framework\\src\\Illuminate\\Pipeline\\Pipeline.php(219): Illuminate\\Foundation\\Http\\Middleware\\InvokeDeferredCallbacks->handle(Object(Illuminate\\Http\\Request), Object(Closure))
#38 C:\\Users\\ADMIN\\Desktop\\K2\\projects\\4viewsSocial\\APIAdmin\\vendor\\laravel\\framework\\src\\Illuminate\\Http\\Middleware\\ValidatePathEncoding.php(26): Illuminate\\Pipeline\\Pipeline->Illuminate\\Pipeline\\{closure}(Object(Illuminate\\Http\\Request))
#39 C:\\Users\\ADMIN\\Desktop\\K2\\projects\\4viewsSocial\\APIAdmin\\vendor\\laravel\\framework\\src\\Illuminate\\Pipeline\\Pipeline.php(219): Illuminate\\Http\\Middleware\\ValidatePathEncoding->handle(Object(Illuminate\\Http\\Request), Object(Closure))
#40 C:\\Users\\ADMIN\\Desktop\\K2\\projects\\4viewsSocial\\APIAdmin\\vendor\\laravel\\framework\\src\\Illuminate\\Pipeline\\Pipeline.php(137): Illuminate\\Pipeline\\Pipeline->Illuminate\\Pipeline\\{closure}(Object(Illuminate\\Http\\Request))
#41 C:\\Users\\ADMIN\\Desktop\\K2\\projects\\4viewsSocial\\APIAdmin\\vendor\\laravel\\framework\\src\\Illuminate\\Foundation\\Http\\Kernel.php(175): Illuminate\\Pipeline\\Pipeline->then(Object(Closure))
#42 C:\\Users\\ADMIN\\Desktop\\K2\\projects\\4viewsSocial\\APIAdmin\\vendor\\laravel\\framework\\src\\Illuminate\\Foundation\\Http\\Kernel.php(144): Illuminate\\Foundation\\Http\\Kernel->sendRequestThroughRouter(Object(Illuminate\\Http\\Request))
#43 C:\\Users\\ADMIN\\Desktop\\K2\\projects\\4viewsSocial\\APIAdmin\\vendor\\laravel\\framework\\src\\Illuminate\\Foundation\\Application.php(1220): Illuminate\\Foundation\\Http\\Kernel->handle(Object(Illuminate\\Http\\Request))
#44 C:\\Users\\ADMIN\\Desktop\\K2\\projects\\4viewsSocial\\APIAdmin\\public\\index.php(20): Illuminate\\Foundation\\Application->handleRequest(Object(Illuminate\\Http\\Request))
#45 C:\\Users\\ADMIN\\Desktop\\K2\\projects\\4viewsSocial\\APIAdmin\\vendor\\laravel\\framework\\src\\Illuminate\\Foundation\\resources\\server.php(23): require_once('C:\\\\Users\\\\ADMIN\\\\...')
#46 {main}

[previous exception] [object] (PDOException(code: 42S22): SQLSTATE[42S22]: Column not found: 1054 Unknown column 'created_at' in 'field list' at C:\\Users\\ADMIN\\Desktop\\K2\\projects\\4viewsSocial\\APIAdmin\\vendor\\laravel\\framework\\src\\Illuminate\\Database\\Connection.php:406)
[stacktrace]
#0 C:\\Users\\ADMIN\\Desktop\\K2\\projects\\4viewsSocial\\APIAdmin\\vendor\\laravel\\framework\\src\\Illuminate\\Database\\Connection.php(406): PDO->prepare('select DATE(cre...')
#1 C:\\Users\\ADMIN\\Desktop\\K2\\projects\\4viewsSocial\\APIAdmin\\vendor\\laravel\\framework\\src\\Illuminate\\Database\\Connection.php(811): Illuminate\\Database\\Connection->Illuminate\\Database\\{closure}('select DATE(cre...', Array)
#2 C:\\Users\\ADMIN\\Desktop\\K2\\projects\\4viewsSocial\\APIAdmin\\vendor\\laravel\\framework\\src\\Illuminate\\Database\\Connection.php(778): Illuminate\\Database\\Connection->runQueryCallback('select DATE(cre...', Array, Object(Closure))
#3 C:\\Users\\ADMIN\\Desktop\\K2\\projects\\4viewsSocial\\APIAdmin\\vendor\\laravel\\framework\\src\\Illuminate\\Database\\Connection.php(397): Illuminate\\Database\\Connection->run('select DATE(cre...', Array, Object(Closure))
#4 C:\\Users\\ADMIN\\Desktop\\K2\\projects\\4viewsSocial\\APIAdmin\\vendor\\laravel\\framework\\src\\Illuminate\\Database\\Query\\Builder.php(3188): Illuminate\\Database\\Connection->select('select DATE(cre...', Array, true)
#5 C:\\Users\\ADMIN\\Desktop\\K2\\projects\\4viewsSocial\\APIAdmin\\vendor\\laravel\\framework\\src\\Illuminate\\Database\\Query\\Builder.php(3446): Illuminate\\Database\\Query\\Builder->runSelect()
#6 C:\\Users\\ADMIN\\Desktop\\K2\\projects\\4viewsSocial\\APIAdmin\\vendor\\laravel\\framework\\src\\Illuminate\\Database\\Query\\Builder.php(3763): Illuminate\\Database\\Query\\Builder->Illuminate\\Database\\Query\\{closure}()
#7 C:\\Users\\ADMIN\\Desktop\\K2\\projects\\4viewsSocial\\APIAdmin\\vendor\\laravel\\framework\\src\\Illuminate\\Database\\Query\\Builder.php(3442): Illuminate\\Database\\Query\\Builder->onceWithColumns(Array, Object(Closure))
#8 C:\\Users\\ADMIN\\Desktop\\K2\\projects\\4viewsSocial\\APIAdmin\\vendor\\laravel\\framework\\src\\Illuminate\\Database\\Eloquent\\Builder.php(1082): Illuminate\\Database\\Query\\Builder->pluck('total', 'date')
#9 C:\\Users\\ADMIN\\Desktop\\K2\\projects\\4viewsSocial\\APIAdmin\\app\\Http\\Controllers\\DashboardController.php(87): Illuminate\\Database\\Eloquent\\Builder->pluck('total', 'date')
#10 C:\\Users\\ADMIN\\Desktop\\K2\\projects\\4viewsSocial\\APIAdmin\\vendor\\laravel\\framework\\src\\Illuminate\\Routing\\ControllerDispatcher.php(46): App\\Http\\Controllers\\DashboardController->chart()
#11 C:\\Users\\ADMIN\\Desktop\\K2\\projects\\4viewsSocial\\APIAdmin\\vendor\\laravel\\framework\\src\\Illuminate\\Routing\\Route.php(265): Illuminate\\Routing\\ControllerDispatcher->dispatch(Object(Illuminate\\Routing\\Route), Object(App\\Http\\Controllers\\DashboardController), 'chart')
#12 C:\\Users\\ADMIN\\Desktop\\K2\\projects\\4viewsSocial\\APIAdmin\\vendor\\laravel\\framework\\src\\Illuminate\\Routing\\Route.php(211): Illuminate\\Routing\\Route->runController()
#13 C:\\Users\\ADMIN\\Desktop\\K2\\projects\\4viewsSocial\\APIAdmin\\vendor\\laravel\\framework\\src\\Illuminate\\Routing\\Router.php(822): Illuminate\\Routing\\Route->run()
#14 C:\\Users\\ADMIN\\Desktop\\K2\\projects\\4viewsSocial\\APIAdmin\\vendor\\laravel\\framework\\src\\Illuminate\\Pipeline\\Pipeline.php(180): Illuminate\\Routing\\Router->Illuminate\\Routing\\{closure}(Object(Illuminate\\Http\\Request))
#15 C:\\Users\\ADMIN\\Desktop\\K2\\projects\\4viewsSocial\\APIAdmin\\vendor\\laravel\\framework\\src\\Illuminate\\Routing\\Middleware\\SubstituteBindings.php(50): Illuminate\\Pipeline\\Pipeline->Illuminate\\Pipeline\\{closure}(Object(Illuminate\\Http\\Request))
#16 C:\\Users\\ADMIN\\Desktop\\K2\\projects\\4viewsSocial\\APIAdmin\\vendor\\laravel\\framework\\src\\Illuminate\\Pipeline\\Pipeline.php(219): Illuminate\\Routing\\Middleware\\SubstituteBindings->handle(Object(Illuminate\\Http\\Request), Object(Closure))
#17 C:\\Users\\ADMIN\\Desktop\\K2\\projects\\4viewsSocial\\APIAdmin\\vendor\\laravel\\framework\\src\\Illuminate\\Pipeline\\Pipeline.php(137): Illuminate\\Pipeline\\Pipeline->Illuminate\\Pipeline\\{closure}(Object(Illuminate\\Http\\Request))
#18 C:\\Users\\ADMIN\\Desktop\\K2\\projects\\4viewsSocial\\APIAdmin\\vendor\\laravel\\framework\\src\\Illuminate\\Routing\\Router.php(821): Illuminate\\Pipeline\\Pipeline->then(Object(Closure))
#19 C:\\Users\\ADMIN\\Desktop\\K2\\projects\\4viewsSocial\\APIAdmin\\vendor\\laravel\\framework\\src\\Illuminate\\Routing\\Router.php(800): Illuminate\\Routing\\Router->runRouteWithinStack(Object(Illuminate\\Routing\\Route), Object(Illuminate\\Http\\Request))
#20 C:\\Users\\ADMIN\\Desktop\\K2\\projects\\4viewsSocial\\APIAdmin\\vendor\\laravel\\framework\\src\\Illuminate\\Routing\\Router.php(764): Illuminate\\Routing\\Router->runRoute(Object(Illuminate\\Http\\Request), Object(Illuminate\\Routing\\Route))
#21 C:\\Users\\ADMIN\\Desktop\\K2\\projects\\4viewsSocial\\APIAdmin\\vendor\\laravel\\framework\\src\\Illuminate\\Routing\\Router.php(753): Illuminate\\Routing\\Router->dispatchToRoute(Object(Illuminate\\Http\\Request))
#22 C:\\Users\\ADMIN\\Desktop\\K2\\projects\\4viewsSocial\\APIAdmin\\vendor\\laravel\\framework\\src\\Illuminate\\Foundation\\Http\\Kernel.php(200): Illuminate\\Routing\\Router->dispatch(Object(Illuminate\\Http\\Request))
#23 C:\\Users\\ADMIN\\Desktop\\K2\\projects\\4viewsSocial\\APIAdmin\\vendor\\laravel\\framework\\src\\Illuminate\\Pipeline\\Pipeline.php(180): Illuminate\\Foundation\\Http\\Kernel->Illuminate\\Foundation\\Http\\{closure}(Object(Illuminate\\Http\\Request))
#24 C:\\Users\\ADMIN\\Desktop\\K2\\projects\\4viewsSocial\\APIAdmin\\vendor\\laravel\\framework\\src\\Illuminate\\Foundation\\Http\\Middleware\\TransformsRequest.php(21): Illuminate\\Pipeline\\Pipeline->Illuminate\\Pipeline\\{closure}(Object(Illuminate\\Http\\Request))
#25 C:\\Users\\ADMIN\\Desktop\\K2\\projects\\4viewsSocial\\APIAdmin\\vendor\\laravel\\framework\\src\\Illuminate\\Foundation\\Http\\Middleware\\ConvertEmptyStringsToNull.php(31): Illuminate\\Foundation\\Http\\Middleware\\TransformsRequest->handle(Object(Illuminate\\Http\\Request), Object(Closure))
#26 C:\\Users\\ADMIN\\Desktop\\K2\\projects\\4viewsSocial\\APIAdmin\\vendor\\laravel\\framework\\src\\Illuminate\\Pipeline\\Pipeline.php(219): Illuminate\\Foundation\\Http\\Middleware\\ConvertEmptyStringsToNull->handle(Object(Illuminate\\Http\\Request), Object(Closure))
#27 C:\\Users\\ADMIN\\Desktop\\K2\\projects\\4viewsSocial\\APIAdmin\\vendor\\laravel\\framework\\src\\Illuminate\\Foundation\\Http\\Middleware\\TransformsRequest.php(21): Illuminate\\Pipeline\\Pipeline->Illuminate\\Pipeline\\{closure}(Object(Illuminate\\Http\\Request))
#28 C:\\Users\\ADMIN\\Desktop\\K2\\projects\\4viewsSocial\\APIAdmin\\vendor\\laravel\\framework\\src\\Illuminate\\Foundation\\Http\\Middleware\\TrimStrings.php(51): Illuminate\\Foundation\\Http\\Middleware\\TransformsRequest->handle(Object(Illuminate\\Http\\Request), Object(Closure))
#29 C:\\Users\\ADMIN\\Desktop\\K2\\projects\\4viewsSocial\\APIAdmin\\vendor\\laravel\\framework\\src\\Illuminate\\Pipeline\\Pipeline.php(219): Illuminate\\Foundation\\Http\\Middleware\\TrimStrings->handle(Object(Illuminate\\Http\\Request), Object(Closure))
#30 C:\\Users\\ADMIN\\Desktop\\K2\\projects\\4viewsSocial\\APIAdmin\\vendor\\laravel\\framework\\src\\Illuminate\\Http\\Middleware\\ValidatePostSize.php(27): Illuminate\\Pipeline\\Pipeline->Illuminate\\Pipeline\\{closure}(Object(Illuminate\\Http\\Request))
#31 C:\\Users\\ADMIN\\Desktop\\K2\\projects\\4viewsSocial\\APIAdmin\\vendor\\laravel\\framework\\src\\Illuminate\\Pipeline\\Pipeline.php(219): Illuminate\\Http\\Middleware\\ValidatePostSize->handle(Object(Illuminate\\Http\\Request), Object(Closure))
#32 C:\\Users\\ADMIN\\Desktop\\K2\\projects\\4viewsSocial\\APIAdmin\\vendor\\laravel\\framework\\src\\Illuminate\\Foundation\\Http\\Middleware\\PreventRequestsDuringMaintenance.php(109): Illuminate\\Pipeline\\Pipeline->Illuminate\\Pipeline\\{closure}(Object(Illuminate\\Http\\Request))
#33 C:\\Users\\ADMIN\\Desktop\\K2\\projects\\4viewsSocial\\APIAdmin\\vendor\\laravel\\framework\\src\\Illuminate\\Pipeline\\Pipeline.php(219): Illuminate\\Foundation\\Http\\Middleware\\PreventRequestsDuringMaintenance->handle(Object(Illuminate\\Http\\Request), Object(Closure))
#34 C:\\Users\\ADMIN\\Desktop\\K2\\projects\\4viewsSocial\\APIAdmin\\vendor\\laravel\\framework\\src\\Illuminate\\Http\\Middleware\\HandleCors.php(61): Illuminate\\Pipeline\\Pipeline->Illuminate\\Pipeline\\{closure}(Object(Illuminate\\Http\\Request))
#35 C:\\Users\\ADMIN\\Desktop\\K2\\projects\\4viewsSocial\\APIAdmin\\vendor\\laravel\\framework\\src\\Illuminate\\Pipeline\\Pipeline.php(219): Illuminate\\Http\\Middleware\\HandleCors->handle(Object(Illuminate\\Http\\Request), Object(Closure))
#36 C:\\Users\\ADMIN\\Desktop\\K2\\projects\\4viewsSocial\\APIAdmin\\vendor\\laravel\\framework\\src\\Illuminate\\Http\\Middleware\\TrustProxies.php(58): Illuminate\\Pipeline\\Pipeline->Illuminate\\Pipeline\\{closure}(Object(Illuminate\\Http\\Request))
#37 C:\\Users\\ADMIN\\Desktop\\K2\\projects\\4viewsSocial\\APIAdmin\\vendor\\laravel\\framework\\src\\Illuminate\\Pipeline\\Pipeline.php(219): Illuminate\\Http\\Middleware\\TrustProxies->handle(Object(Illuminate\\Http\\Request), Object(Closure))
#38 C:\\Users\\ADMIN\\Desktop\\K2\\projects\\4viewsSocial\\APIAdmin\\vendor\\laravel\\framework\\src\\Illuminate\\Foundation\\Http\\Middleware\\InvokeDeferredCallbacks.php(22): Illuminate\\Pipeline\\Pipeline->Illuminate\\Pipeline\\{closure}(Object(Illuminate\\Http\\Request))
#39 C:\\Users\\ADMIN\\Desktop\\K2\\projects\\4viewsSocial\\APIAdmin\\vendor\\laravel\\framework\\src\\Illuminate\\Pipeline\\Pipeline.php(219): Illuminate\\Foundation\\Http\\Middleware\\InvokeDeferredCallbacks->handle(Object(Illuminate\\Http\\Request), Object(Closure))
#40 C:\\Users\\ADMIN\\Desktop\\K2\\projects\\4viewsSocial\\APIAdmin\\vendor\\laravel\\framework\\src\\Illuminate\\Http\\Middleware\\ValidatePathEncoding.php(26): Illuminate\\Pipeline\\Pipeline->Illuminate\\Pipeline\\{closure}(Object(Illuminate\\Http\\Request))
#41 C:\\Users\\ADMIN\\Desktop\\K2\\projects\\4viewsSocial\\APIAdmin\\vendor\\laravel\\framework\\src\\Illuminate\\Pipeline\\Pipeline.php(219): Illuminate\\Http\\Middleware\\ValidatePathEncoding->handle(Object(Illuminate\\Http\\Request), Object(Closure))
#42 C:\\Users\\ADMIN\\Desktop\\K2\\projects\\4viewsSocial\\APIAdmin\\vendor\\laravel\\framework\\src\\Illuminate\\Pipeline\\Pipeline.php(137): Illuminate\\Pipeline\\Pipeline->Illuminate\\Pipeline\\{closure}(Object(Illuminate\\Http\\Request))
#43 C:\\Users\\ADMIN\\Desktop\\K2\\projects\\4viewsSocial\\APIAdmin\\vendor\\laravel\\framework\\src\\Illuminate\\Foundation\\Http\\Kernel.php(175): Illuminate\\Pipeline\\Pipeline->then(Object(Closure))
#44 C:\\Users\\ADMIN\\Desktop\\K2\\projects\\4viewsSocial\\APIAdmin\\vendor\\laravel\\framework\\src\\Illuminate\\Foundation\\Http\\Kernel.php(144): Illuminate\\Foundation\\Http\\Kernel->sendRequestThroughRouter(Object(Illuminate\\Http\\Request))
#45 C:\\Users\\ADMIN\\Desktop\\K2\\projects\\4viewsSocial\\APIAdmin\\vendor\\laravel\\framework\\src\\Illuminate\\Foundation\\Application.php(1220): Illuminate\\Foundation\\Http\\Kernel->handle(Object(Illuminate\\Http\\Request))
#46 C:\\Users\\ADMIN\\Desktop\\K2\\projects\\4viewsSocial\\APIAdmin\\public\\index.php(20): Illuminate\\Foundation\\Application->handleRequest(Object(Illuminate\\Http\\Request))
#47 C:\\Users\\ADMIN\\Desktop\\K2\\projects\\4viewsSocial\\APIAdmin\\vendor\\laravel\\framework\\src\\Illuminate\\Foundation\\resources\\server.php(23): require_once('C:\\\\Users\\\\ADMIN\\\\...')
#48 {main}
"} 
[2026-01-04 04:14:36] local.ERROR: SQLSTATE[42S22]: Column not found: 1054 Unknown column 'created_date' in 'field list' (Connection: mysql, SQL: select DATE(created_date) as date, COUNT(*) as total from `users` where date(`created_date`) >= 2025-12-29 group by `date`) {"exception":"[object] (Illuminate\\Database\\QueryException(code: 42S22): SQLSTATE[42S22]: Column not found: 1054 Unknown column 'created_date' in 'field list' (Connection: mysql, SQL: select DATE(created_date) as date, COUNT(*) as total from `users` where date(`created_date`) >= 2025-12-29 group by `date`) at C:\\Users\\ADMIN\\Desktop\\K2\\projects\\4viewsSocial\\APIAdmin\\vendor\\laravel\\framework\\src\\Illuminate\\Database\\Connection.php:824)
[stacktrace]
#0 C:\\Users\\ADMIN\\Desktop\\K2\\projects\\4viewsSocial\\APIAdmin\\vendor\\laravel\\framework\\src\\Illuminate\\Database\\Connection.php(778): Illuminate\\Database\\Connection->runQueryCallback('select DATE(cre...', Array, Object(Closure))
#1 C:\\Users\\ADMIN\\Desktop\\K2\\projects\\4viewsSocial\\APIAdmin\\vendor\\laravel\\framework\\src\\Illuminate\\Database\\Connection.php(397): Illuminate\\Database\\Connection->run('select DATE(cre...', Array, Object(Closure))
#2 C:\\Users\\ADMIN\\Desktop\\K2\\projects\\4viewsSocial\\APIAdmin\\vendor\\laravel\\framework\\src\\Illuminate\\Database\\Query\\Builder.php(3188): Illuminate\\Database\\Connection->select('select DATE(cre...', Array, true)
#3 C:\\Users\\ADMIN\\Desktop\\K2\\projects\\4viewsSocial\\APIAdmin\\vendor\\laravel\\framework\\src\\Illuminate\\Database\\Query\\Builder.php(3446): Illuminate\\Database\\Query\\Builder->runSelect()
#4 C:\\Users\\ADMIN\\Desktop\\K2\\projects\\4viewsSocial\\APIAdmin\\vendor\\laravel\\framework\\src\\Illuminate\\Database\\Query\\Builder.php(3763): Illuminate\\Database\\Query\\Builder->Illuminate\\Database\\Query\\{closure}()
#5 C:\\Users\\ADMIN\\Desktop\\K2\\projects\\4viewsSocial\\APIAdmin\\vendor\\laravel\\framework\\src\\Illuminate\\Database\\Query\\Builder.php(3442): Illuminate\\Database\\Query\\Builder->onceWithColumns(Array, Object(Closure))
#6 C:\\Users\\ADMIN\\Desktop\\K2\\projects\\4viewsSocial\\APIAdmin\\vendor\\laravel\\framework\\src\\Illuminate\\Database\\Eloquent\\Builder.php(1082): Illuminate\\Database\\Query\\Builder->pluck('total', 'date')
#7 C:\\Users\\ADMIN\\Desktop\\K2\\projects\\4viewsSocial\\APIAdmin\\app\\Http\\Controllers\\DashboardController.php(50): Illuminate\\Database\\Eloquent\\Builder->pluck('total', 'date')
#8 C:\\Users\\ADMIN\\Desktop\\K2\\projects\\4viewsSocial\\APIAdmin\\vendor\\laravel\\framework\\src\\Illuminate\\Routing\\ControllerDispatcher.php(46): App\\Http\\Controllers\\DashboardController->chart()
#9 C:\\Users\\ADMIN\\Desktop\\K2\\projects\\4viewsSocial\\APIAdmin\\vendor\\laravel\\framework\\src\\Illuminate\\Routing\\Route.php(265): Illuminate\\Routing\\ControllerDispatcher->dispatch(Object(Illuminate\\Routing\\Route), Object(App\\Http\\Controllers\\DashboardController), 'chart')
#10 C:\\Users\\ADMIN\\Desktop\\K2\\projects\\4viewsSocial\\APIAdmin\\vendor\\laravel\\framework\\src\\Illuminate\\Routing\\Route.php(211): Illuminate\\Routing\\Route->runController()
#11 C:\\Users\\ADMIN\\Desktop\\K2\\projects\\4viewsSocial\\APIAdmin\\vendor\\laravel\\framework\\src\\Illuminate\\Routing\\Router.php(822): Illuminate\\Routing\\Route->run()
#12 C:\\Users\\ADMIN\\Desktop\\K2\\projects\\4viewsSocial\\APIAdmin\\vendor\\laravel\\framework\\src\\Illuminate\\Pipeline\\Pipeline.php(180): Illuminate\\Routing\\Router->Illuminate\\Routing\\{closure}(Object(Illuminate\\Http\\Request))
#13 C:\\Users\\ADMIN\\Desktop\\K2\\projects\\4viewsSocial\\APIAdmin\\vendor\\laravel\\framework\\src\\Illuminate\\Routing\\Middleware\\SubstituteBindings.php(50): Illuminate\\Pipeline\\Pipeline->Illuminate\\Pipeline\\{closure}(Object(Illuminate\\Http\\Request))
#14 C:\\Users\\ADMIN\\Desktop\\K2\\projects\\4viewsSocial\\APIAdmin\\vendor\\laravel\\framework\\src\\Illuminate\\Pipeline\\Pipeline.php(219): Illuminate\\Routing\\Middleware\\SubstituteBindings->handle(Object(Illuminate\\Http\\Request), Object(Closure))
#15 C:\\Users\\ADMIN\\Desktop\\K2\\projects\\4viewsSocial\\APIAdmin\\vendor\\laravel\\framework\\src\\Illuminate\\Pipeline\\Pipeline.php(137): Illuminate\\Pipeline\\Pipeline->Illuminate\\Pipeline\\{closure}(Object(Illuminate\\Http\\Request))
#16 C:\\Users\\ADMIN\\Desktop\\K2\\projects\\4viewsSocial\\APIAdmin\\vendor\\laravel\\framework\\src\\Illuminate\\Routing\\Router.php(821): Illuminate\\Pipeline\\Pipeline->then(Object(Closure))
#17 C:\\Users\\ADMIN\\Desktop\\K2\\projects\\4viewsSocial\\APIAdmin\\vendor\\laravel\\framework\\src\\Illuminate\\Routing\\Router.php(800): Illuminate\\Routing\\Router->runRouteWithinStack(Object(Illuminate\\Routing\\Route), Object(Illuminate\\Http\\Request))
#18 C:\\Users\\ADMIN\\Desktop\\K2\\projects\\4viewsSocial\\APIAdmin\\vendor\\laravel\\framework\\src\\Illuminate\\Routing\\Router.php(764): Illuminate\\Routing\\Router->runRoute(Object(Illuminate\\Http\\Request), Object(Illuminate\\Routing\\Route))
#19 C:\\Users\\ADMIN\\Desktop\\K2\\projects\\4viewsSocial\\APIAdmin\\vendor\\laravel\\framework\\src\\Illuminate\\Routing\\Router.php(753): Illuminate\\Routing\\Router->dispatchToRoute(Object(Illuminate\\Http\\Request))
#20 C:\\Users\\ADMIN\\Desktop\\K2\\projects\\4viewsSocial\\APIAdmin\\vendor\\laravel\\framework\\src\\Illuminate\\Foundation\\Http\\Kernel.php(200): Illuminate\\Routing\\Router->dispatch(Object(Illuminate\\Http\\Request))
#21 C:\\Users\\ADMIN\\Desktop\\K2\\projects\\4viewsSocial\\APIAdmin\\vendor\\laravel\\framework\\src\\Illuminate\\Pipeline\\Pipeline.php(180): Illuminate\\Foundation\\Http\\Kernel->Illuminate\\Foundation\\Http\\{closure}(Object(Illuminate\\Http\\Request))
#22 C:\\Users\\ADMIN\\Desktop\\K2\\projects\\4viewsSocial\\APIAdmin\\vendor\\laravel\\framework\\src\\Illuminate\\Foundation\\Http\\Middleware\\TransformsRequest.php(21): Illuminate\\Pipeline\\Pipeline->Illuminate\\Pipeline\\{closure}(Object(Illuminate\\Http\\Request))
#23 C:\\Users\\ADMIN\\Desktop\\K2\\projects\\4viewsSocial\\APIAdmin\\vendor\\laravel\\framework\\src\\Illuminate\\Foundation\\Http\\Middleware\\ConvertEmptyStringsToNull.php(31): Illuminate\\Foundation\\Http\\Middleware\\TransformsRequest->handle(Object(Illuminate\\Http\\Request), Object(Closure))
#24 C:\\Users\\ADMIN\\Desktop\\K2\\projects\\4viewsSocial\\APIAdmin\\vendor\\laravel\\framework\\src\\Illuminate\\Pipeline\\Pipeline.php(219): Illuminate\\Foundation\\Http\\Middleware\\ConvertEmptyStringsToNull->handle(Object(Illuminate\\Http\\Request), Object(Closure))
#25 C:\\Users\\ADMIN\\Desktop\\K2\\projects\\4viewsSocial\\APIAdmin\\vendor\\laravel\\framework\\src\\Illuminate\\Foundation\\Http\\Middleware\\TransformsRequest.php(21): Illuminate\\Pipeline\\Pipeline->Illuminate\\Pipeline\\{closure}(Object(Illuminate\\Http\\Request))
#26 C:\\Users\\ADMIN\\Desktop\\K2\\projects\\4viewsSocial\\APIAdmin\\vendor\\laravel\\framework\\src\\Illuminate\\Foundation\\Http\\Middleware\\TrimStrings.php(51): Illuminate\\Foundation\\Http\\Middleware\\TransformsRequest->handle(Object(Illuminate\\Http\\Request), Object(Closure))
#27 C:\\Users\\ADMIN\\Desktop\\K2\\projects\\4viewsSocial\\APIAdmin\\vendor\\laravel\\framework\\src\\Illuminate\\Pipeline\\Pipeline.php(219): Illuminate\\Foundation\\Http\\Middleware\\TrimStrings->handle(Object(Illuminate\\Http\\Request), Object(Closure))
#28 C:\\Users\\ADMIN\\Desktop\\K2\\projects\\4viewsSocial\\APIAdmin\\vendor\\laravel\\framework\\src\\Illuminate\\Http\\Middleware\\ValidatePostSize.php(27): Illuminate\\Pipeline\\Pipeline->Illuminate\\Pipeline\\{closure}(Object(Illuminate\\Http\\Request))
#29 C:\\Users\\ADMIN\\Desktop\\K2\\projects\\4viewsSocial\\APIAdmin\\vendor\\laravel\\framework\\src\\Illuminate\\Pipeline\\Pipeline.php(219): Illuminate\\Http\\Middleware\\ValidatePostSize->handle(Object(Illuminate\\Http\\Request), Object(Closure))
#30 C:\\Users\\ADMIN\\Desktop\\K2\\projects\\4viewsSocial\\APIAdmin\\vendor\\laravel\\framework\\src\\Illuminate\\Foundation\\Http\\Middleware\\PreventRequestsDuringMaintenance.php(109): Illuminate\\Pipeline\\Pipeline->Illuminate\\Pipeline\\{closure}(Object(Illuminate\\Http\\Request))
#31 C:\\Users\\ADMIN\\Desktop\\K2\\projects\\4viewsSocial\\APIAdmin\\vendor\\laravel\\framework\\src\\Illuminate\\Pipeline\\Pipeline.php(219): Illuminate\\Foundation\\Http\\Middleware\\PreventRequestsDuringMaintenance->handle(Object(Illuminate\\Http\\Request), Object(Closure))
#32 C:\\Users\\ADMIN\\Desktop\\K2\\projects\\4viewsSocial\\APIAdmin\\vendor\\laravel\\framework\\src\\Illuminate\\Http\\Middleware\\HandleCors.php(61): Illuminate\\Pipeline\\Pipeline->Illuminate\\Pipeline\\{closure}(Object(Illuminate\\Http\\Request))
#33 C:\\Users\\ADMIN\\Desktop\\K2\\projects\\4viewsSocial\\APIAdmin\\vendor\\laravel\\framework\\src\\Illuminate\\Pipeline\\Pipeline.php(219): Illuminate\\Http\\Middleware\\HandleCors->handle(Object(Illuminate\\Http\\Request), Object(Closure))
#34 C:\\Users\\ADMIN\\Desktop\\K2\\projects\\4viewsSocial\\APIAdmin\\vendor\\laravel\\framework\\src\\Illuminate\\Http\\Middleware\\TrustProxies.php(58): Illuminate\\Pipeline\\Pipeline->Illuminate\\Pipeline\\{closure}(Object(Illuminate\\Http\\Request))
#35 C:\\Users\\ADMIN\\Desktop\\K2\\projects\\4viewsSocial\\APIAdmin\\vendor\\laravel\\framework\\src\\Illuminate\\Pipeline\\Pipeline.php(219): Illuminate\\Http\\Middleware\\TrustProxies->handle(Object(Illuminate\\Http\\Request), Object(Closure))
#36 C:\\Users\\ADMIN\\Desktop\\K2\\projects\\4viewsSocial\\APIAdmin\\vendor\\laravel\\framework\\src\\Illuminate\\Foundation\\Http\\Middleware\\InvokeDeferredCallbacks.php(22): Illuminate\\Pipeline\\Pipeline->Illuminate\\Pipeline\\{closure}(Object(Illuminate\\Http\\Request))
#37 C:\\Users\\ADMIN\\Desktop\\K2\\projects\\4viewsSocial\\APIAdmin\\vendor\\laravel\\framework\\src\\Illuminate\\Pipeline\\Pipeline.php(219): Illuminate\\Foundation\\Http\\Middleware\\InvokeDeferredCallbacks->handle(Object(Illuminate\\Http\\Request), Object(Closure))
#38 C:\\Users\\ADMIN\\Desktop\\K2\\projects\\4viewsSocial\\APIAdmin\\vendor\\laravel\\framework\\src\\Illuminate\\Http\\Middleware\\ValidatePathEncoding.php(26): Illuminate\\Pipeline\\Pipeline->Illuminate\\Pipeline\\{closure}(Object(Illuminate\\Http\\Request))
#39 C:\\Users\\ADMIN\\Desktop\\K2\\projects\\4viewsSocial\\APIAdmin\\vendor\\laravel\\framework\\src\\Illuminate\\Pipeline\\Pipeline.php(219): Illuminate\\Http\\Middleware\\ValidatePathEncoding->handle(Object(Illuminate\\Http\\Request), Object(Closure))
#40 C:\\Users\\ADMIN\\Desktop\\K2\\projects\\4viewsSocial\\APIAdmin\\vendor\\laravel\\framework\\src\\Illuminate\\Pipeline\\Pipeline.php(137): Illuminate\\Pipeline\\Pipeline->Illuminate\\Pipeline\\{closure}(Object(Illuminate\\Http\\Request))
#41 C:\\Users\\ADMIN\\Desktop\\K2\\projects\\4viewsSocial\\APIAdmin\\vendor\\laravel\\framework\\src\\Illuminate\\Foundation\\Http\\Kernel.php(175): Illuminate\\Pipeline\\Pipeline->then(Object(Closure))
#42 C:\\Users\\ADMIN\\Desktop\\K2\\projects\\4viewsSocial\\APIAdmin\\vendor\\laravel\\framework\\src\\Illuminate\\Foundation\\Http\\Kernel.php(144): Illuminate\\Foundation\\Http\\Kernel->sendRequestThroughRouter(Object(Illuminate\\Http\\Request))
#43 C:\\Users\\ADMIN\\Desktop\\K2\\projects\\4viewsSocial\\APIAdmin\\vendor\\laravel\\framework\\src\\Illuminate\\Foundation\\Application.php(1220): Illuminate\\Foundation\\Http\\Kernel->handle(Object(Illuminate\\Http\\Request))
#44 C:\\Users\\ADMIN\\Desktop\\K2\\projects\\4viewsSocial\\APIAdmin\\public\\index.php(20): Illuminate\\Foundation\\Application->handleRequest(Object(Illuminate\\Http\\Request))
#45 C:\\Users\\ADMIN\\Desktop\\K2\\projects\\4viewsSocial\\APIAdmin\\vendor\\laravel\\framework\\src\\Illuminate\\Foundation\\resources\\server.php(23): require_once('C:\\\\Users\\\\ADMIN\\\\...')
#46 {main}

[previous exception] [object] (PDOException(code: 42S22): SQLSTATE[42S22]: Column not found: 1054 Unknown column 'created_date' in 'field list' at C:\\Users\\ADMIN\\Desktop\\K2\\projects\\4viewsSocial\\APIAdmin\\vendor\\laravel\\framework\\src\\Illuminate\\Database\\Connection.php:406)
[stacktrace]
#0 C:\\Users\\ADMIN\\Desktop\\K2\\projects\\4viewsSocial\\APIAdmin\\vendor\\laravel\\framework\\src\\Illuminate\\Database\\Connection.php(406): PDO->prepare('select DATE(cre...')
#1 C:\\Users\\ADMIN\\Desktop\\K2\\projects\\4viewsSocial\\APIAdmin\\vendor\\laravel\\framework\\src\\Illuminate\\Database\\Connection.php(811): Illuminate\\Database\\Connection->Illuminate\\Database\\{closure}('select DATE(cre...', Array)
#2 C:\\Users\\ADMIN\\Desktop\\K2\\projects\\4viewsSocial\\APIAdmin\\vendor\\laravel\\framework\\src\\Illuminate\\Database\\Connection.php(778): Illuminate\\Database\\Connection->runQueryCallback('select DATE(cre...', Array, Object(Closure))
#3 C:\\Users\\ADMIN\\Desktop\\K2\\projects\\4viewsSocial\\APIAdmin\\vendor\\laravel\\framework\\src\\Illuminate\\Database\\Connection.php(397): Illuminate\\Database\\Connection->run('select DATE(cre...', Array, Object(Closure))
#4 C:\\Users\\ADMIN\\Desktop\\K2\\projects\\4viewsSocial\\APIAdmin\\vendor\\laravel\\framework\\src\\Illuminate\\Database\\Query\\Builder.php(3188): Illuminate\\Database\\Connection->select('select DATE(cre...', Array, true)
#5 C:\\Users\\ADMIN\\Desktop\\K2\\projects\\4viewsSocial\\APIAdmin\\vendor\\laravel\\framework\\src\\Illuminate\\Database\\Query\\Builder.php(3446): Illuminate\\Database\\Query\\Builder->runSelect()
#6 C:\\Users\\ADMIN\\Desktop\\K2\\projects\\4viewsSocial\\APIAdmin\\vendor\\laravel\\framework\\src\\Illuminate\\Database\\Query\\Builder.php(3763): Illuminate\\Database\\Query\\Builder->Illuminate\\Database\\Query\\{closure}()
#7 C:\\Users\\ADMIN\\Desktop\\K2\\projects\\4viewsSocial\\APIAdmin\\vendor\\laravel\\framework\\src\\Illuminate\\Database\\Query\\Builder.php(3442): Illuminate\\Database\\Query\\Builder->onceWithColumns(Array, Object(Closure))
#8 C:\\Users\\ADMIN\\Desktop\\K2\\projects\\4viewsSocial\\APIAdmin\\vendor\\laravel\\framework\\src\\Illuminate\\Database\\Eloquent\\Builder.php(1082): Illuminate\\Database\\Query\\Builder->pluck('total', 'date')
#9 C:\\Users\\ADMIN\\Desktop\\K2\\projects\\4viewsSocial\\APIAdmin\\app\\Http\\Controllers\\DashboardController.php(50): Illuminate\\Database\\Eloquent\\Builder->pluck('total', 'date')
#10 C:\\Users\\ADMIN\\Desktop\\K2\\projects\\4viewsSocial\\APIAdmin\\vendor\\laravel\\framework\\src\\Illuminate\\Routing\\ControllerDispatcher.php(46): App\\Http\\Controllers\\DashboardController->chart()
#11 C:\\Users\\ADMIN\\Desktop\\K2\\projects\\4viewsSocial\\APIAdmin\\vendor\\laravel\\framework\\src\\Illuminate\\Routing\\Route.php(265): Illuminate\\Routing\\ControllerDispatcher->dispatch(Object(Illuminate\\Routing\\Route), Object(App\\Http\\Controllers\\DashboardController), 'chart')
#12 C:\\Users\\ADMIN\\Desktop\\K2\\projects\\4viewsSocial\\APIAdmin\\vendor\\laravel\\framework\\src\\Illuminate\\Routing\\Route.php(211): Illuminate\\Routing\\Route->runController()
#13 C:\\Users\\ADMIN\\Desktop\\K2\\projects\\4viewsSocial\\APIAdmin\\vendor\\laravel\\framework\\src\\Illuminate\\Routing\\Router.php(822): Illuminate\\Routing\\Route->run()
#14 C:\\Users\\ADMIN\\Desktop\\K2\\projects\\4viewsSocial\\APIAdmin\\vendor\\laravel\\framework\\src\\Illuminate\\Pipeline\\Pipeline.php(180): Illuminate\\Routing\\Router->Illuminate\\Routing\\{closure}(Object(Illuminate\\Http\\Request))
#15 C:\\Users\\ADMIN\\Desktop\\K2\\projects\\4viewsSocial\\APIAdmin\\vendor\\laravel\\framework\\src\\Illuminate\\Routing\\Middleware\\SubstituteBindings.php(50): Illuminate\\Pipeline\\Pipeline->Illuminate\\Pipeline\\{closure}(Object(Illuminate\\Http\\Request))
#16 C:\\Users\\ADMIN\\Desktop\\K2\\projects\\4viewsSocial\\APIAdmin\\vendor\\laravel\\framework\\src\\Illuminate\\Pipeline\\Pipeline.php(219): Illuminate\\Routing\\Middleware\\SubstituteBindings->handle(Object(Illuminate\\Http\\Request), Object(Closure))
#17 C:\\Users\\ADMIN\\Desktop\\K2\\projects\\4viewsSocial\\APIAdmin\\vendor\\laravel\\framework\\src\\Illuminate\\Pipeline\\Pipeline.php(137): Illuminate\\Pipeline\\Pipeline->Illuminate\\Pipeline\\{closure}(Object(Illuminate\\Http\\Request))
#18 C:\\Users\\ADMIN\\Desktop\\K2\\projects\\4viewsSocial\\APIAdmin\\vendor\\laravel\\framework\\src\\Illuminate\\Routing\\Router.php(821): Illuminate\\Pipeline\\Pipeline->then(Object(Closure))
#19 C:\\Users\\ADMIN\\Desktop\\K2\\projects\\4viewsSocial\\APIAdmin\\vendor\\laravel\\framework\\src\\Illuminate\\Routing\\Router.php(800): Illuminate\\Routing\\Router->runRouteWithinStack(Object(Illuminate\\Routing\\Route), Object(Illuminate\\Http\\Request))
#20 C:\\Users\\ADMIN\\Desktop\\K2\\projects\\4viewsSocial\\APIAdmin\\vendor\\laravel\\framework\\src\\Illuminate\\Routing\\Router.php(764): Illuminate\\Routing\\Router->runRoute(Object(Illuminate\\Http\\Request), Object(Illuminate\\Routing\\Route))
#21 C:\\Users\\ADMIN\\Desktop\\K2\\projects\\4viewsSocial\\APIAdmin\\vendor\\laravel\\framework\\src\\Illuminate\\Routing\\Router.php(753): Illuminate\\Routing\\Router->dispatchToRoute(Object(Illuminate\\Http\\Request))
#22 C:\\Users\\ADMIN\\Desktop\\K2\\projects\\4viewsSocial\\APIAdmin\\vendor\\laravel\\framework\\src\\Illuminate\\Foundation\\Http\\Kernel.php(200): Illuminate\\Routing\\Router->dispatch(Object(Illuminate\\Http\\Request))
#23 C:\\Users\\ADMIN\\Desktop\\K2\\projects\\4viewsSocial\\APIAdmin\\vendor\\laravel\\framework\\src\\Illuminate\\Pipeline\\Pipeline.php(180): Illuminate\\Foundation\\Http\\Kernel->Illuminate\\Foundation\\Http\\{closure}(Object(Illuminate\\Http\\Request))
#24 C:\\Users\\ADMIN\\Desktop\\K2\\projects\\4viewsSocial\\APIAdmin\\vendor\\laravel\\framework\\src\\Illuminate\\Foundation\\Http\\Middleware\\TransformsRequest.php(21): Illuminate\\Pipeline\\Pipeline->Illuminate\\Pipeline\\{closure}(Object(Illuminate\\Http\\Request))
#25 C:\\Users\\ADMIN\\Desktop\\K2\\projects\\4viewsSocial\\APIAdmin\\vendor\\laravel\\framework\\src\\Illuminate\\Foundation\\Http\\Middleware\\ConvertEmptyStringsToNull.php(31): Illuminate\\Foundation\\Http\\Middleware\\TransformsRequest->handle(Object(Illuminate\\Http\\Request), Object(Closure))
#26 C:\\Users\\ADMIN\\Desktop\\K2\\projects\\4viewsSocial\\APIAdmin\\vendor\\laravel\\framework\\src\\Illuminate\\Pipeline\\Pipeline.php(219): Illuminate\\Foundation\\Http\\Middleware\\ConvertEmptyStringsToNull->handle(Object(Illuminate\\Http\\Request), Object(Closure))
#27 C:\\Users\\ADMIN\\Desktop\\K2\\projects\\4viewsSocial\\APIAdmin\\vendor\\laravel\\framework\\src\\Illuminate\\Foundation\\Http\\Middleware\\TransformsRequest.php(21): Illuminate\\Pipeline\\Pipeline->Illuminate\\Pipeline\\{closure}(Object(Illuminate\\Http\\Request))
#28 C:\\Users\\ADMIN\\Desktop\\K2\\projects\\4viewsSocial\\APIAdmin\\vendor\\laravel\\framework\\src\\Illuminate\\Foundation\\Http\\Middleware\\TrimStrings.php(51): Illuminate\\Foundation\\Http\\Middleware\\TransformsRequest->handle(Object(Illuminate\\Http\\Request), Object(Closure))
#29 C:\\Users\\ADMIN\\Desktop\\K2\\projects\\4viewsSocial\\APIAdmin\\vendor\\laravel\\framework\\src\\Illuminate\\Pipeline\\Pipeline.php(219): Illuminate\\Foundation\\Http\\Middleware\\TrimStrings->handle(Object(Illuminate\\Http\\Request), Object(Closure))
#30 C:\\Users\\ADMIN\\Desktop\\K2\\projects\\4viewsSocial\\APIAdmin\\vendor\\laravel\\framework\\src\\Illuminate\\Http\\Middleware\\ValidatePostSize.php(27): Illuminate\\Pipeline\\Pipeline->Illuminate\\Pipeline\\{closure}(Object(Illuminate\\Http\\Request))
#31 C:\\Users\\ADMIN\\Desktop\\K2\\projects\\4viewsSocial\\APIAdmin\\vendor\\laravel\\framework\\src\\Illuminate\\Pipeline\\Pipeline.php(219): Illuminate\\Http\\Middleware\\ValidatePostSize->handle(Object(Illuminate\\Http\\Request), Object(Closure))
#32 C:\\Users\\ADMIN\\Desktop\\K2\\projects\\4viewsSocial\\APIAdmin\\vendor\\laravel\\framework\\src\\Illuminate\\Foundation\\Http\\Middleware\\PreventRequestsDuringMaintenance.php(109): Illuminate\\Pipeline\\Pipeline->Illuminate\\Pipeline\\{closure}(Object(Illuminate\\Http\\Request))
#33 C:\\Users\\ADMIN\\Desktop\\K2\\projects\\4viewsSocial\\APIAdmin\\vendor\\laravel\\framework\\src\\Illuminate\\Pipeline\\Pipeline.php(219): Illuminate\\Foundation\\Http\\Middleware\\PreventRequestsDuringMaintenance->handle(Object(Illuminate\\Http\\Request), Object(Closure))
#34 C:\\Users\\ADMIN\\Desktop\\K2\\projects\\4viewsSocial\\APIAdmin\\vendor\\laravel\\framework\\src\\Illuminate\\Http\\Middleware\\HandleCors.php(61): Illuminate\\Pipeline\\Pipeline->Illuminate\\Pipeline\\{closure}(Object(Illuminate\\Http\\Request))
#35 C:\\Users\\ADMIN\\Desktop\\K2\\projects\\4viewsSocial\\APIAdmin\\vendor\\laravel\\framework\\src\\Illuminate\\Pipeline\\Pipeline.php(219): Illuminate\\Http\\Middleware\\HandleCors->handle(Object(Illuminate\\Http\\Request), Object(Closure))
#36 C:\\Users\\ADMIN\\Desktop\\K2\\projects\\4viewsSocial\\APIAdmin\\vendor\\laravel\\framework\\src\\Illuminate\\Http\\Middleware\\TrustProxies.php(58): Illuminate\\Pipeline\\Pipeline->Illuminate\\Pipeline\\{closure}(Object(Illuminate\\Http\\Request))
#37 C:\\Users\\ADMIN\\Desktop\\K2\\projects\\4viewsSocial\\APIAdmin\\vendor\\laravel\\framework\\src\\Illuminate\\Pipeline\\Pipeline.php(219): Illuminate\\Http\\Middleware\\TrustProxies->handle(Object(Illuminate\\Http\\Request), Object(Closure))
#38 C:\\Users\\ADMIN\\Desktop\\K2\\projects\\4viewsSocial\\APIAdmin\\vendor\\laravel\\framework\\src\\Illuminate\\Foundation\\Http\\Middleware\\InvokeDeferredCallbacks.php(22): Illuminate\\Pipeline\\Pipeline->Illuminate\\Pipeline\\{closure}(Object(Illuminate\\Http\\Request))
#39 C:\\Users\\ADMIN\\Desktop\\K2\\projects\\4viewsSocial\\APIAdmin\\vendor\\laravel\\framework\\src\\Illuminate\\Pipeline\\Pipeline.php(219): Illuminate\\Foundation\\Http\\Middleware\\InvokeDeferredCallbacks->handle(Object(Illuminate\\Http\\Request), Object(Closure))
#40 C:\\Users\\ADMIN\\Desktop\\K2\\projects\\4viewsSocial\\APIAdmin\\vendor\\laravel\\framework\\src\\Illuminate\\Http\\Middleware\\ValidatePathEncoding.php(26): Illuminate\\Pipeline\\Pipeline->Illuminate\\Pipeline\\{closure}(Object(Illuminate\\Http\\Request))
#41 C:\\Users\\ADMIN\\Desktop\\K2\\projects\\4viewsSocial\\APIAdmin\\vendor\\laravel\\framework\\src\\Illuminate\\Pipeline\\Pipeline.php(219): Illuminate\\Http\\Middleware\\ValidatePathEncoding->handle(Object(Illuminate\\Http\\Request), Object(Closure))
#42 C:\\Users\\ADMIN\\Desktop\\K2\\projects\\4viewsSocial\\APIAdmin\\vendor\\laravel\\framework\\src\\Illuminate\\Pipeline\\Pipeline.php(137): Illuminate\\Pipeline\\Pipeline->Illuminate\\Pipeline\\{closure}(Object(Illuminate\\Http\\Request))
#43 C:\\Users\\ADMIN\\Desktop\\K2\\projects\\4viewsSocial\\APIAdmin\\vendor\\laravel\\framework\\src\\Illuminate\\Foundation\\Http\\Kernel.php(175): Illuminate\\Pipeline\\Pipeline->then(Object(Closure))
#44 C:\\Users\\ADMIN\\Desktop\\K2\\projects\\4viewsSocial\\APIAdmin\\vendor\\laravel\\framework\\src\\Illuminate\\Foundation\\Http\\Kernel.php(144): Illuminate\\Foundation\\Http\\Kernel->sendRequestThroughRouter(Object(Illuminate\\Http\\Request))
#45 C:\\Users\\ADMIN\\Desktop\\K2\\projects\\4viewsSocial\\APIAdmin\\vendor\\laravel\\framework\\src\\Illuminate\\Foundation\\Application.php(1220): Illuminate\\Foundation\\Http\\Kernel->handle(Object(Illuminate\\Http\\Request))
#46 C:\\Users\\ADMIN\\Desktop\\K2\\projects\\4viewsSocial\\APIAdmin\\public\\index.php(20): Illuminate\\Foundation\\Application->handleRequest(Object(Illuminate\\Http\\Request))
#47 C:\\Users\\ADMIN\\Desktop\\K2\\projects\\4viewsSocial\\APIAdmin\\vendor\\laravel\\framework\\src\\Illuminate\\Foundation\\resources\\server.php(23): require_once('C:\\\\Users\\\\ADMIN\\\\...')
#48 {main}
"} 
[2026-01-04 04:15:36] local.ERROR: SQLSTATE[42S22]: Column not found: 1054 Unknown column 'created_date' in 'field list' (Connection: mysql, SQL: select DATE(created_date) as date, COUNT(*) as total from `users` where date(`created_date`) >= 2025-12-29 group by `date`) {"exception":"[object] (Illuminate\\Database\\QueryException(code: 42S22): SQLSTATE[42S22]: Column not found: 1054 Unknown column 'created_date' in 'field list' (Connection: mysql, SQL: select DATE(created_date) as date, COUNT(*) as total from `users` where date(`created_date`) >= 2025-12-29 group by `date`) at C:\\Users\\ADMIN\\Desktop\\K2\\projects\\4viewsSocial\\APIAdmin\\vendor\\laravel\\framework\\src\\Illuminate\\Database\\Connection.php:824)
[stacktrace]
#0 C:\\Users\\ADMIN\\Desktop\\K2\\projects\\4viewsSocial\\APIAdmin\\vendor\\laravel\\framework\\src\\Illuminate\\Database\\Connection.php(778): Illuminate\\Database\\Connection->runQueryCallback('select DATE(cre...', Array, Object(Closure))
#1 C:\\Users\\ADMIN\\Desktop\\K2\\projects\\4viewsSocial\\APIAdmin\\vendor\\laravel\\framework\\src\\Illuminate\\Database\\Connection.php(397): Illuminate\\Database\\Connection->run('select DATE(cre...', Array, Object(Closure))
#2 C:\\Users\\ADMIN\\Desktop\\K2\\projects\\4viewsSocial\\APIAdmin\\vendor\\laravel\\framework\\src\\Illuminate\\Database\\Query\\Builder.php(3188): Illuminate\\Database\\Connection->select('select DATE(cre...', Array, true)
#3 C:\\Users\\ADMIN\\Desktop\\K2\\projects\\4viewsSocial\\APIAdmin\\vendor\\laravel\\framework\\src\\Illuminate\\Database\\Query\\Builder.php(3446): Illuminate\\Database\\Query\\Builder->runSelect()
#4 C:\\Users\\ADMIN\\Desktop\\K2\\projects\\4viewsSocial\\APIAdmin\\vendor\\laravel\\framework\\src\\Illuminate\\Database\\Query\\Builder.php(3763): Illuminate\\Database\\Query\\Builder->Illuminate\\Database\\Query\\{closure}()
#5 C:\\Users\\ADMIN\\Desktop\\K2\\projects\\4viewsSocial\\APIAdmin\\vendor\\laravel\\framework\\src\\Illuminate\\Database\\Query\\Builder.php(3442): Illuminate\\Database\\Query\\Builder->onceWithColumns(Array, Object(Closure))
#6 C:\\Users\\ADMIN\\Desktop\\K2\\projects\\4viewsSocial\\APIAdmin\\vendor\\laravel\\framework\\src\\Illuminate\\Database\\Eloquent\\Builder.php(1082): Illuminate\\Database\\Query\\Builder->pluck('total', 'date')
#7 C:\\Users\\ADMIN\\Desktop\\K2\\projects\\4viewsSocial\\APIAdmin\\app\\Http\\Controllers\\DashboardController.php(50): Illuminate\\Database\\Eloquent\\Builder->pluck('total', 'date')
#8 C:\\Users\\ADMIN\\Desktop\\K2\\projects\\4viewsSocial\\APIAdmin\\vendor\\laravel\\framework\\src\\Illuminate\\Routing\\ControllerDispatcher.php(46): App\\Http\\Controllers\\DashboardController->chart()
#9 C:\\Users\\ADMIN\\Desktop\\K2\\projects\\4viewsSocial\\APIAdmin\\vendor\\laravel\\framework\\src\\Illuminate\\Routing\\Route.php(265): Illuminate\\Routing\\ControllerDispatcher->dispatch(Object(Illuminate\\Routing\\Route), Object(App\\Http\\Controllers\\DashboardController), 'chart')
#10 C:\\Users\\ADMIN\\Desktop\\K2\\projects\\4viewsSocial\\APIAdmin\\vendor\\laravel\\framework\\src\\Illuminate\\Routing\\Route.php(211): Illuminate\\Routing\\Route->runController()
#11 C:\\Users\\ADMIN\\Desktop\\K2\\projects\\4viewsSocial\\APIAdmin\\vendor\\laravel\\framework\\src\\Illuminate\\Routing\\Router.php(822): Illuminate\\Routing\\Route->run()
#12 C:\\Users\\ADMIN\\Desktop\\K2\\projects\\4viewsSocial\\APIAdmin\\vendor\\laravel\\framework\\src\\Illuminate\\Pipeline\\Pipeline.php(180): Illuminate\\Routing\\Router->Illuminate\\Routing\\{closure}(Object(Illuminate\\Http\\Request))
#13 C:\\Users\\ADMIN\\Desktop\\K2\\projects\\4viewsSocial\\APIAdmin\\vendor\\laravel\\framework\\src\\Illuminate\\Routing\\Middleware\\SubstituteBindings.php(50): Illuminate\\Pipeline\\Pipeline->Illuminate\\Pipeline\\{closure}(Object(Illuminate\\Http\\Request))
#14 C:\\Users\\ADMIN\\Desktop\\K2\\projects\\4viewsSocial\\APIAdmin\\vendor\\laravel\\framework\\src\\Illuminate\\Pipeline\\Pipeline.php(219): Illuminate\\Routing\\Middleware\\SubstituteBindings->handle(Object(Illuminate\\Http\\Request), Object(Closure))
#15 C:\\Users\\ADMIN\\Desktop\\K2\\projects\\4viewsSocial\\APIAdmin\\vendor\\laravel\\framework\\src\\Illuminate\\Pipeline\\Pipeline.php(137): Illuminate\\Pipeline\\Pipeline->Illuminate\\Pipeline\\{closure}(Object(Illuminate\\Http\\Request))
#16 C:\\Users\\ADMIN\\Desktop\\K2\\projects\\4viewsSocial\\APIAdmin\\vendor\\laravel\\framework\\src\\Illuminate\\Routing\\Router.php(821): Illuminate\\Pipeline\\Pipeline->then(Object(Closure))
#17 C:\\Users\\ADMIN\\Desktop\\K2\\projects\\4viewsSocial\\APIAdmin\\vendor\\laravel\\framework\\src\\Illuminate\\Routing\\Router.php(800): Illuminate\\Routing\\Router->runRouteWithinStack(Object(Illuminate\\Routing\\Route), Object(Illuminate\\Http\\Request))
#18 C:\\Users\\ADMIN\\Desktop\\K2\\projects\\4viewsSocial\\APIAdmin\\vendor\\laravel\\framework\\src\\Illuminate\\Routing\\Router.php(764): Illuminate\\Routing\\Router->runRoute(Object(Illuminate\\Http\\Request), Object(Illuminate\\Routing\\Route))
#19 C:\\Users\\ADMIN\\Desktop\\K2\\projects\\4viewsSocial\\APIAdmin\\vendor\\laravel\\framework\\src\\Illuminate\\Routing\\Router.php(753): Illuminate\\Routing\\Router->dispatchToRoute(Object(Illuminate\\Http\\Request))
#20 C:\\Users\\ADMIN\\Desktop\\K2\\projects\\4viewsSocial\\APIAdmin\\vendor\\laravel\\framework\\src\\Illuminate\\Foundation\\Http\\Kernel.php(200): Illuminate\\Routing\\Router->dispatch(Object(Illuminate\\Http\\Request))
#21 C:\\Users\\ADMIN\\Desktop\\K2\\projects\\4viewsSocial\\APIAdmin\\vendor\\laravel\\framework\\src\\Illuminate\\Pipeline\\Pipeline.php(180): Illuminate\\Foundation\\Http\\Kernel->Illuminate\\Foundation\\Http\\{closure}(Object(Illuminate\\Http\\Request))
#22 C:\\Users\\ADMIN\\Desktop\\K2\\projects\\4viewsSocial\\APIAdmin\\vendor\\laravel\\framework\\src\\Illuminate\\Foundation\\Http\\Middleware\\TransformsRequest.php(21): Illuminate\\Pipeline\\Pipeline->Illuminate\\Pipeline\\{closure}(Object(Illuminate\\Http\\Request))
#23 C:\\Users\\ADMIN\\Desktop\\K2\\projects\\4viewsSocial\\APIAdmin\\vendor\\laravel\\framework\\src\\Illuminate\\Foundation\\Http\\Middleware\\ConvertEmptyStringsToNull.php(31): Illuminate\\Foundation\\Http\\Middleware\\TransformsRequest->handle(Object(Illuminate\\Http\\Request), Object(Closure))
#24 C:\\Users\\ADMIN\\Desktop\\K2\\projects\\4viewsSocial\\APIAdmin\\vendor\\laravel\\framework\\src\\Illuminate\\Pipeline\\Pipeline.php(219): Illuminate\\Foundation\\Http\\Middleware\\ConvertEmptyStringsToNull->handle(Object(Illuminate\\Http\\Request), Object(Closure))
#25 C:\\Users\\ADMIN\\Desktop\\K2\\projects\\4viewsSocial\\APIAdmin\\vendor\\laravel\\framework\\src\\Illuminate\\Foundation\\Http\\Middleware\\TransformsRequest.php(21): Illuminate\\Pipeline\\Pipeline->Illuminate\\Pipeline\\{closure}(Object(Illuminate\\Http\\Request))
#26 C:\\Users\\ADMIN\\Desktop\\K2\\projects\\4viewsSocial\\APIAdmin\\vendor\\laravel\\framework\\src\\Illuminate\\Foundation\\Http\\Middleware\\TrimStrings.php(51): Illuminate\\Foundation\\Http\\Middleware\\TransformsRequest->handle(Object(Illuminate\\Http\\Request), Object(Closure))
#27 C:\\Users\\ADMIN\\Desktop\\K2\\projects\\4viewsSocial\\APIAdmin\\vendor\\laravel\\framework\\src\\Illuminate\\Pipeline\\Pipeline.php(219): Illuminate\\Foundation\\Http\\Middleware\\TrimStrings->handle(Object(Illuminate\\Http\\Request), Object(Closure))
#28 C:\\Users\\ADMIN\\Desktop\\K2\\projects\\4viewsSocial\\APIAdmin\\vendor\\laravel\\framework\\src\\Illuminate\\Http\\Middleware\\ValidatePostSize.php(27): Illuminate\\Pipeline\\Pipeline->Illuminate\\Pipeline\\{closure}(Object(Illuminate\\Http\\Request))
#29 C:\\Users\\ADMIN\\Desktop\\K2\\projects\\4viewsSocial\\APIAdmin\\vendor\\laravel\\framework\\src\\Illuminate\\Pipeline\\Pipeline.php(219): Illuminate\\Http\\Middleware\\ValidatePostSize->handle(Object(Illuminate\\Http\\Request), Object(Closure))
#30 C:\\Users\\ADMIN\\Desktop\\K2\\projects\\4viewsSocial\\APIAdmin\\vendor\\laravel\\framework\\src\\Illuminate\\Foundation\\Http\\Middleware\\PreventRequestsDuringMaintenance.php(109): Illuminate\\Pipeline\\Pipeline->Illuminate\\Pipeline\\{closure}(Object(Illuminate\\Http\\Request))
#31 C:\\Users\\ADMIN\\Desktop\\K2\\projects\\4viewsSocial\\APIAdmin\\vendor\\laravel\\framework\\src\\Illuminate\\Pipeline\\Pipeline.php(219): Illuminate\\Foundation\\Http\\Middleware\\PreventRequestsDuringMaintenance->handle(Object(Illuminate\\Http\\Request), Object(Closure))
#32 C:\\Users\\ADMIN\\Desktop\\K2\\projects\\4viewsSocial\\APIAdmin\\vendor\\laravel\\framework\\src\\Illuminate\\Http\\Middleware\\HandleCors.php(61): Illuminate\\Pipeline\\Pipeline->Illuminate\\Pipeline\\{closure}(Object(Illuminate\\Http\\Request))
#33 C:\\Users\\ADMIN\\Desktop\\K2\\projects\\4viewsSocial\\APIAdmin\\vendor\\laravel\\framework\\src\\Illuminate\\Pipeline\\Pipeline.php(219): Illuminate\\Http\\Middleware\\HandleCors->handle(Object(Illuminate\\Http\\Request), Object(Closure))
#34 C:\\Users\\ADMIN\\Desktop\\K2\\projects\\4viewsSocial\\APIAdmin\\vendor\\laravel\\framework\\src\\Illuminate\\Http\\Middleware\\TrustProxies.php(58): Illuminate\\Pipeline\\Pipeline->Illuminate\\Pipeline\\{closure}(Object(Illuminate\\Http\\Request))
#35 C:\\Users\\ADMIN\\Desktop\\K2\\projects\\4viewsSocial\\APIAdmin\\vendor\\laravel\\framework\\src\\Illuminate\\Pipeline\\Pipeline.php(219): Illuminate\\Http\\Middleware\\TrustProxies->handle(Object(Illuminate\\Http\\Request), Object(Closure))
#36 C:\\Users\\ADMIN\\Desktop\\K2\\projects\\4viewsSocial\\APIAdmin\\vendor\\laravel\\framework\\src\\Illuminate\\Foundation\\Http\\Middleware\\InvokeDeferredCallbacks.php(22): Illuminate\\Pipeline\\Pipeline->Illuminate\\Pipeline\\{closure}(Object(Illuminate\\Http\\Request))
#37 C:\\Users\\ADMIN\\Desktop\\K2\\projects\\4viewsSocial\\APIAdmin\\vendor\\laravel\\framework\\src\\Illuminate\\Pipeline\\Pipeline.php(219): Illuminate\\Foundation\\Http\\Middleware\\InvokeDeferredCallbacks->handle(Object(Illuminate\\Http\\Request), Object(Closure))
#38 C:\\Users\\ADMIN\\Desktop\\K2\\projects\\4viewsSocial\\APIAdmin\\vendor\\laravel\\framework\\src\\Illuminate\\Http\\Middleware\\ValidatePathEncoding.php(26): Illuminate\\Pipeline\\Pipeline->Illuminate\\Pipeline\\{closure}(Object(Illuminate\\Http\\Request))
#39 C:\\Users\\ADMIN\\Desktop\\K2\\projects\\4viewsSocial\\APIAdmin\\vendor\\laravel\\framework\\src\\Illuminate\\Pipeline\\Pipeline.php(219): Illuminate\\Http\\Middleware\\ValidatePathEncoding->handle(Object(Illuminate\\Http\\Request), Object(Closure))
#40 C:\\Users\\ADMIN\\Desktop\\K2\\projects\\4viewsSocial\\APIAdmin\\vendor\\laravel\\framework\\src\\Illuminate\\Pipeline\\Pipeline.php(137): Illuminate\\Pipeline\\Pipeline->Illuminate\\Pipeline\\{closure}(Object(Illuminate\\Http\\Request))
#41 C:\\Users\\ADMIN\\Desktop\\K2\\projects\\4viewsSocial\\APIAdmin\\vendor\\laravel\\framework\\src\\Illuminate\\Foundation\\Http\\Kernel.php(175): Illuminate\\Pipeline\\Pipeline->then(Object(Closure))
#42 C:\\Users\\ADMIN\\Desktop\\K2\\projects\\4viewsSocial\\APIAdmin\\vendor\\laravel\\framework\\src\\Illuminate\\Foundation\\Http\\Kernel.php(144): Illuminate\\Foundation\\Http\\Kernel->sendRequestThroughRouter(Object(Illuminate\\Http\\Request))
#43 C:\\Users\\ADMIN\\Desktop\\K2\\projects\\4viewsSocial\\APIAdmin\\vendor\\laravel\\framework\\src\\Illuminate\\Foundation\\Application.php(1220): Illuminate\\Foundation\\Http\\Kernel->handle(Object(Illuminate\\Http\\Request))
#44 C:\\Users\\ADMIN\\Desktop\\K2\\projects\\4viewsSocial\\APIAdmin\\public\\index.php(20): Illuminate\\Foundation\\Application->handleRequest(Object(Illuminate\\Http\\Request))
#45 C:\\Users\\ADMIN\\Desktop\\K2\\projects\\4viewsSocial\\APIAdmin\\vendor\\laravel\\framework\\src\\Illuminate\\Foundation\\resources\\server.php(23): require_once('C:\\\\Users\\\\ADMIN\\\\...')
#46 {main}

[previous exception] [object] (PDOException(code: 42S22): SQLSTATE[42S22]: Column not found: 1054 Unknown column 'created_date' in 'field list' at C:\\Users\\ADMIN\\Desktop\\K2\\projects\\4viewsSocial\\APIAdmin\\vendor\\laravel\\framework\\src\\Illuminate\\Database\\Connection.php:406)
[stacktrace]
#0 C:\\Users\\ADMIN\\Desktop\\K2\\projects\\4viewsSocial\\APIAdmin\\vendor\\laravel\\framework\\src\\Illuminate\\Database\\Connection.php(406): PDO->prepare('select DATE(cre...')
#1 C:\\Users\\ADMIN\\Desktop\\K2\\projects\\4viewsSocial\\APIAdmin\\vendor\\laravel\\framework\\src\\Illuminate\\Database\\Connection.php(811): Illuminate\\Database\\Connection->Illuminate\\Database\\{closure}('select DATE(cre...', Array)
#2 C:\\Users\\ADMIN\\Desktop\\K2\\projects\\4viewsSocial\\APIAdmin\\vendor\\laravel\\framework\\src\\Illuminate\\Database\\Connection.php(778): Illuminate\\Database\\Connection->runQueryCallback('select DATE(cre...', Array, Object(Closure))
#3 C:\\Users\\ADMIN\\Desktop\\K2\\projects\\4viewsSocial\\APIAdmin\\vendor\\laravel\\framework\\src\\Illuminate\\Database\\Connection.php(397): Illuminate\\Database\\Connection->run('select DATE(cre...', Array, Object(Closure))
#4 C:\\Users\\ADMIN\\Desktop\\K2\\projects\\4viewsSocial\\APIAdmin\\vendor\\laravel\\framework\\src\\Illuminate\\Database\\Query\\Builder.php(3188): Illuminate\\Database\\Connection->select('select DATE(cre...', Array, true)
#5 C:\\Users\\ADMIN\\Desktop\\K2\\projects\\4viewsSocial\\APIAdmin\\vendor\\laravel\\framework\\src\\Illuminate\\Database\\Query\\Builder.php(3446): Illuminate\\Database\\Query\\Builder->runSelect()
#6 C:\\Users\\ADMIN\\Desktop\\K2\\projects\\4viewsSocial\\APIAdmin\\vendor\\laravel\\framework\\src\\Illuminate\\Database\\Query\\Builder.php(3763): Illuminate\\Database\\Query\\Builder->Illuminate\\Database\\Query\\{closure}()
#7 C:\\Users\\ADMIN\\Desktop\\K2\\projects\\4viewsSocial\\APIAdmin\\vendor\\laravel\\framework\\src\\Illuminate\\Database\\Query\\Builder.php(3442): Illuminate\\Database\\Query\\Builder->onceWithColumns(Array, Object(Closure))
#8 C:\\Users\\ADMIN\\Desktop\\K2\\projects\\4viewsSocial\\APIAdmin\\vendor\\laravel\\framework\\src\\Illuminate\\Database\\Eloquent\\Builder.php(1082): Illuminate\\Database\\Query\\Builder->pluck('total', 'date')
#9 C:\\Users\\ADMIN\\Desktop\\K2\\projects\\4viewsSocial\\APIAdmin\\app\\Http\\Controllers\\DashboardController.php(50): Illuminate\\Database\\Eloquent\\Builder->pluck('total', 'date')
#10 C:\\Users\\ADMIN\\Desktop\\K2\\projects\\4viewsSocial\\APIAdmin\\vendor\\laravel\\framework\\src\\Illuminate\\Routing\\ControllerDispatcher.php(46): App\\Http\\Controllers\\DashboardController->chart()
#11 C:\\Users\\ADMIN\\Desktop\\K2\\projects\\4viewsSocial\\APIAdmin\\vendor\\laravel\\framework\\src\\Illuminate\\Routing\\Route.php(265): Illuminate\\Routing\\ControllerDispatcher->dispatch(Object(Illuminate\\Routing\\Route), Object(App\\Http\\Controllers\\DashboardController), 'chart')
#12 C:\\Users\\ADMIN\\Desktop\\K2\\projects\\4viewsSocial\\APIAdmin\\vendor\\laravel\\framework\\src\\Illuminate\\Routing\\Route.php(211): Illuminate\\Routing\\Route->runController()
#13 C:\\Users\\ADMIN\\Desktop\\K2\\projects\\4viewsSocial\\APIAdmin\\vendor\\laravel\\framework\\src\\Illuminate\\Routing\\Router.php(822): Illuminate\\Routing\\Route->run()
#14 C:\\Users\\ADMIN\\Desktop\\K2\\projects\\4viewsSocial\\APIAdmin\\vendor\\laravel\\framework\\src\\Illuminate\\Pipeline\\Pipeline.php(180): Illuminate\\Routing\\Router->Illuminate\\Routing\\{closure}(Object(Illuminate\\Http\\Request))
#15 C:\\Users\\ADMIN\\Desktop\\K2\\projects\\4viewsSocial\\APIAdmin\\vendor\\laravel\\framework\\src\\Illuminate\\Routing\\Middleware\\SubstituteBindings.php(50): Illuminate\\Pipeline\\Pipeline->Illuminate\\Pipeline\\{closure}(Object(Illuminate\\Http\\Request))
#16 C:\\Users\\ADMIN\\Desktop\\K2\\projects\\4viewsSocial\\APIAdmin\\vendor\\laravel\\framework\\src\\Illuminate\\Pipeline\\Pipeline.php(219): Illuminate\\Routing\\Middleware\\SubstituteBindings->handle(Object(Illuminate\\Http\\Request), Object(Closure))
#17 C:\\Users\\ADMIN\\Desktop\\K2\\projects\\4viewsSocial\\APIAdmin\\vendor\\laravel\\framework\\src\\Illuminate\\Pipeline\\Pipeline.php(137): Illuminate\\Pipeline\\Pipeline->Illuminate\\Pipeline\\{closure}(Object(Illuminate\\Http\\Request))
#18 C:\\Users\\ADMIN\\Desktop\\K2\\projects\\4viewsSocial\\APIAdmin\\vendor\\laravel\\framework\\src\\Illuminate\\Routing\\Router.php(821): Illuminate\\Pipeline\\Pipeline->then(Object(Closure))
#19 C:\\Users\\ADMIN\\Desktop\\K2\\projects\\4viewsSocial\\APIAdmin\\vendor\\laravel\\framework\\src\\Illuminate\\Routing\\Router.php(800): Illuminate\\Routing\\Router->runRouteWithinStack(Object(Illuminate\\Routing\\Route), Object(Illuminate\\Http\\Request))
#20 C:\\Users\\ADMIN\\Desktop\\K2\\projects\\4viewsSocial\\APIAdmin\\vendor\\laravel\\framework\\src\\Illuminate\\Routing\\Router.php(764): Illuminate\\Routing\\Router->runRoute(Object(Illuminate\\Http\\Request), Object(Illuminate\\Routing\\Route))
#21 C:\\Users\\ADMIN\\Desktop\\K2\\projects\\4viewsSocial\\APIAdmin\\vendor\\laravel\\framework\\src\\Illuminate\\Routing\\Router.php(753): Illuminate\\Routing\\Router->dispatchToRoute(Object(Illuminate\\Http\\Request))
#22 C:\\Users\\ADMIN\\Desktop\\K2\\projects\\4viewsSocial\\APIAdmin\\vendor\\laravel\\framework\\src\\Illuminate\\Foundation\\Http\\Kernel.php(200): Illuminate\\Routing\\Router->dispatch(Object(Illuminate\\Http\\Request))
#23 C:\\Users\\ADMIN\\Desktop\\K2\\projects\\4viewsSocial\\APIAdmin\\vendor\\laravel\\framework\\src\\Illuminate\\Pipeline\\Pipeline.php(180): Illuminate\\Foundation\\Http\\Kernel->Illuminate\\Foundation\\Http\\{closure}(Object(Illuminate\\Http\\Request))
#24 C:\\Users\\ADMIN\\Desktop\\K2\\projects\\4viewsSocial\\APIAdmin\\vendor\\laravel\\framework\\src\\Illuminate\\Foundation\\Http\\Middleware\\TransformsRequest.php(21): Illuminate\\Pipeline\\Pipeline->Illuminate\\Pipeline\\{closure}(Object(Illuminate\\Http\\Request))
#25 C:\\Users\\ADMIN\\Desktop\\K2\\projects\\4viewsSocial\\APIAdmin\\vendor\\laravel\\framework\\src\\Illuminate\\Foundation\\Http\\Middleware\\ConvertEmptyStringsToNull.php(31): Illuminate\\Foundation\\Http\\Middleware\\TransformsRequest->handle(Object(Illuminate\\Http\\Request), Object(Closure))
#26 C:\\Users\\ADMIN\\Desktop\\K2\\projects\\4viewsSocial\\APIAdmin\\vendor\\laravel\\framework\\src\\Illuminate\\Pipeline\\Pipeline.php(219): Illuminate\\Foundation\\Http\\Middleware\\ConvertEmptyStringsToNull->handle(Object(Illuminate\\Http\\Request), Object(Closure))
#27 C:\\Users\\ADMIN\\Desktop\\K2\\projects\\4viewsSocial\\APIAdmin\\vendor\\laravel\\framework\\src\\Illuminate\\Foundation\\Http\\Middleware\\TransformsRequest.php(21): Illuminate\\Pipeline\\Pipeline->Illuminate\\Pipeline\\{closure}(Object(Illuminate\\Http\\Request))
#28 C:\\Users\\ADMIN\\Desktop\\K2\\projects\\4viewsSocial\\APIAdmin\\vendor\\laravel\\framework\\src\\Illuminate\\Foundation\\Http\\Middleware\\TrimStrings.php(51): Illuminate\\Foundation\\Http\\Middleware\\TransformsRequest->handle(Object(Illuminate\\Http\\Request), Object(Closure))
#29 C:\\Users\\ADMIN\\Desktop\\K2\\projects\\4viewsSocial\\APIAdmin\\vendor\\laravel\\framework\\src\\Illuminate\\Pipeline\\Pipeline.php(219): Illuminate\\Foundation\\Http\\Middleware\\TrimStrings->handle(Object(Illuminate\\Http\\Request), Object(Closure))
#30 C:\\Users\\ADMIN\\Desktop\\K2\\projects\\4viewsSocial\\APIAdmin\\vendor\\laravel\\framework\\src\\Illuminate\\Http\\Middleware\\ValidatePostSize.php(27): Illuminate\\Pipeline\\Pipeline->Illuminate\\Pipeline\\{closure}(Object(Illuminate\\Http\\Request))
#31 C:\\Users\\ADMIN\\Desktop\\K2\\projects\\4viewsSocial\\APIAdmin\\vendor\\laravel\\framework\\src\\Illuminate\\Pipeline\\Pipeline.php(219): Illuminate\\Http\\Middleware\\ValidatePostSize->handle(Object(Illuminate\\Http\\Request), Object(Closure))
#32 C:\\Users\\ADMIN\\Desktop\\K2\\projects\\4viewsSocial\\APIAdmin\\vendor\\laravel\\framework\\src\\Illuminate\\Foundation\\Http\\Middleware\\PreventRequestsDuringMaintenance.php(109): Illuminate\\Pipeline\\Pipeline->Illuminate\\Pipeline\\{closure}(Object(Illuminate\\Http\\Request))
#33 C:\\Users\\ADMIN\\Desktop\\K2\\projects\\4viewsSocial\\APIAdmin\\vendor\\laravel\\framework\\src\\Illuminate\\Pipeline\\Pipeline.php(219): Illuminate\\Foundation\\Http\\Middleware\\PreventRequestsDuringMaintenance->handle(Object(Illuminate\\Http\\Request), Object(Closure))
#34 C:\\Users\\ADMIN\\Desktop\\K2\\projects\\4viewsSocial\\APIAdmin\\vendor\\laravel\\framework\\src\\Illuminate\\Http\\Middleware\\HandleCors.php(61): Illuminate\\Pipeline\\Pipeline->Illuminate\\Pipeline\\{closure}(Object(Illuminate\\Http\\Request))
#35 C:\\Users\\ADMIN\\Desktop\\K2\\projects\\4viewsSocial\\APIAdmin\\vendor\\laravel\\framework\\src\\Illuminate\\Pipeline\\Pipeline.php(219): Illuminate\\Http\\Middleware\\HandleCors->handle(Object(Illuminate\\Http\\Request), Object(Closure))
#36 C:\\Users\\ADMIN\\Desktop\\K2\\projects\\4viewsSocial\\APIAdmin\\vendor\\laravel\\framework\\src\\Illuminate\\Http\\Middleware\\TrustProxies.php(58): Illuminate\\Pipeline\\Pipeline->Illuminate\\Pipeline\\{closure}(Object(Illuminate\\Http\\Request))
#37 C:\\Users\\ADMIN\\Desktop\\K2\\projects\\4viewsSocial\\APIAdmin\\vendor\\laravel\\framework\\src\\Illuminate\\Pipeline\\Pipeline.php(219): Illuminate\\Http\\Middleware\\TrustProxies->handle(Object(Illuminate\\Http\\Request), Object(Closure))
#38 C:\\Users\\ADMIN\\Desktop\\K2\\projects\\4viewsSocial\\APIAdmin\\vendor\\laravel\\framework\\src\\Illuminate\\Foundation\\Http\\Middleware\\InvokeDeferredCallbacks.php(22): Illuminate\\Pipeline\\Pipeline->Illuminate\\Pipeline\\{closure}(Object(Illuminate\\Http\\Request))
#39 C:\\Users\\ADMIN\\Desktop\\K2\\projects\\4viewsSocial\\APIAdmin\\vendor\\laravel\\framework\\src\\Illuminate\\Pipeline\\Pipeline.php(219): Illuminate\\Foundation\\Http\\Middleware\\InvokeDeferredCallbacks->handle(Object(Illuminate\\Http\\Request), Object(Closure))
#40 C:\\Users\\ADMIN\\Desktop\\K2\\projects\\4viewsSocial\\APIAdmin\\vendor\\laravel\\framework\\src\\Illuminate\\Http\\Middleware\\ValidatePathEncoding.php(26): Illuminate\\Pipeline\\Pipeline->Illuminate\\Pipeline\\{closure}(Object(Illuminate\\Http\\Request))
#41 C:\\Users\\ADMIN\\Desktop\\K2\\projects\\4viewsSocial\\APIAdmin\\vendor\\laravel\\framework\\src\\Illuminate\\Pipeline\\Pipeline.php(219): Illuminate\\Http\\Middleware\\ValidatePathEncoding->handle(Object(Illuminate\\Http\\Request), Object(Closure))
#42 C:\\Users\\ADMIN\\Desktop\\K2\\projects\\4viewsSocial\\APIAdmin\\vendor\\laravel\\framework\\src\\Illuminate\\Pipeline\\Pipeline.php(137): Illuminate\\Pipeline\\Pipeline->Illuminate\\Pipeline\\{closure}(Object(Illuminate\\Http\\Request))
#43 C:\\Users\\ADMIN\\Desktop\\K2\\projects\\4viewsSocial\\APIAdmin\\vendor\\laravel\\framework\\src\\Illuminate\\Foundation\\Http\\Kernel.php(175): Illuminate\\Pipeline\\Pipeline->then(Object(Closure))
#44 C:\\Users\\ADMIN\\Desktop\\K2\\projects\\4viewsSocial\\APIAdmin\\vendor\\laravel\\framework\\src\\Illuminate\\Foundation\\Http\\Kernel.php(144): Illuminate\\Foundation\\Http\\Kernel->sendRequestThroughRouter(Object(Illuminate\\Http\\Request))
#45 C:\\Users\\ADMIN\\Desktop\\K2\\projects\\4viewsSocial\\APIAdmin\\vendor\\laravel\\framework\\src\\Illuminate\\Foundation\\Application.php(1220): Illuminate\\Foundation\\Http\\Kernel->handle(Object(Illuminate\\Http\\Request))
#46 C:\\Users\\ADMIN\\Desktop\\K2\\projects\\4viewsSocial\\APIAdmin\\public\\index.php(20): Illuminate\\Foundation\\Application->handleRequest(Object(Illuminate\\Http\\Request))
#47 C:\\Users\\ADMIN\\Desktop\\K2\\projects\\4viewsSocial\\APIAdmin\\vendor\\laravel\\framework\\src\\Illuminate\\Foundation\\resources\\server.php(23): require_once('C:\\\\Users\\\\ADMIN\\\\...')
#48 {main}
"} 
[2026-01-04 04:16:56] local.ERROR: SQLSTATE[42S22]: Column not found: 1054 Unknown column 'created_date' in 'field list' (Connection: mysql, SQL: select DATE(created_date) as date, COUNT(*) as total from `users` where date(`created_date`) >= 2025-12-29 group by `date`) {"exception":"[object] (Illuminate\\Database\\QueryException(code: 42S22): SQLSTATE[42S22]: Column not found: 1054 Unknown column 'created_date' in 'field list' (Connection: mysql, SQL: select DATE(created_date) as date, COUNT(*) as total from `users` where date(`created_date`) >= 2025-12-29 group by `date`) at C:\\Users\\ADMIN\\Desktop\\K2\\projects\\4viewsSocial\\APIAdmin\\vendor\\laravel\\framework\\src\\Illuminate\\Database\\Connection.php:824)
[stacktrace]
#0 C:\\Users\\ADMIN\\Desktop\\K2\\projects\\4viewsSocial\\APIAdmin\\vendor\\laravel\\framework\\src\\Illuminate\\Database\\Connection.php(778): Illuminate\\Database\\Connection->runQueryCallback('select DATE(cre...', Array, Object(Closure))
#1 C:\\Users\\ADMIN\\Desktop\\K2\\projects\\4viewsSocial\\APIAdmin\\vendor\\laravel\\framework\\src\\Illuminate\\Database\\Connection.php(397): Illuminate\\Database\\Connection->run('select DATE(cre...', Array, Object(Closure))
#2 C:\\Users\\ADMIN\\Desktop\\K2\\projects\\4viewsSocial\\APIAdmin\\vendor\\laravel\\framework\\src\\Illuminate\\Database\\Query\\Builder.php(3188): Illuminate\\Database\\Connection->select('select DATE(cre...', Array, true)
#3 C:\\Users\\ADMIN\\Desktop\\K2\\projects\\4viewsSocial\\APIAdmin\\vendor\\laravel\\framework\\src\\Illuminate\\Database\\Query\\Builder.php(3446): Illuminate\\Database\\Query\\Builder->runSelect()
#4 C:\\Users\\ADMIN\\Desktop\\K2\\projects\\4viewsSocial\\APIAdmin\\vendor\\laravel\\framework\\src\\Illuminate\\Database\\Query\\Builder.php(3763): Illuminate\\Database\\Query\\Builder->Illuminate\\Database\\Query\\{closure}()
#5 C:\\Users\\ADMIN\\Desktop\\K2\\projects\\4viewsSocial\\APIAdmin\\vendor\\laravel\\framework\\src\\Illuminate\\Database\\Query\\Builder.php(3442): Illuminate\\Database\\Query\\Builder->onceWithColumns(Array, Object(Closure))
#6 C:\\Users\\ADMIN\\Desktop\\K2\\projects\\4viewsSocial\\APIAdmin\\vendor\\laravel\\framework\\src\\Illuminate\\Database\\Eloquent\\Builder.php(1082): Illuminate\\Database\\Query\\Builder->pluck('total', 'date')
#7 C:\\Users\\ADMIN\\Desktop\\K2\\projects\\4viewsSocial\\APIAdmin\\app\\Http\\Controllers\\DashboardController.php(50): Illuminate\\Database\\Eloquent\\Builder->pluck('total', 'date')
#8 C:\\Users\\ADMIN\\Desktop\\K2\\projects\\4viewsSocial\\APIAdmin\\vendor\\laravel\\framework\\src\\Illuminate\\Routing\\ControllerDispatcher.php(46): App\\Http\\Controllers\\DashboardController->chart()
#9 C:\\Users\\ADMIN\\Desktop\\K2\\projects\\4viewsSocial\\APIAdmin\\vendor\\laravel\\framework\\src\\Illuminate\\Routing\\Route.php(265): Illuminate\\Routing\\ControllerDispatcher->dispatch(Object(Illuminate\\Routing\\Route), Object(App\\Http\\Controllers\\DashboardController), 'chart')
#10 C:\\Users\\ADMIN\\Desktop\\K2\\projects\\4viewsSocial\\APIAdmin\\vendor\\laravel\\framework\\src\\Illuminate\\Routing\\Route.php(211): Illuminate\\Routing\\Route->runController()
#11 C:\\Users\\ADMIN\\Desktop\\K2\\projects\\4viewsSocial\\APIAdmin\\vendor\\laravel\\framework\\src\\Illuminate\\Routing\\Router.php(822): Illuminate\\Routing\\Route->run()
#12 C:\\Users\\ADMIN\\Desktop\\K2\\projects\\4viewsSocial\\APIAdmin\\vendor\\laravel\\framework\\src\\Illuminate\\Pipeline\\Pipeline.php(180): Illuminate\\Routing\\Router->Illuminate\\Routing\\{closure}(Object(Illuminate\\Http\\Request))
#13 C:\\Users\\ADMIN\\Desktop\\K2\\projects\\4viewsSocial\\APIAdmin\\vendor\\laravel\\framework\\src\\Illuminate\\Routing\\Middleware\\SubstituteBindings.php(50): Illuminate\\Pipeline\\Pipeline->Illuminate\\Pipeline\\{closure}(Object(Illuminate\\Http\\Request))
#14 C:\\Users\\ADMIN\\Desktop\\K2\\projects\\4viewsSocial\\APIAdmin\\vendor\\laravel\\framework\\src\\Illuminate\\Pipeline\\Pipeline.php(219): Illuminate\\Routing\\Middleware\\SubstituteBindings->handle(Object(Illuminate\\Http\\Request), Object(Closure))
#15 C:\\Users\\ADMIN\\Desktop\\K2\\projects\\4viewsSocial\\APIAdmin\\vendor\\laravel\\framework\\src\\Illuminate\\Pipeline\\Pipeline.php(137): Illuminate\\Pipeline\\Pipeline->Illuminate\\Pipeline\\{closure}(Object(Illuminate\\Http\\Request))
#16 C:\\Users\\ADMIN\\Desktop\\K2\\projects\\4viewsSocial\\APIAdmin\\vendor\\laravel\\framework\\src\\Illuminate\\Routing\\Router.php(821): Illuminate\\Pipeline\\Pipeline->then(Object(Closure))
#17 C:\\Users\\ADMIN\\Desktop\\K2\\projects\\4viewsSocial\\APIAdmin\\vendor\\laravel\\framework\\src\\Illuminate\\Routing\\Router.php(800): Illuminate\\Routing\\Router->runRouteWithinStack(Object(Illuminate\\Routing\\Route), Object(Illuminate\\Http\\Request))
#18 C:\\Users\\ADMIN\\Desktop\\K2\\projects\\4viewsSocial\\APIAdmin\\vendor\\laravel\\framework\\src\\Illuminate\\Routing\\Router.php(764): Illuminate\\Routing\\Router->runRoute(Object(Illuminate\\Http\\Request), Object(Illuminate\\Routing\\Route))
#19 C:\\Users\\ADMIN\\Desktop\\K2\\projects\\4viewsSocial\\APIAdmin\\vendor\\laravel\\framework\\src\\Illuminate\\Routing\\Router.php(753): Illuminate\\Routing\\Router->dispatchToRoute(Object(Illuminate\\Http\\Request))
#20 C:\\Users\\ADMIN\\Desktop\\K2\\projects\\4viewsSocial\\APIAdmin\\vendor\\laravel\\framework\\src\\Illuminate\\Foundation\\Http\\Kernel.php(200): Illuminate\\Routing\\Router->dispatch(Object(Illuminate\\Http\\Request))
#21 C:\\Users\\ADMIN\\Desktop\\K2\\projects\\4viewsSocial\\APIAdmin\\vendor\\laravel\\framework\\src\\Illuminate\\Pipeline\\Pipeline.php(180): Illuminate\\Foundation\\Http\\Kernel->Illuminate\\Foundation\\Http\\{closure}(Object(Illuminate\\Http\\Request))
#22 C:\\Users\\ADMIN\\Desktop\\K2\\projects\\4viewsSocial\\APIAdmin\\vendor\\laravel\\framework\\src\\Illuminate\\Foundation\\Http\\Middleware\\TransformsRequest.php(21): Illuminate\\Pipeline\\Pipeline->Illuminate\\Pipeline\\{closure}(Object(Illuminate\\Http\\Request))
#23 C:\\Users\\ADMIN\\Desktop\\K2\\projects\\4viewsSocial\\APIAdmin\\vendor\\laravel\\framework\\src\\Illuminate\\Foundation\\Http\\Middleware\\ConvertEmptyStringsToNull.php(31): Illuminate\\Foundation\\Http\\Middleware\\TransformsRequest->handle(Object(Illuminate\\Http\\Request), Object(Closure))
#24 C:\\Users\\ADMIN\\Desktop\\K2\\projects\\4viewsSocial\\APIAdmin\\vendor\\laravel\\framework\\src\\Illuminate\\Pipeline\\Pipeline.php(219): Illuminate\\Foundation\\Http\\Middleware\\ConvertEmptyStringsToNull->handle(Object(Illuminate\\Http\\Request), Object(Closure))
#25 C:\\Users\\ADMIN\\Desktop\\K2\\projects\\4viewsSocial\\APIAdmin\\vendor\\laravel\\framework\\src\\Illuminate\\Foundation\\Http\\Middleware\\TransformsRequest.php(21): Illuminate\\Pipeline\\Pipeline->Illuminate\\Pipeline\\{closure}(Object(Illuminate\\Http\\Request))
#26 C:\\Users\\ADMIN\\Desktop\\K2\\projects\\4viewsSocial\\APIAdmin\\vendor\\laravel\\framework\\src\\Illuminate\\Foundation\\Http\\Middleware\\TrimStrings.php(51): Illuminate\\Foundation\\Http\\Middleware\\TransformsRequest->handle(Object(Illuminate\\Http\\Request), Object(Closure))
#27 C:\\Users\\ADMIN\\Desktop\\K2\\projects\\4viewsSocial\\APIAdmin\\vendor\\laravel\\framework\\src\\Illuminate\\Pipeline\\Pipeline.php(219): Illuminate\\Foundation\\Http\\Middleware\\TrimStrings->handle(Object(Illuminate\\Http\\Request), Object(Closure))
#28 C:\\Users\\ADMIN\\Desktop\\K2\\projects\\4viewsSocial\\APIAdmin\\vendor\\laravel\\framework\\src\\Illuminate\\Http\\Middleware\\ValidatePostSize.php(27): Illuminate\\Pipeline\\Pipeline->Illuminate\\Pipeline\\{closure}(Object(Illuminate\\Http\\Request))
#29 C:\\Users\\ADMIN\\Desktop\\K2\\projects\\4viewsSocial\\APIAdmin\\vendor\\laravel\\framework\\src\\Illuminate\\Pipeline\\Pipeline.php(219): Illuminate\\Http\\Middleware\\ValidatePostSize->handle(Object(Illuminate\\Http\\Request), Object(Closure))
#30 C:\\Users\\ADMIN\\Desktop\\K2\\projects\\4viewsSocial\\APIAdmin\\vendor\\laravel\\framework\\src\\Illuminate\\Foundation\\Http\\Middleware\\PreventRequestsDuringMaintenance.php(109): Illuminate\\Pipeline\\Pipeline->Illuminate\\Pipeline\\{closure}(Object(Illuminate\\Http\\Request))
#31 C:\\Users\\ADMIN\\Desktop\\K2\\projects\\4viewsSocial\\APIAdmin\\vendor\\laravel\\framework\\src\\Illuminate\\Pipeline\\Pipeline.php(219): Illuminate\\Foundation\\Http\\Middleware\\PreventRequestsDuringMaintenance->handle(Object(Illuminate\\Http\\Request), Object(Closure))
#32 C:\\Users\\ADMIN\\Desktop\\K2\\projects\\4viewsSocial\\APIAdmin\\vendor\\laravel\\framework\\src\\Illuminate\\Http\\Middleware\\HandleCors.php(61): Illuminate\\Pipeline\\Pipeline->Illuminate\\Pipeline\\{closure}(Object(Illuminate\\Http\\Request))
#33 C:\\Users\\ADMIN\\Desktop\\K2\\projects\\4viewsSocial\\APIAdmin\\vendor\\laravel\\framework\\src\\Illuminate\\Pipeline\\Pipeline.php(219): Illuminate\\Http\\Middleware\\HandleCors->handle(Object(Illuminate\\Http\\Request), Object(Closure))
#34 C:\\Users\\ADMIN\\Desktop\\K2\\projects\\4viewsSocial\\APIAdmin\\vendor\\laravel\\framework\\src\\Illuminate\\Http\\Middleware\\TrustProxies.php(58): Illuminate\\Pipeline\\Pipeline->Illuminate\\Pipeline\\{closure}(Object(Illuminate\\Http\\Request))
#35 C:\\Users\\ADMIN\\Desktop\\K2\\projects\\4viewsSocial\\APIAdmin\\vendor\\laravel\\framework\\src\\Illuminate\\Pipeline\\Pipeline.php(219): Illuminate\\Http\\Middleware\\TrustProxies->handle(Object(Illuminate\\Http\\Request), Object(Closure))
#36 C:\\Users\\ADMIN\\Desktop\\K2\\projects\\4viewsSocial\\APIAdmin\\vendor\\laravel\\framework\\src\\Illuminate\\Foundation\\Http\\Middleware\\InvokeDeferredCallbacks.php(22): Illuminate\\Pipeline\\Pipeline->Illuminate\\Pipeline\\{closure}(Object(Illuminate\\Http\\Request))
#37 C:\\Users\\ADMIN\\Desktop\\K2\\projects\\4viewsSocial\\APIAdmin\\vendor\\laravel\\framework\\src\\Illuminate\\Pipeline\\Pipeline.php(219): Illuminate\\Foundation\\Http\\Middleware\\InvokeDeferredCallbacks->handle(Object(Illuminate\\Http\\Request), Object(Closure))
#38 C:\\Users\\ADMIN\\Desktop\\K2\\projects\\4viewsSocial\\APIAdmin\\vendor\\laravel\\framework\\src\\Illuminate\\Http\\Middleware\\ValidatePathEncoding.php(26): Illuminate\\Pipeline\\Pipeline->Illuminate\\Pipeline\\{closure}(Object(Illuminate\\Http\\Request))
#39 C:\\Users\\ADMIN\\Desktop\\K2\\projects\\4viewsSocial\\APIAdmin\\vendor\\laravel\\framework\\src\\Illuminate\\Pipeline\\Pipeline.php(219): Illuminate\\Http\\Middleware\\ValidatePathEncoding->handle(Object(Illuminate\\Http\\Request), Object(Closure))
#40 C:\\Users\\ADMIN\\Desktop\\K2\\projects\\4viewsSocial\\APIAdmin\\vendor\\laravel\\framework\\src\\Illuminate\\Pipeline\\Pipeline.php(137): Illuminate\\Pipeline\\Pipeline->Illuminate\\Pipeline\\{closure}(Object(Illuminate\\Http\\Request))
#41 C:\\Users\\ADMIN\\Desktop\\K2\\projects\\4viewsSocial\\APIAdmin\\vendor\\laravel\\framework\\src\\Illuminate\\Foundation\\Http\\Kernel.php(175): Illuminate\\Pipeline\\Pipeline->then(Object(Closure))
#42 C:\\Users\\ADMIN\\Desktop\\K2\\projects\\4viewsSocial\\APIAdmin\\vendor\\laravel\\framework\\src\\Illuminate\\Foundation\\Http\\Kernel.php(144): Illuminate\\Foundation\\Http\\Kernel->sendRequestThroughRouter(Object(Illuminate\\Http\\Request))
#43 C:\\Users\\ADMIN\\Desktop\\K2\\projects\\4viewsSocial\\APIAdmin\\vendor\\laravel\\framework\\src\\Illuminate\\Foundation\\Application.php(1220): Illuminate\\Foundation\\Http\\Kernel->handle(Object(Illuminate\\Http\\Request))
#44 C:\\Users\\ADMIN\\Desktop\\K2\\projects\\4viewsSocial\\APIAdmin\\public\\index.php(20): Illuminate\\Foundation\\Application->handleRequest(Object(Illuminate\\Http\\Request))
#45 C:\\Users\\ADMIN\\Desktop\\K2\\projects\\4viewsSocial\\APIAdmin\\vendor\\laravel\\framework\\src\\Illuminate\\Foundation\\resources\\server.php(23): require_once('C:\\\\Users\\\\ADMIN\\\\...')
#46 {main}

[previous exception] [object] (PDOException(code: 42S22): SQLSTATE[42S22]: Column not found: 1054 Unknown column 'created_date' in 'field list' at C:\\Users\\ADMIN\\Desktop\\K2\\projects\\4viewsSocial\\APIAdmin\\vendor\\laravel\\framework\\src\\Illuminate\\Database\\Connection.php:406)
[stacktrace]
#0 C:\\Users\\ADMIN\\Desktop\\K2\\projects\\4viewsSocial\\APIAdmin\\vendor\\laravel\\framework\\src\\Illuminate\\Database\\Connection.php(406): PDO->prepare('select DATE(cre...')
#1 C:\\Users\\ADMIN\\Desktop\\K2\\projects\\4viewsSocial\\APIAdmin\\vendor\\laravel\\framework\\src\\Illuminate\\Database\\Connection.php(811): Illuminate\\Database\\Connection->Illuminate\\Database\\{closure}('select DATE(cre...', Array)
#2 C:\\Users\\ADMIN\\Desktop\\K2\\projects\\4viewsSocial\\APIAdmin\\vendor\\laravel\\framework\\src\\Illuminate\\Database\\Connection.php(778): Illuminate\\Database\\Connection->runQueryCallback('select DATE(cre...', Array, Object(Closure))
#3 C:\\Users\\ADMIN\\Desktop\\K2\\projects\\4viewsSocial\\APIAdmin\\vendor\\laravel\\framework\\src\\Illuminate\\Database\\Connection.php(397): Illuminate\\Database\\Connection->run('select DATE(cre...', Array, Object(Closure))
#4 C:\\Users\\ADMIN\\Desktop\\K2\\projects\\4viewsSocial\\APIAdmin\\vendor\\laravel\\framework\\src\\Illuminate\\Database\\Query\\Builder.php(3188): Illuminate\\Database\\Connection->select('select DATE(cre...', Array, true)
#5 C:\\Users\\ADMIN\\Desktop\\K2\\projects\\4viewsSocial\\APIAdmin\\vendor\\laravel\\framework\\src\\Illuminate\\Database\\Query\\Builder.php(3446): Illuminate\\Database\\Query\\Builder->runSelect()
#6 C:\\Users\\ADMIN\\Desktop\\K2\\projects\\4viewsSocial\\APIAdmin\\vendor\\laravel\\framework\\src\\Illuminate\\Database\\Query\\Builder.php(3763): Illuminate\\Database\\Query\\Builder->Illuminate\\Database\\Query\\{closure}()
#7 C:\\Users\\ADMIN\\Desktop\\K2\\projects\\4viewsSocial\\APIAdmin\\vendor\\laravel\\framework\\src\\Illuminate\\Database\\Query\\Builder.php(3442): Illuminate\\Database\\Query\\Builder->onceWithColumns(Array, Object(Closure))
#8 C:\\Users\\ADMIN\\Desktop\\K2\\projects\\4viewsSocial\\APIAdmin\\vendor\\laravel\\framework\\src\\Illuminate\\Database\\Eloquent\\Builder.php(1082): Illuminate\\Database\\Query\\Builder->pluck('total', 'date')
#9 C:\\Users\\ADMIN\\Desktop\\K2\\projects\\4viewsSocial\\APIAdmin\\app\\Http\\Controllers\\DashboardController.php(50): Illuminate\\Database\\Eloquent\\Builder->pluck('total', 'date')
#10 C:\\Users\\ADMIN\\Desktop\\K2\\projects\\4viewsSocial\\APIAdmin\\vendor\\laravel\\framework\\src\\Illuminate\\Routing\\ControllerDispatcher.php(46): App\\Http\\Controllers\\DashboardController->chart()
#11 C:\\Users\\ADMIN\\Desktop\\K2\\projects\\4viewsSocial\\APIAdmin\\vendor\\laravel\\framework\\src\\Illuminate\\Routing\\Route.php(265): Illuminate\\Routing\\ControllerDispatcher->dispatch(Object(Illuminate\\Routing\\Route), Object(App\\Http\\Controllers\\DashboardController), 'chart')
#12 C:\\Users\\ADMIN\\Desktop\\K2\\projects\\4viewsSocial\\APIAdmin\\vendor\\laravel\\framework\\src\\Illuminate\\Routing\\Route.php(211): Illuminate\\Routing\\Route->runController()
#13 C:\\Users\\ADMIN\\Desktop\\K2\\projects\\4viewsSocial\\APIAdmin\\vendor\\laravel\\framework\\src\\Illuminate\\Routing\\Router.php(822): Illuminate\\Routing\\Route->run()
#14 C:\\Users\\ADMIN\\Desktop\\K2\\projects\\4viewsSocial\\APIAdmin\\vendor\\laravel\\framework\\src\\Illuminate\\Pipeline\\Pipeline.php(180): Illuminate\\Routing\\Router->Illuminate\\Routing\\{closure}(Object(Illuminate\\Http\\Request))
#15 C:\\Users\\ADMIN\\Desktop\\K2\\projects\\4viewsSocial\\APIAdmin\\vendor\\laravel\\framework\\src\\Illuminate\\Routing\\Middleware\\SubstituteBindings.php(50): Illuminate\\Pipeline\\Pipeline->Illuminate\\Pipeline\\{closure}(Object(Illuminate\\Http\\Request))
#16 C:\\Users\\ADMIN\\Desktop\\K2\\projects\\4viewsSocial\\APIAdmin\\vendor\\laravel\\framework\\src\\Illuminate\\Pipeline\\Pipeline.php(219): Illuminate\\Routing\\Middleware\\SubstituteBindings->handle(Object(Illuminate\\Http\\Request), Object(Closure))
#17 C:\\Users\\ADMIN\\Desktop\\K2\\projects\\4viewsSocial\\APIAdmin\\vendor\\laravel\\framework\\src\\Illuminate\\Pipeline\\Pipeline.php(137): Illuminate\\Pipeline\\Pipeline->Illuminate\\Pipeline\\{closure}(Object(Illuminate\\Http\\Request))
#18 C:\\Users\\ADMIN\\Desktop\\K2\\projects\\4viewsSocial\\APIAdmin\\vendor\\laravel\\framework\\src\\Illuminate\\Routing\\Router.php(821): Illuminate\\Pipeline\\Pipeline->then(Object(Closure))
#19 C:\\Users\\ADMIN\\Desktop\\K2\\projects\\4viewsSocial\\APIAdmin\\vendor\\laravel\\framework\\src\\Illuminate\\Routing\\Router.php(800): Illuminate\\Routing\\Router->runRouteWithinStack(Object(Illuminate\\Routing\\Route), Object(Illuminate\\Http\\Request))
#20 C:\\Users\\ADMIN\\Desktop\\K2\\projects\\4viewsSocial\\APIAdmin\\vendor\\laravel\\framework\\src\\Illuminate\\Routing\\Router.php(764): Illuminate\\Routing\\Router->runRoute(Object(Illuminate\\Http\\Request), Object(Illuminate\\Routing\\Route))
#21 C:\\Users\\ADMIN\\Desktop\\K2\\projects\\4viewsSocial\\APIAdmin\\vendor\\laravel\\framework\\src\\Illuminate\\Routing\\Router.php(753): Illuminate\\Routing\\Router->dispatchToRoute(Object(Illuminate\\Http\\Request))
#22 C:\\Users\\ADMIN\\Desktop\\K2\\projects\\4viewsSocial\\APIAdmin\\vendor\\laravel\\framework\\src\\Illuminate\\Foundation\\Http\\Kernel.php(200): Illuminate\\Routing\\Router->dispatch(Object(Illuminate\\Http\\Request))
#23 C:\\Users\\ADMIN\\Desktop\\K2\\projects\\4viewsSocial\\APIAdmin\\vendor\\laravel\\framework\\src\\Illuminate\\Pipeline\\Pipeline.php(180): Illuminate\\Foundation\\Http\\Kernel->Illuminate\\Foundation\\Http\\{closure}(Object(Illuminate\\Http\\Request))
#24 C:\\Users\\ADMIN\\Desktop\\K2\\projects\\4viewsSocial\\APIAdmin\\vendor\\laravel\\framework\\src\\Illuminate\\Foundation\\Http\\Middleware\\TransformsRequest.php(21): Illuminate\\Pipeline\\Pipeline->Illuminate\\Pipeline\\{closure}(Object(Illuminate\\Http\\Request))
#25 C:\\Users\\ADMIN\\Desktop\\K2\\projects\\4viewsSocial\\APIAdmin\\vendor\\laravel\\framework\\src\\Illuminate\\Foundation\\Http\\Middleware\\ConvertEmptyStringsToNull.php(31): Illuminate\\Foundation\\Http\\Middleware\\TransformsRequest->handle(Object(Illuminate\\Http\\Request), Object(Closure))
#26 C:\\Users\\ADMIN\\Desktop\\K2\\projects\\4viewsSocial\\APIAdmin\\vendor\\laravel\\framework\\src\\Illuminate\\Pipeline\\Pipeline.php(219): Illuminate\\Foundation\\Http\\Middleware\\ConvertEmptyStringsToNull->handle(Object(Illuminate\\Http\\Request), Object(Closure))
#27 C:\\Users\\ADMIN\\Desktop\\K2\\projects\\4viewsSocial\\APIAdmin\\vendor\\laravel\\framework\\src\\Illuminate\\Foundation\\Http\\Middleware\\TransformsRequest.php(21): Illuminate\\Pipeline\\Pipeline->Illuminate\\Pipeline\\{closure}(Object(Illuminate\\Http\\Request))
#28 C:\\Users\\ADMIN\\Desktop\\K2\\projects\\4viewsSocial\\APIAdmin\\vendor\\laravel\\framework\\src\\Illuminate\\Foundation\\Http\\Middleware\\TrimStrings.php(51): Illuminate\\Foundation\\Http\\Middleware\\TransformsRequest->handle(Object(Illuminate\\Http\\Request), Object(Closure))
#29 C:\\Users\\ADMIN\\Desktop\\K2\\projects\\4viewsSocial\\APIAdmin\\vendor\\laravel\\framework\\src\\Illuminate\\Pipeline\\Pipeline.php(219): Illuminate\\Foundation\\Http\\Middleware\\TrimStrings->handle(Object(Illuminate\\Http\\Request), Object(Closure))
#30 C:\\Users\\ADMIN\\Desktop\\K2\\projects\\4viewsSocial\\APIAdmin\\vendor\\laravel\\framework\\src\\Illuminate\\Http\\Middleware\\ValidatePostSize.php(27): Illuminate\\Pipeline\\Pipeline->Illuminate\\Pipeline\\{closure}(Object(Illuminate\\Http\\Request))
#31 C:\\Users\\ADMIN\\Desktop\\K2\\projects\\4viewsSocial\\APIAdmin\\vendor\\laravel\\framework\\src\\Illuminate\\Pipeline\\Pipeline.php(219): Illuminate\\Http\\Middleware\\ValidatePostSize->handle(Object(Illuminate\\Http\\Request), Object(Closure))
#32 C:\\Users\\ADMIN\\Desktop\\K2\\projects\\4viewsSocial\\APIAdmin\\vendor\\laravel\\framework\\src\\Illuminate\\Foundation\\Http\\Middleware\\PreventRequestsDuringMaintenance.php(109): Illuminate\\Pipeline\\Pipeline->Illuminate\\Pipeline\\{closure}(Object(Illuminate\\Http\\Request))
#33 C:\\Users\\ADMIN\\Desktop\\K2\\projects\\4viewsSocial\\APIAdmin\\vendor\\laravel\\framework\\src\\Illuminate\\Pipeline\\Pipeline.php(219): Illuminate\\Foundation\\Http\\Middleware\\PreventRequestsDuringMaintenance->handle(Object(Illuminate\\Http\\Request), Object(Closure))
#34 C:\\Users\\ADMIN\\Desktop\\K2\\projects\\4viewsSocial\\APIAdmin\\vendor\\laravel\\framework\\src\\Illuminate\\Http\\Middleware\\HandleCors.php(61): Illuminate\\Pipeline\\Pipeline->Illuminate\\Pipeline\\{closure}(Object(Illuminate\\Http\\Request))
#35 C:\\Users\\ADMIN\\Desktop\\K2\\projects\\4viewsSocial\\APIAdmin\\vendor\\laravel\\framework\\src\\Illuminate\\Pipeline\\Pipeline.php(219): Illuminate\\Http\\Middleware\\HandleCors->handle(Object(Illuminate\\Http\\Request), Object(Closure))
#36 C:\\Users\\ADMIN\\Desktop\\K2\\projects\\4viewsSocial\\APIAdmin\\vendor\\laravel\\framework\\src\\Illuminate\\Http\\Middleware\\TrustProxies.php(58): Illuminate\\Pipeline\\Pipeline->Illuminate\\Pipeline\\{closure}(Object(Illuminate\\Http\\Request))
#37 C:\\Users\\ADMIN\\Desktop\\K2\\projects\\4viewsSocial\\APIAdmin\\vendor\\laravel\\framework\\src\\Illuminate\\Pipeline\\Pipeline.php(219): Illuminate\\Http\\Middleware\\TrustProxies->handle(Object(Illuminate\\Http\\Request), Object(Closure))
#38 C:\\Users\\ADMIN\\Desktop\\K2\\projects\\4viewsSocial\\APIAdmin\\vendor\\laravel\\framework\\src\\Illuminate\\Foundation\\Http\\Middleware\\InvokeDeferredCallbacks.php(22): Illuminate\\Pipeline\\Pipeline->Illuminate\\Pipeline\\{closure}(Object(Illuminate\\Http\\Request))
#39 C:\\Users\\ADMIN\\Desktop\\K2\\projects\\4viewsSocial\\APIAdmin\\vendor\\laravel\\framework\\src\\Illuminate\\Pipeline\\Pipeline.php(219): Illuminate\\Foundation\\Http\\Middleware\\InvokeDeferredCallbacks->handle(Object(Illuminate\\Http\\Request), Object(Closure))
#40 C:\\Users\\ADMIN\\Desktop\\K2\\projects\\4viewsSocial\\APIAdmin\\vendor\\laravel\\framework\\src\\Illuminate\\Http\\Middleware\\ValidatePathEncoding.php(26): Illuminate\\Pipeline\\Pipeline->Illuminate\\Pipeline\\{closure}(Object(Illuminate\\Http\\Request))
#41 C:\\Users\\ADMIN\\Desktop\\K2\\projects\\4viewsSocial\\APIAdmin\\vendor\\laravel\\framework\\src\\Illuminate\\Pipeline\\Pipeline.php(219): Illuminate\\Http\\Middleware\\ValidatePathEncoding->handle(Object(Illuminate\\Http\\Request), Object(Closure))
#42 C:\\Users\\ADMIN\\Desktop\\K2\\projects\\4viewsSocial\\APIAdmin\\vendor\\laravel\\framework\\src\\Illuminate\\Pipeline\\Pipeline.php(137): Illuminate\\Pipeline\\Pipeline->Illuminate\\Pipeline\\{closure}(Object(Illuminate\\Http\\Request))
#43 C:\\Users\\ADMIN\\Desktop\\K2\\projects\\4viewsSocial\\APIAdmin\\vendor\\laravel\\framework\\src\\Illuminate\\Foundation\\Http\\Kernel.php(175): Illuminate\\Pipeline\\Pipeline->then(Object(Closure))
#44 C:\\Users\\ADMIN\\Desktop\\K2\\projects\\4viewsSocial\\APIAdmin\\vendor\\laravel\\framework\\src\\Illuminate\\Foundation\\Http\\Kernel.php(144): Illuminate\\Foundation\\Http\\Kernel->sendRequestThroughRouter(Object(Illuminate\\Http\\Request))
#45 C:\\Users\\ADMIN\\Desktop\\K2\\projects\\4viewsSocial\\APIAdmin\\vendor\\laravel\\framework\\src\\Illuminate\\Foundation\\Application.php(1220): Illuminate\\Foundation\\Http\\Kernel->handle(Object(Illuminate\\Http\\Request))
#46 C:\\Users\\ADMIN\\Desktop\\K2\\projects\\4viewsSocial\\APIAdmin\\public\\index.php(20): Illuminate\\Foundation\\Application->handleRequest(Object(Illuminate\\Http\\Request))
#47 C:\\Users\\ADMIN\\Desktop\\K2\\projects\\4viewsSocial\\APIAdmin\\vendor\\laravel\\framework\\src\\Illuminate\\Foundation\\resources\\server.php(23): require_once('C:\\\\Users\\\\ADMIN\\\\...')
#48 {main}
"} 
[2026-01-04 04:17:00] local.ERROR: SQLSTATE[42S22]: Column not found: 1054 Unknown column 'created_date' in 'field list' (Connection: mysql, SQL: select DATE(created_date) as date, COUNT(*) as total from `users` where date(`created_date`) >= 2025-12-29 group by `date`) {"exception":"[object] (Illuminate\\Database\\QueryException(code: 42S22): SQLSTATE[42S22]: Column not found: 1054 Unknown column 'created_date' in 'field list' (Connection: mysql, SQL: select DATE(created_date) as date, COUNT(*) as total from `users` where date(`created_date`) >= 2025-12-29 group by `date`) at C:\\Users\\ADMIN\\Desktop\\K2\\projects\\4viewsSocial\\APIAdmin\\vendor\\laravel\\framework\\src\\Illuminate\\Database\\Connection.php:824)
[stacktrace]
#0 C:\\Users\\ADMIN\\Desktop\\K2\\projects\\4viewsSocial\\APIAdmin\\vendor\\laravel\\framework\\src\\Illuminate\\Database\\Connection.php(778): Illuminate\\Database\\Connection->runQueryCallback('select DATE(cre...', Array, Object(Closure))
#1 C:\\Users\\ADMIN\\Desktop\\K2\\projects\\4viewsSocial\\APIAdmin\\vendor\\laravel\\framework\\src\\Illuminate\\Database\\Connection.php(397): Illuminate\\Database\\Connection->run('select DATE(cre...', Array, Object(Closure))
#2 C:\\Users\\ADMIN\\Desktop\\K2\\projects\\4viewsSocial\\APIAdmin\\vendor\\laravel\\framework\\src\\Illuminate\\Database\\Query\\Builder.php(3188): Illuminate\\Database\\Connection->select('select DATE(cre...', Array, true)
#3 C:\\Users\\ADMIN\\Desktop\\K2\\projects\\4viewsSocial\\APIAdmin\\vendor\\laravel\\framework\\src\\Illuminate\\Database\\Query\\Builder.php(3446): Illuminate\\Database\\Query\\Builder->runSelect()
#4 C:\\Users\\ADMIN\\Desktop\\K2\\projects\\4viewsSocial\\APIAdmin\\vendor\\laravel\\framework\\src\\Illuminate\\Database\\Query\\Builder.php(3763): Illuminate\\Database\\Query\\Builder->Illuminate\\Database\\Query\\{closure}()
#5 C:\\Users\\ADMIN\\Desktop\\K2\\projects\\4viewsSocial\\APIAdmin\\vendor\\laravel\\framework\\src\\Illuminate\\Database\\Query\\Builder.php(3442): Illuminate\\Database\\Query\\Builder->onceWithColumns(Array, Object(Closure))
#6 C:\\Users\\ADMIN\\Desktop\\K2\\projects\\4viewsSocial\\APIAdmin\\vendor\\laravel\\framework\\src\\Illuminate\\Database\\Eloquent\\Builder.php(1082): Illuminate\\Database\\Query\\Builder->pluck('total', 'date')
#7 C:\\Users\\ADMIN\\Desktop\\K2\\projects\\4viewsSocial\\APIAdmin\\app\\Http\\Controllers\\DashboardController.php(50): Illuminate\\Database\\Eloquent\\Builder->pluck('total', 'date')
#8 C:\\Users\\ADMIN\\Desktop\\K2\\projects\\4viewsSocial\\APIAdmin\\vendor\\laravel\\framework\\src\\Illuminate\\Routing\\ControllerDispatcher.php(46): App\\Http\\Controllers\\DashboardController->chart()
#9 C:\\Users\\ADMIN\\Desktop\\K2\\projects\\4viewsSocial\\APIAdmin\\vendor\\laravel\\framework\\src\\Illuminate\\Routing\\Route.php(265): Illuminate\\Routing\\ControllerDispatcher->dispatch(Object(Illuminate\\Routing\\Route), Object(App\\Http\\Controllers\\DashboardController), 'chart')
#10 C:\\Users\\ADMIN\\Desktop\\K2\\projects\\4viewsSocial\\APIAdmin\\vendor\\laravel\\framework\\src\\Illuminate\\Routing\\Route.php(211): Illuminate\\Routing\\Route->runController()
#11 C:\\Users\\ADMIN\\Desktop\\K2\\projects\\4viewsSocial\\APIAdmin\\vendor\\laravel\\framework\\src\\Illuminate\\Routing\\Router.php(822): Illuminate\\Routing\\Route->run()
#12 C:\\Users\\ADMIN\\Desktop\\K2\\projects\\4viewsSocial\\APIAdmin\\vendor\\laravel\\framework\\src\\Illuminate\\Pipeline\\Pipeline.php(180): Illuminate\\Routing\\Router->Illuminate\\Routing\\{closure}(Object(Illuminate\\Http\\Request))
#13 C:\\Users\\ADMIN\\Desktop\\K2\\projects\\4viewsSocial\\APIAdmin\\vendor\\laravel\\framework\\src\\Illuminate\\Routing\\Middleware\\SubstituteBindings.php(50): Illuminate\\Pipeline\\Pipeline->Illuminate\\Pipeline\\{closure}(Object(Illuminate\\Http\\Request))
#14 C:\\Users\\ADMIN\\Desktop\\K2\\projects\\4viewsSocial\\APIAdmin\\vendor\\laravel\\framework\\src\\Illuminate\\Pipeline\\Pipeline.php(219): Illuminate\\Routing\\Middleware\\SubstituteBindings->handle(Object(Illuminate\\Http\\Request), Object(Closure))
#15 C:\\Users\\ADMIN\\Desktop\\K2\\projects\\4viewsSocial\\APIAdmin\\vendor\\laravel\\framework\\src\\Illuminate\\Pipeline\\Pipeline.php(137): Illuminate\\Pipeline\\Pipeline->Illuminate\\Pipeline\\{closure}(Object(Illuminate\\Http\\Request))
#16 C:\\Users\\ADMIN\\Desktop\\K2\\projects\\4viewsSocial\\APIAdmin\\vendor\\laravel\\framework\\src\\Illuminate\\Routing\\Router.php(821): Illuminate\\Pipeline\\Pipeline->then(Object(Closure))
#17 C:\\Users\\ADMIN\\Desktop\\K2\\projects\\4viewsSocial\\APIAdmin\\vendor\\laravel\\framework\\src\\Illuminate\\Routing\\Router.php(800): Illuminate\\Routing\\Router->runRouteWithinStack(Object(Illuminate\\Routing\\Route), Object(Illuminate\\Http\\Request))
#18 C:\\Users\\ADMIN\\Desktop\\K2\\projects\\4viewsSocial\\APIAdmin\\vendor\\laravel\\framework\\src\\Illuminate\\Routing\\Router.php(764): Illuminate\\Routing\\Router->runRoute(Object(Illuminate\\Http\\Request), Object(Illuminate\\Routing\\Route))
#19 C:\\Users\\ADMIN\\Desktop\\K2\\projects\\4viewsSocial\\APIAdmin\\vendor\\laravel\\framework\\src\\Illuminate\\Routing\\Router.php(753): Illuminate\\Routing\\Router->dispatchToRoute(Object(Illuminate\\Http\\Request))
#20 C:\\Users\\ADMIN\\Desktop\\K2\\projects\\4viewsSocial\\APIAdmin\\vendor\\laravel\\framework\\src\\Illuminate\\Foundation\\Http\\Kernel.php(200): Illuminate\\Routing\\Router->dispatch(Object(Illuminate\\Http\\Request))
#21 C:\\Users\\ADMIN\\Desktop\\K2\\projects\\4viewsSocial\\APIAdmin\\vendor\\laravel\\framework\\src\\Illuminate\\Pipeline\\Pipeline.php(180): Illuminate\\Foundation\\Http\\Kernel->Illuminate\\Foundation\\Http\\{closure}(Object(Illuminate\\Http\\Request))
#22 C:\\Users\\ADMIN\\Desktop\\K2\\projects\\4viewsSocial\\APIAdmin\\vendor\\laravel\\framework\\src\\Illuminate\\Foundation\\Http\\Middleware\\TransformsRequest.php(21): Illuminate\\Pipeline\\Pipeline->Illuminate\\Pipeline\\{closure}(Object(Illuminate\\Http\\Request))
#23 C:\\Users\\ADMIN\\Desktop\\K2\\projects\\4viewsSocial\\APIAdmin\\vendor\\laravel\\framework\\src\\Illuminate\\Foundation\\Http\\Middleware\\ConvertEmptyStringsToNull.php(31): Illuminate\\Foundation\\Http\\Middleware\\TransformsRequest->handle(Object(Illuminate\\Http\\Request), Object(Closure))
#24 C:\\Users\\ADMIN\\Desktop\\K2\\projects\\4viewsSocial\\APIAdmin\\vendor\\laravel\\framework\\src\\Illuminate\\Pipeline\\Pipeline.php(219): Illuminate\\Foundation\\Http\\Middleware\\ConvertEmptyStringsToNull->handle(Object(Illuminate\\Http\\Request), Object(Closure))
#25 C:\\Users\\ADMIN\\Desktop\\K2\\projects\\4viewsSocial\\APIAdmin\\vendor\\laravel\\framework\\src\\Illuminate\\Foundation\\Http\\Middleware\\TransformsRequest.php(21): Illuminate\\Pipeline\\Pipeline->Illuminate\\Pipeline\\{closure}(Object(Illuminate\\Http\\Request))
#26 C:\\Users\\ADMIN\\Desktop\\K2\\projects\\4viewsSocial\\APIAdmin\\vendor\\laravel\\framework\\src\\Illuminate\\Foundation\\Http\\Middleware\\TrimStrings.php(51): Illuminate\\Foundation\\Http\\Middleware\\TransformsRequest->handle(Object(Illuminate\\Http\\Request), Object(Closure))
#27 C:\\Users\\ADMIN\\Desktop\\K2\\projects\\4viewsSocial\\APIAdmin\\vendor\\laravel\\framework\\src\\Illuminate\\Pipeline\\Pipeline.php(219): Illuminate\\Foundation\\Http\\Middleware\\TrimStrings->handle(Object(Illuminate\\Http\\Request), Object(Closure))
#28 C:\\Users\\ADMIN\\Desktop\\K2\\projects\\4viewsSocial\\APIAdmin\\vendor\\laravel\\framework\\src\\Illuminate\\Http\\Middleware\\ValidatePostSize.php(27): Illuminate\\Pipeline\\Pipeline->Illuminate\\Pipeline\\{closure}(Object(Illuminate\\Http\\Request))
#29 C:\\Users\\ADMIN\\Desktop\\K2\\projects\\4viewsSocial\\APIAdmin\\vendor\\laravel\\framework\\src\\Illuminate\\Pipeline\\Pipeline.php(219): Illuminate\\Http\\Middleware\\ValidatePostSize->handle(Object(Illuminate\\Http\\Request), Object(Closure))
#30 C:\\Users\\ADMIN\\Desktop\\K2\\projects\\4viewsSocial\\APIAdmin\\vendor\\laravel\\framework\\src\\Illuminate\\Foundation\\Http\\Middleware\\PreventRequestsDuringMaintenance.php(109): Illuminate\\Pipeline\\Pipeline->Illuminate\\Pipeline\\{closure}(Object(Illuminate\\Http\\Request))
#31 C:\\Users\\ADMIN\\Desktop\\K2\\projects\\4viewsSocial\\APIAdmin\\vendor\\laravel\\framework\\src\\Illuminate\\Pipeline\\Pipeline.php(219): Illuminate\\Foundation\\Http\\Middleware\\PreventRequestsDuringMaintenance->handle(Object(Illuminate\\Http\\Request), Object(Closure))
#32 C:\\Users\\ADMIN\\Desktop\\K2\\projects\\4viewsSocial\\APIAdmin\\vendor\\laravel\\framework\\src\\Illuminate\\Http\\Middleware\\HandleCors.php(61): Illuminate\\Pipeline\\Pipeline->Illuminate\\Pipeline\\{closure}(Object(Illuminate\\Http\\Request))
#33 C:\\Users\\ADMIN\\Desktop\\K2\\projects\\4viewsSocial\\APIAdmin\\vendor\\laravel\\framework\\src\\Illuminate\\Pipeline\\Pipeline.php(219): Illuminate\\Http\\Middleware\\HandleCors->handle(Object(Illuminate\\Http\\Request), Object(Closure))
#34 C:\\Users\\ADMIN\\Desktop\\K2\\projects\\4viewsSocial\\APIAdmin\\vendor\\laravel\\framework\\src\\Illuminate\\Http\\Middleware\\TrustProxies.php(58): Illuminate\\Pipeline\\Pipeline->Illuminate\\Pipeline\\{closure}(Object(Illuminate\\Http\\Request))
#35 C:\\Users\\ADMIN\\Desktop\\K2\\projects\\4viewsSocial\\APIAdmin\\vendor\\laravel\\framework\\src\\Illuminate\\Pipeline\\Pipeline.php(219): Illuminate\\Http\\Middleware\\TrustProxies->handle(Object(Illuminate\\Http\\Request), Object(Closure))
#36 C:\\Users\\ADMIN\\Desktop\\K2\\projects\\4viewsSocial\\APIAdmin\\vendor\\laravel\\framework\\src\\Illuminate\\Foundation\\Http\\Middleware\\InvokeDeferredCallbacks.php(22): Illuminate\\Pipeline\\Pipeline->Illuminate\\Pipeline\\{closure}(Object(Illuminate\\Http\\Request))
#37 C:\\Users\\ADMIN\\Desktop\\K2\\projects\\4viewsSocial\\APIAdmin\\vendor\\laravel\\framework\\src\\Illuminate\\Pipeline\\Pipeline.php(219): Illuminate\\Foundation\\Http\\Middleware\\InvokeDeferredCallbacks->handle(Object(Illuminate\\Http\\Request), Object(Closure))
#38 C:\\Users\\ADMIN\\Desktop\\K2\\projects\\4viewsSocial\\APIAdmin\\vendor\\laravel\\framework\\src\\Illuminate\\Http\\Middleware\\ValidatePathEncoding.php(26): Illuminate\\Pipeline\\Pipeline->Illuminate\\Pipeline\\{closure}(Object(Illuminate\\Http\\Request))
#39 C:\\Users\\ADMIN\\Desktop\\K2\\projects\\4viewsSocial\\APIAdmin\\vendor\\laravel\\framework\\src\\Illuminate\\Pipeline\\Pipeline.php(219): Illuminate\\Http\\Middleware\\ValidatePathEncoding->handle(Object(Illuminate\\Http\\Request), Object(Closure))
#40 C:\\Users\\ADMIN\\Desktop\\K2\\projects\\4viewsSocial\\APIAdmin\\vendor\\laravel\\framework\\src\\Illuminate\\Pipeline\\Pipeline.php(137): Illuminate\\Pipeline\\Pipeline->Illuminate\\Pipeline\\{closure}(Object(Illuminate\\Http\\Request))
#41 C:\\Users\\ADMIN\\Desktop\\K2\\projects\\4viewsSocial\\APIAdmin\\vendor\\laravel\\framework\\src\\Illuminate\\Foundation\\Http\\Kernel.php(175): Illuminate\\Pipeline\\Pipeline->then(Object(Closure))
#42 C:\\Users\\ADMIN\\Desktop\\K2\\projects\\4viewsSocial\\APIAdmin\\vendor\\laravel\\framework\\src\\Illuminate\\Foundation\\Http\\Kernel.php(144): Illuminate\\Foundation\\Http\\Kernel->sendRequestThroughRouter(Object(Illuminate\\Http\\Request))
#43 C:\\Users\\ADMIN\\Desktop\\K2\\projects\\4viewsSocial\\APIAdmin\\vendor\\laravel\\framework\\src\\Illuminate\\Foundation\\Application.php(1220): Illuminate\\Foundation\\Http\\Kernel->handle(Object(Illuminate\\Http\\Request))
#44 C:\\Users\\ADMIN\\Desktop\\K2\\projects\\4viewsSocial\\APIAdmin\\public\\index.php(20): Illuminate\\Foundation\\Application->handleRequest(Object(Illuminate\\Http\\Request))
#45 C:\\Users\\ADMIN\\Desktop\\K2\\projects\\4viewsSocial\\APIAdmin\\vendor\\laravel\\framework\\src\\Illuminate\\Foundation\\resources\\server.php(23): require_once('C:\\\\Users\\\\ADMIN\\\\...')
#46 {main}

[previous exception] [object] (PDOException(code: 42S22): SQLSTATE[42S22]: Column not found: 1054 Unknown column 'created_date' in 'field list' at C:\\Users\\ADMIN\\Desktop\\K2\\projects\\4viewsSocial\\APIAdmin\\vendor\\laravel\\framework\\src\\Illuminate\\Database\\Connection.php:406)
[stacktrace]
#0 C:\\Users\\ADMIN\\Desktop\\K2\\projects\\4viewsSocial\\APIAdmin\\vendor\\laravel\\framework\\src\\Illuminate\\Database\\Connection.php(406): PDO->prepare('select DATE(cre...')
#1 C:\\Users\\ADMIN\\Desktop\\K2\\projects\\4viewsSocial\\APIAdmin\\vendor\\laravel\\framework\\src\\Illuminate\\Database\\Connection.php(811): Illuminate\\Database\\Connection->Illuminate\\Database\\{closure}('select DATE(cre...', Array)
#2 C:\\Users\\ADMIN\\Desktop\\K2\\projects\\4viewsSocial\\APIAdmin\\vendor\\laravel\\framework\\src\\Illuminate\\Database\\Connection.php(778): Illuminate\\Database\\Connection->runQueryCallback('select DATE(cre...', Array, Object(Closure))
#3 C:\\Users\\ADMIN\\Desktop\\K2\\projects\\4viewsSocial\\APIAdmin\\vendor\\laravel\\framework\\src\\Illuminate\\Database\\Connection.php(397): Illuminate\\Database\\Connection->run('select DATE(cre...', Array, Object(Closure))
#4 C:\\Users\\ADMIN\\Desktop\\K2\\projects\\4viewsSocial\\APIAdmin\\vendor\\laravel\\framework\\src\\Illuminate\\Database\\Query\\Builder.php(3188): Illuminate\\Database\\Connection->select('select DATE(cre...', Array, true)
#5 C:\\Users\\ADMIN\\Desktop\\K2\\projects\\4viewsSocial\\APIAdmin\\vendor\\laravel\\framework\\src\\Illuminate\\Database\\Query\\Builder.php(3446): Illuminate\\Database\\Query\\Builder->runSelect()
#6 C:\\Users\\ADMIN\\Desktop\\K2\\projects\\4viewsSocial\\APIAdmin\\vendor\\laravel\\framework\\src\\Illuminate\\Database\\Query\\Builder.php(3763): Illuminate\\Database\\Query\\Builder->Illuminate\\Database\\Query\\{closure}()
#7 C:\\Users\\ADMIN\\Desktop\\K2\\projects\\4viewsSocial\\APIAdmin\\vendor\\laravel\\framework\\src\\Illuminate\\Database\\Query\\Builder.php(3442): Illuminate\\Database\\Query\\Builder->onceWithColumns(Array, Object(Closure))
#8 C:\\Users\\ADMIN\\Desktop\\K2\\projects\\4viewsSocial\\APIAdmin\\vendor\\laravel\\framework\\src\\Illuminate\\Database\\Eloquent\\Builder.php(1082): Illuminate\\Database\\Query\\Builder->pluck('total', 'date')
#9 C:\\Users\\ADMIN\\Desktop\\K2\\projects\\4viewsSocial\\APIAdmin\\app\\Http\\Controllers\\DashboardController.php(50): Illuminate\\Database\\Eloquent\\Builder->pluck('total', 'date')
#10 C:\\Users\\ADMIN\\Desktop\\K2\\projects\\4viewsSocial\\APIAdmin\\vendor\\laravel\\framework\\src\\Illuminate\\Routing\\ControllerDispatcher.php(46): App\\Http\\Controllers\\DashboardController->chart()
#11 C:\\Users\\ADMIN\\Desktop\\K2\\projects\\4viewsSocial\\APIAdmin\\vendor\\laravel\\framework\\src\\Illuminate\\Routing\\Route.php(265): Illuminate\\Routing\\ControllerDispatcher->dispatch(Object(Illuminate\\Routing\\Route), Object(App\\Http\\Controllers\\DashboardController), 'chart')
#12 C:\\Users\\ADMIN\\Desktop\\K2\\projects\\4viewsSocial\\APIAdmin\\vendor\\laravel\\framework\\src\\Illuminate\\Routing\\Route.php(211): Illuminate\\Routing\\Route->runController()
#13 C:\\Users\\ADMIN\\Desktop\\K2\\projects\\4viewsSocial\\APIAdmin\\vendor\\laravel\\framework\\src\\Illuminate\\Routing\\Router.php(822): Illuminate\\Routing\\Route->run()
#14 C:\\Users\\ADMIN\\Desktop\\K2\\projects\\4viewsSocial\\APIAdmin\\vendor\\laravel\\framework\\src\\Illuminate\\Pipeline\\Pipeline.php(180): Illuminate\\Routing\\Router->Illuminate\\Routing\\{closure}(Object(Illuminate\\Http\\Request))
#15 C:\\Users\\ADMIN\\Desktop\\K2\\projects\\4viewsSocial\\APIAdmin\\vendor\\laravel\\framework\\src\\Illuminate\\Routing\\Middleware\\SubstituteBindings.php(50): Illuminate\\Pipeline\\Pipeline->Illuminate\\Pipeline\\{closure}(Object(Illuminate\\Http\\Request))
#16 C:\\Users\\ADMIN\\Desktop\\K2\\projects\\4viewsSocial\\APIAdmin\\vendor\\laravel\\framework\\src\\Illuminate\\Pipeline\\Pipeline.php(219): Illuminate\\Routing\\Middleware\\SubstituteBindings->handle(Object(Illuminate\\Http\\Request), Object(Closure))
#17 C:\\Users\\ADMIN\\Desktop\\K2\\projects\\4viewsSocial\\APIAdmin\\vendor\\laravel\\framework\\src\\Illuminate\\Pipeline\\Pipeline.php(137): Illuminate\\Pipeline\\Pipeline->Illuminate\\Pipeline\\{closure}(Object(Illuminate\\Http\\Request))
#18 C:\\Users\\ADMIN\\Desktop\\K2\\projects\\4viewsSocial\\APIAdmin\\vendor\\laravel\\framework\\src\\Illuminate\\Routing\\Router.php(821): Illuminate\\Pipeline\\Pipeline->then(Object(Closure))
#19 C:\\Users\\ADMIN\\Desktop\\K2\\projects\\4viewsSocial\\APIAdmin\\vendor\\laravel\\framework\\src\\Illuminate\\Routing\\Router.php(800): Illuminate\\Routing\\Router->runRouteWithinStack(Object(Illuminate\\Routing\\Route), Object(Illuminate\\Http\\Request))
#20 C:\\Users\\ADMIN\\Desktop\\K2\\projects\\4viewsSocial\\APIAdmin\\vendor\\laravel\\framework\\src\\Illuminate\\Routing\\Router.php(764): Illuminate\\Routing\\Router->runRoute(Object(Illuminate\\Http\\Request), Object(Illuminate\\Routing\\Route))
#21 C:\\Users\\ADMIN\\Desktop\\K2\\projects\\4viewsSocial\\APIAdmin\\vendor\\laravel\\framework\\src\\Illuminate\\Routing\\Router.php(753): Illuminate\\Routing\\Router->dispatchToRoute(Object(Illuminate\\Http\\Request))
#22 C:\\Users\\ADMIN\\Desktop\\K2\\projects\\4viewsSocial\\APIAdmin\\vendor\\laravel\\framework\\src\\Illuminate\\Foundation\\Http\\Kernel.php(200): Illuminate\\Routing\\Router->dispatch(Object(Illuminate\\Http\\Request))
#23 C:\\Users\\ADMIN\\Desktop\\K2\\projects\\4viewsSocial\\APIAdmin\\vendor\\laravel\\framework\\src\\Illuminate\\Pipeline\\Pipeline.php(180): Illuminate\\Foundation\\Http\\Kernel->Illuminate\\Foundation\\Http\\{closure}(Object(Illuminate\\Http\\Request))
#24 C:\\Users\\ADMIN\\Desktop\\K2\\projects\\4viewsSocial\\APIAdmin\\vendor\\laravel\\framework\\src\\Illuminate\\Foundation\\Http\\Middleware\\TransformsRequest.php(21): Illuminate\\Pipeline\\Pipeline->Illuminate\\Pipeline\\{closure}(Object(Illuminate\\Http\\Request))
#25 C:\\Users\\ADMIN\\Desktop\\K2\\projects\\4viewsSocial\\APIAdmin\\vendor\\laravel\\framework\\src\\Illuminate\\Foundation\\Http\\Middleware\\ConvertEmptyStringsToNull.php(31): Illuminate\\Foundation\\Http\\Middleware\\TransformsRequest->handle(Object(Illuminate\\Http\\Request), Object(Closure))
#26 C:\\Users\\ADMIN\\Desktop\\K2\\projects\\4viewsSocial\\APIAdmin\\vendor\\laravel\\framework\\src\\Illuminate\\Pipeline\\Pipeline.php(219): Illuminate\\Foundation\\Http\\Middleware\\ConvertEmptyStringsToNull->handle(Object(Illuminate\\Http\\Request), Object(Closure))
#27 C:\\Users\\ADMIN\\Desktop\\K2\\projects\\4viewsSocial\\APIAdmin\\vendor\\laravel\\framework\\src\\Illuminate\\Foundation\\Http\\Middleware\\TransformsRequest.php(21): Illuminate\\Pipeline\\Pipeline->Illuminate\\Pipeline\\{closure}(Object(Illuminate\\Http\\Request))
#28 C:\\Users\\ADMIN\\Desktop\\K2\\projects\\4viewsSocial\\APIAdmin\\vendor\\laravel\\framework\\src\\Illuminate\\Foundation\\Http\\Middleware\\TrimStrings.php(51): Illuminate\\Foundation\\Http\\Middleware\\TransformsRequest->handle(Object(Illuminate\\Http\\Request), Object(Closure))
#29 C:\\Users\\ADMIN\\Desktop\\K2\\projects\\4viewsSocial\\APIAdmin\\vendor\\laravel\\framework\\src\\Illuminate\\Pipeline\\Pipeline.php(219): Illuminate\\Foundation\\Http\\Middleware\\TrimStrings->handle(Object(Illuminate\\Http\\Request), Object(Closure))
#30 C:\\Users\\ADMIN\\Desktop\\K2\\projects\\4viewsSocial\\APIAdmin\\vendor\\laravel\\framework\\src\\Illuminate\\Http\\Middleware\\ValidatePostSize.php(27): Illuminate\\Pipeline\\Pipeline->Illuminate\\Pipeline\\{closure}(Object(Illuminate\\Http\\Request))
#31 C:\\Users\\ADMIN\\Desktop\\K2\\projects\\4viewsSocial\\APIAdmin\\vendor\\laravel\\framework\\src\\Illuminate\\Pipeline\\Pipeline.php(219): Illuminate\\Http\\Middleware\\ValidatePostSize->handle(Object(Illuminate\\Http\\Request), Object(Closure))
#32 C:\\Users\\ADMIN\\Desktop\\K2\\projects\\4viewsSocial\\APIAdmin\\vendor\\laravel\\framework\\src\\Illuminate\\Foundation\\Http\\Middleware\\PreventRequestsDuringMaintenance.php(109): Illuminate\\Pipeline\\Pipeline->Illuminate\\Pipeline\\{closure}(Object(Illuminate\\Http\\Request))
#33 C:\\Users\\ADMIN\\Desktop\\K2\\projects\\4viewsSocial\\APIAdmin\\vendor\\laravel\\framework\\src\\Illuminate\\Pipeline\\Pipeline.php(219): Illuminate\\Foundation\\Http\\Middleware\\PreventRequestsDuringMaintenance->handle(Object(Illuminate\\Http\\Request), Object(Closure))
#34 C:\\Users\\ADMIN\\Desktop\\K2\\projects\\4viewsSocial\\APIAdmin\\vendor\\laravel\\framework\\src\\Illuminate\\Http\\Middleware\\HandleCors.php(61): Illuminate\\Pipeline\\Pipeline->Illuminate\\Pipeline\\{closure}(Object(Illuminate\\Http\\Request))
#35 C:\\Users\\ADMIN\\Desktop\\K2\\projects\\4viewsSocial\\APIAdmin\\vendor\\laravel\\framework\\src\\Illuminate\\Pipeline\\Pipeline.php(219): Illuminate\\Http\\Middleware\\HandleCors->handle(Object(Illuminate\\Http\\Request), Object(Closure))
#36 C:\\Users\\ADMIN\\Desktop\\K2\\projects\\4viewsSocial\\APIAdmin\\vendor\\laravel\\framework\\src\\Illuminate\\Http\\Middleware\\TrustProxies.php(58): Illuminate\\Pipeline\\Pipeline->Illuminate\\Pipeline\\{closure}(Object(Illuminate\\Http\\Request))
#37 C:\\Users\\ADMIN\\Desktop\\K2\\projects\\4viewsSocial\\APIAdmin\\vendor\\laravel\\framework\\src\\Illuminate\\Pipeline\\Pipeline.php(219): Illuminate\\Http\\Middleware\\TrustProxies->handle(Object(Illuminate\\Http\\Request), Object(Closure))
#38 C:\\Users\\ADMIN\\Desktop\\K2\\projects\\4viewsSocial\\APIAdmin\\vendor\\laravel\\framework\\src\\Illuminate\\Foundation\\Http\\Middleware\\InvokeDeferredCallbacks.php(22): Illuminate\\Pipeline\\Pipeline->Illuminate\\Pipeline\\{closure}(Object(Illuminate\\Http\\Request))
#39 C:\\Users\\ADMIN\\Desktop\\K2\\projects\\4viewsSocial\\APIAdmin\\vendor\\laravel\\framework\\src\\Illuminate\\Pipeline\\Pipeline.php(219): Illuminate\\Foundation\\Http\\Middleware\\InvokeDeferredCallbacks->handle(Object(Illuminate\\Http\\Request), Object(Closure))
#40 C:\\Users\\ADMIN\\Desktop\\K2\\projects\\4viewsSocial\\APIAdmin\\vendor\\laravel\\framework\\src\\Illuminate\\Http\\Middleware\\ValidatePathEncoding.php(26): Illuminate\\Pipeline\\Pipeline->Illuminate\\Pipeline\\{closure}(Object(Illuminate\\Http\\Request))
#41 C:\\Users\\ADMIN\\Desktop\\K2\\projects\\4viewsSocial\\APIAdmin\\vendor\\laravel\\framework\\src\\Illuminate\\Pipeline\\Pipeline.php(219): Illuminate\\Http\\Middleware\\ValidatePathEncoding->handle(Object(Illuminate\\Http\\Request), Object(Closure))
#42 C:\\Users\\ADMIN\\Desktop\\K2\\projects\\4viewsSocial\\APIAdmin\\vendor\\laravel\\framework\\src\\Illuminate\\Pipeline\\Pipeline.php(137): Illuminate\\Pipeline\\Pipeline->Illuminate\\Pipeline\\{closure}(Object(Illuminate\\Http\\Request))
#43 C:\\Users\\ADMIN\\Desktop\\K2\\projects\\4viewsSocial\\APIAdmin\\vendor\\laravel\\framework\\src\\Illuminate\\Foundation\\Http\\Kernel.php(175): Illuminate\\Pipeline\\Pipeline->then(Object(Closure))
#44 C:\\Users\\ADMIN\\Desktop\\K2\\projects\\4viewsSocial\\APIAdmin\\vendor\\laravel\\framework\\src\\Illuminate\\Foundation\\Http\\Kernel.php(144): Illuminate\\Foundation\\Http\\Kernel->sendRequestThroughRouter(Object(Illuminate\\Http\\Request))
#45 C:\\Users\\ADMIN\\Desktop\\K2\\projects\\4viewsSocial\\APIAdmin\\vendor\\laravel\\framework\\src\\Illuminate\\Foundation\\Application.php(1220): Illuminate\\Foundation\\Http\\Kernel->handle(Object(Illuminate\\Http\\Request))
#46 C:\\Users\\ADMIN\\Desktop\\K2\\projects\\4viewsSocial\\APIAdmin\\public\\index.php(20): Illuminate\\Foundation\\Application->handleRequest(Object(Illuminate\\Http\\Request))
#47 C:\\Users\\ADMIN\\Desktop\\K2\\projects\\4viewsSocial\\APIAdmin\\vendor\\laravel\\framework\\src\\Illuminate\\Foundation\\resources\\server.php(23): require_once('C:\\\\Users\\\\ADMIN\\\\...')
#48 {main}
"} 
[2026-01-04 04:17:16] local.ERROR: SQLSTATE[42S22]: Column not found: 1054 Unknown column 'created_date' in 'field list' (Connection: mysql, SQL: select DATE(created_date) as date, COUNT(*) as total from `users` where date(`created_date`) >= 2025-12-29 group by `date`) {"exception":"[object] (Illuminate\\Database\\QueryException(code: 42S22): SQLSTATE[42S22]: Column not found: 1054 Unknown column 'created_date' in 'field list' (Connection: mysql, SQL: select DATE(created_date) as date, COUNT(*) as total from `users` where date(`created_date`) >= 2025-12-29 group by `date`) at C:\\Users\\ADMIN\\Desktop\\K2\\projects\\4viewsSocial\\APIAdmin\\vendor\\laravel\\framework\\src\\Illuminate\\Database\\Connection.php:824)
[stacktrace]
#0 C:\\Users\\ADMIN\\Desktop\\K2\\projects\\4viewsSocial\\APIAdmin\\vendor\\laravel\\framework\\src\\Illuminate\\Database\\Connection.php(778): Illuminate\\Database\\Connection->runQueryCallback('select DATE(cre...', Array, Object(Closure))
#1 C:\\Users\\ADMIN\\Desktop\\K2\\projects\\4viewsSocial\\APIAdmin\\vendor\\laravel\\framework\\src\\Illuminate\\Database\\Connection.php(397): Illuminate\\Database\\Connection->run('select DATE(cre...', Array, Object(Closure))
#2 C:\\Users\\ADMIN\\Desktop\\K2\\projects\\4viewsSocial\\APIAdmin\\vendor\\laravel\\framework\\src\\Illuminate\\Database\\Query\\Builder.php(3188): Illuminate\\Database\\Connection->select('select DATE(cre...', Array, true)
#3 C:\\Users\\ADMIN\\Desktop\\K2\\projects\\4viewsSocial\\APIAdmin\\vendor\\laravel\\framework\\src\\Illuminate\\Database\\Query\\Builder.php(3446): Illuminate\\Database\\Query\\Builder->runSelect()
#4 C:\\Users\\ADMIN\\Desktop\\K2\\projects\\4viewsSocial\\APIAdmin\\vendor\\laravel\\framework\\src\\Illuminate\\Database\\Query\\Builder.php(3763): Illuminate\\Database\\Query\\Builder->Illuminate\\Database\\Query\\{closure}()
#5 C:\\Users\\ADMIN\\Desktop\\K2\\projects\\4viewsSocial\\APIAdmin\\vendor\\laravel\\framework\\src\\Illuminate\\Database\\Query\\Builder.php(3442): Illuminate\\Database\\Query\\Builder->onceWithColumns(Array, Object(Closure))
#6 C:\\Users\\ADMIN\\Desktop\\K2\\projects\\4viewsSocial\\APIAdmin\\vendor\\laravel\\framework\\src\\Illuminate\\Database\\Eloquent\\Builder.php(1082): Illuminate\\Database\\Query\\Builder->pluck('total', 'date')
#7 C:\\Users\\ADMIN\\Desktop\\K2\\projects\\4viewsSocial\\APIAdmin\\app\\Http\\Controllers\\DashboardController.php(50): Illuminate\\Database\\Eloquent\\Builder->pluck('total', 'date')
#8 C:\\Users\\ADMIN\\Desktop\\K2\\projects\\4viewsSocial\\APIAdmin\\vendor\\laravel\\framework\\src\\Illuminate\\Routing\\ControllerDispatcher.php(46): App\\Http\\Controllers\\DashboardController->chart()
#9 C:\\Users\\ADMIN\\Desktop\\K2\\projects\\4viewsSocial\\APIAdmin\\vendor\\laravel\\framework\\src\\Illuminate\\Routing\\Route.php(265): Illuminate\\Routing\\ControllerDispatcher->dispatch(Object(Illuminate\\Routing\\Route), Object(App\\Http\\Controllers\\DashboardController), 'chart')
#10 C:\\Users\\ADMIN\\Desktop\\K2\\projects\\4viewsSocial\\APIAdmin\\vendor\\laravel\\framework\\src\\Illuminate\\Routing\\Route.php(211): Illuminate\\Routing\\Route->runController()
#11 C:\\Users\\ADMIN\\Desktop\\K2\\projects\\4viewsSocial\\APIAdmin\\vendor\\laravel\\framework\\src\\Illuminate\\Routing\\Router.php(822): Illuminate\\Routing\\Route->run()
#12 C:\\Users\\ADMIN\\Desktop\\K2\\projects\\4viewsSocial\\APIAdmin\\vendor\\laravel\\framework\\src\\Illuminate\\Pipeline\\Pipeline.php(180): Illuminate\\Routing\\Router->Illuminate\\Routing\\{closure}(Object(Illuminate\\Http\\Request))
#13 C:\\Users\\ADMIN\\Desktop\\K2\\projects\\4viewsSocial\\APIAdmin\\vendor\\laravel\\framework\\src\\Illuminate\\Routing\\Middleware\\SubstituteBindings.php(50): Illuminate\\Pipeline\\Pipeline->Illuminate\\Pipeline\\{closure}(Object(Illuminate\\Http\\Request))
#14 C:\\Users\\ADMIN\\Desktop\\K2\\projects\\4viewsSocial\\APIAdmin\\vendor\\laravel\\framework\\src\\Illuminate\\Pipeline\\Pipeline.php(219): Illuminate\\Routing\\Middleware\\SubstituteBindings->handle(Object(Illuminate\\Http\\Request), Object(Closure))
#15 C:\\Users\\ADMIN\\Desktop\\K2\\projects\\4viewsSocial\\APIAdmin\\vendor\\laravel\\framework\\src\\Illuminate\\Pipeline\\Pipeline.php(137): Illuminate\\Pipeline\\Pipeline->Illuminate\\Pipeline\\{closure}(Object(Illuminate\\Http\\Request))
#16 C:\\Users\\ADMIN\\Desktop\\K2\\projects\\4viewsSocial\\APIAdmin\\vendor\\laravel\\framework\\src\\Illuminate\\Routing\\Router.php(821): Illuminate\\Pipeline\\Pipeline->then(Object(Closure))
#17 C:\\Users\\ADMIN\\Desktop\\K2\\projects\\4viewsSocial\\APIAdmin\\vendor\\laravel\\framework\\src\\Illuminate\\Routing\\Router.php(800): Illuminate\\Routing\\Router->runRouteWithinStack(Object(Illuminate\\Routing\\Route), Object(Illuminate\\Http\\Request))
#18 C:\\Users\\ADMIN\\Desktop\\K2\\projects\\4viewsSocial\\APIAdmin\\vendor\\laravel\\framework\\src\\Illuminate\\Routing\\Router.php(764): Illuminate\\Routing\\Router->runRoute(Object(Illuminate\\Http\\Request), Object(Illuminate\\Routing\\Route))
#19 C:\\Users\\ADMIN\\Desktop\\K2\\projects\\4viewsSocial\\APIAdmin\\vendor\\laravel\\framework\\src\\Illuminate\\Routing\\Router.php(753): Illuminate\\Routing\\Router->dispatchToRoute(Object(Illuminate\\Http\\Request))
#20 C:\\Users\\ADMIN\\Desktop\\K2\\projects\\4viewsSocial\\APIAdmin\\vendor\\laravel\\framework\\src\\Illuminate\\Foundation\\Http\\Kernel.php(200): Illuminate\\Routing\\Router->dispatch(Object(Illuminate\\Http\\Request))
#21 C:\\Users\\ADMIN\\Desktop\\K2\\projects\\4viewsSocial\\APIAdmin\\vendor\\laravel\\framework\\src\\Illuminate\\Pipeline\\Pipeline.php(180): Illuminate\\Foundation\\Http\\Kernel->Illuminate\\Foundation\\Http\\{closure}(Object(Illuminate\\Http\\Request))
#22 C:\\Users\\ADMIN\\Desktop\\K2\\projects\\4viewsSocial\\APIAdmin\\vendor\\laravel\\framework\\src\\Illuminate\\Foundation\\Http\\Middleware\\TransformsRequest.php(21): Illuminate\\Pipeline\\Pipeline->Illuminate\\Pipeline\\{closure}(Object(Illuminate\\Http\\Request))
#23 C:\\Users\\ADMIN\\Desktop\\K2\\projects\\4viewsSocial\\APIAdmin\\vendor\\laravel\\framework\\src\\Illuminate\\Foundation\\Http\\Middleware\\ConvertEmptyStringsToNull.php(31): Illuminate\\Foundation\\Http\\Middleware\\TransformsRequest->handle(Object(Illuminate\\Http\\Request), Object(Closure))
#24 C:\\Users\\ADMIN\\Desktop\\K2\\projects\\4viewsSocial\\APIAdmin\\vendor\\laravel\\framework\\src\\Illuminate\\Pipeline\\Pipeline.php(219): Illuminate\\Foundation\\Http\\Middleware\\ConvertEmptyStringsToNull->handle(Object(Illuminate\\Http\\Request), Object(Closure))
#25 C:\\Users\\ADMIN\\Desktop\\K2\\projects\\4viewsSocial\\APIAdmin\\vendor\\laravel\\framework\\src\\Illuminate\\Foundation\\Http\\Middleware\\TransformsRequest.php(21): Illuminate\\Pipeline\\Pipeline->Illuminate\\Pipeline\\{closure}(Object(Illuminate\\Http\\Request))
#26 C:\\Users\\ADMIN\\Desktop\\K2\\projects\\4viewsSocial\\APIAdmin\\vendor\\laravel\\framework\\src\\Illuminate\\Foundation\\Http\\Middleware\\TrimStrings.php(51): Illuminate\\Foundation\\Http\\Middleware\\TransformsRequest->handle(Object(Illuminate\\Http\\Request), Object(Closure))
#27 C:\\Users\\ADMIN\\Desktop\\K2\\projects\\4viewsSocial\\APIAdmin\\vendor\\laravel\\framework\\src\\Illuminate\\Pipeline\\Pipeline.php(219): Illuminate\\Foundation\\Http\\Middleware\\TrimStrings->handle(Object(Illuminate\\Http\\Request), Object(Closure))
#28 C:\\Users\\ADMIN\\Desktop\\K2\\projects\\4viewsSocial\\APIAdmin\\vendor\\laravel\\framework\\src\\Illuminate\\Http\\Middleware\\ValidatePostSize.php(27): Illuminate\\Pipeline\\Pipeline->Illuminate\\Pipeline\\{closure}(Object(Illuminate\\Http\\Request))
#29 C:\\Users\\ADMIN\\Desktop\\K2\\projects\\4viewsSocial\\APIAdmin\\vendor\\laravel\\framework\\src\\Illuminate\\Pipeline\\Pipeline.php(219): Illuminate\\Http\\Middleware\\ValidatePostSize->handle(Object(Illuminate\\Http\\Request), Object(Closure))
#30 C:\\Users\\ADMIN\\Desktop\\K2\\projects\\4viewsSocial\\APIAdmin\\vendor\\laravel\\framework\\src\\Illuminate\\Foundation\\Http\\Middleware\\PreventRequestsDuringMaintenance.php(109): Illuminate\\Pipeline\\Pipeline->Illuminate\\Pipeline\\{closure}(Object(Illuminate\\Http\\Request))
#31 C:\\Users\\ADMIN\\Desktop\\K2\\projects\\4viewsSocial\\APIAdmin\\vendor\\laravel\\framework\\src\\Illuminate\\Pipeline\\Pipeline.php(219): Illuminate\\Foundation\\Http\\Middleware\\PreventRequestsDuringMaintenance->handle(Object(Illuminate\\Http\\Request), Object(Closure))
#32 C:\\Users\\ADMIN\\Desktop\\K2\\projects\\4viewsSocial\\APIAdmin\\vendor\\laravel\\framework\\src\\Illuminate\\Http\\Middleware\\HandleCors.php(61): Illuminate\\Pipeline\\Pipeline->Illuminate\\Pipeline\\{closure}(Object(Illuminate\\Http\\Request))
#33 C:\\Users\\ADMIN\\Desktop\\K2\\projects\\4viewsSocial\\APIAdmin\\vendor\\laravel\\framework\\src\\Illuminate\\Pipeline\\Pipeline.php(219): Illuminate\\Http\\Middleware\\HandleCors->handle(Object(Illuminate\\Http\\Request), Object(Closure))
#34 C:\\Users\\ADMIN\\Desktop\\K2\\projects\\4viewsSocial\\APIAdmin\\vendor\\laravel\\framework\\src\\Illuminate\\Http\\Middleware\\TrustProxies.php(58): Illuminate\\Pipeline\\Pipeline->Illuminate\\Pipeline\\{closure}(Object(Illuminate\\Http\\Request))
#35 C:\\Users\\ADMIN\\Desktop\\K2\\projects\\4viewsSocial\\APIAdmin\\vendor\\laravel\\framework\\src\\Illuminate\\Pipeline\\Pipeline.php(219): Illuminate\\Http\\Middleware\\TrustProxies->handle(Object(Illuminate\\Http\\Request), Object(Closure))
#36 C:\\Users\\ADMIN\\Desktop\\K2\\projects\\4viewsSocial\\APIAdmin\\vendor\\laravel\\framework\\src\\Illuminate\\Foundation\\Http\\Middleware\\InvokeDeferredCallbacks.php(22): Illuminate\\Pipeline\\Pipeline->Illuminate\\Pipeline\\{closure}(Object(Illuminate\\Http\\Request))
#37 C:\\Users\\ADMIN\\Desktop\\K2\\projects\\4viewsSocial\\APIAdmin\\vendor\\laravel\\framework\\src\\Illuminate\\Pipeline\\Pipeline.php(219): Illuminate\\Foundation\\Http\\Middleware\\InvokeDeferredCallbacks->handle(Object(Illuminate\\Http\\Request), Object(Closure))
#38 C:\\Users\\ADMIN\\Desktop\\K2\\projects\\4viewsSocial\\APIAdmin\\vendor\\laravel\\framework\\src\\Illuminate\\Http\\Middleware\\ValidatePathEncoding.php(26): Illuminate\\Pipeline\\Pipeline->Illuminate\\Pipeline\\{closure}(Object(Illuminate\\Http\\Request))
#39 C:\\Users\\ADMIN\\Desktop\\K2\\projects\\4viewsSocial\\APIAdmin\\vendor\\laravel\\framework\\src\\Illuminate\\Pipeline\\Pipeline.php(219): Illuminate\\Http\\Middleware\\ValidatePathEncoding->handle(Object(Illuminate\\Http\\Request), Object(Closure))
#40 C:\\Users\\ADMIN\\Desktop\\K2\\projects\\4viewsSocial\\APIAdmin\\vendor\\laravel\\framework\\src\\Illuminate\\Pipeline\\Pipeline.php(137): Illuminate\\Pipeline\\Pipeline->Illuminate\\Pipeline\\{closure}(Object(Illuminate\\Http\\Request))
#41 C:\\Users\\ADMIN\\Desktop\\K2\\projects\\4viewsSocial\\APIAdmin\\vendor\\laravel\\framework\\src\\Illuminate\\Foundation\\Http\\Kernel.php(175): Illuminate\\Pipeline\\Pipeline->then(Object(Closure))
#42 C:\\Users\\ADMIN\\Desktop\\K2\\projects\\4viewsSocial\\APIAdmin\\vendor\\laravel\\framework\\src\\Illuminate\\Foundation\\Http\\Kernel.php(144): Illuminate\\Foundation\\Http\\Kernel->sendRequestThroughRouter(Object(Illuminate\\Http\\Request))
#43 C:\\Users\\ADMIN\\Desktop\\K2\\projects\\4viewsSocial\\APIAdmin\\vendor\\laravel\\framework\\src\\Illuminate\\Foundation\\Application.php(1220): Illuminate\\Foundation\\Http\\Kernel->handle(Object(Illuminate\\Http\\Request))
#44 C:\\Users\\ADMIN\\Desktop\\K2\\projects\\4viewsSocial\\APIAdmin\\public\\index.php(20): Illuminate\\Foundation\\Application->handleRequest(Object(Illuminate\\Http\\Request))
#45 C:\\Users\\ADMIN\\Desktop\\K2\\projects\\4viewsSocial\\APIAdmin\\vendor\\laravel\\framework\\src\\Illuminate\\Foundation\\resources\\server.php(23): require_once('C:\\\\Users\\\\ADMIN\\\\...')
#46 {main}

[previous exception] [object] (PDOException(code: 42S22): SQLSTATE[42S22]: Column not found: 1054 Unknown column 'created_date' in 'field list' at C:\\Users\\ADMIN\\Desktop\\K2\\projects\\4viewsSocial\\APIAdmin\\vendor\\laravel\\framework\\src\\Illuminate\\Database\\Connection.php:406)
[stacktrace]
#0 C:\\Users\\ADMIN\\Desktop\\K2\\projects\\4viewsSocial\\APIAdmin\\vendor\\laravel\\framework\\src\\Illuminate\\Database\\Connection.php(406): PDO->prepare('select DATE(cre...')
#1 C:\\Users\\ADMIN\\Desktop\\K2\\projects\\4viewsSocial\\APIAdmin\\vendor\\laravel\\framework\\src\\Illuminate\\Database\\Connection.php(811): Illuminate\\Database\\Connection->Illuminate\\Database\\{closure}('select DATE(cre...', Array)
#2 C:\\Users\\ADMIN\\Desktop\\K2\\projects\\4viewsSocial\\APIAdmin\\vendor\\laravel\\framework\\src\\Illuminate\\Database\\Connection.php(778): Illuminate\\Database\\Connection->runQueryCallback('select DATE(cre...', Array, Object(Closure))
#3 C:\\Users\\ADMIN\\Desktop\\K2\\projects\\4viewsSocial\\APIAdmin\\vendor\\laravel\\framework\\src\\Illuminate\\Database\\Connection.php(397): Illuminate\\Database\\Connection->run('select DATE(cre...', Array, Object(Closure))
#4 C:\\Users\\ADMIN\\Desktop\\K2\\projects\\4viewsSocial\\APIAdmin\\vendor\\laravel\\framework\\src\\Illuminate\\Database\\Query\\Builder.php(3188): Illuminate\\Database\\Connection->select('select DATE(cre...', Array, true)
#5 C:\\Users\\ADMIN\\Desktop\\K2\\projects\\4viewsSocial\\APIAdmin\\vendor\\laravel\\framework\\src\\Illuminate\\Database\\Query\\Builder.php(3446): Illuminate\\Database\\Query\\Builder->runSelect()
#6 C:\\Users\\ADMIN\\Desktop\\K2\\projects\\4viewsSocial\\APIAdmin\\vendor\\laravel\\framework\\src\\Illuminate\\Database\\Query\\Builder.php(3763): Illuminate\\Database\\Query\\Builder->Illuminate\\Database\\Query\\{closure}()
#7 C:\\Users\\ADMIN\\Desktop\\K2\\projects\\4viewsSocial\\APIAdmin\\vendor\\laravel\\framework\\src\\Illuminate\\Database\\Query\\Builder.php(3442): Illuminate\\Database\\Query\\Builder->onceWithColumns(Array, Object(Closure))
#8 C:\\Users\\ADMIN\\Desktop\\K2\\projects\\4viewsSocial\\APIAdmin\\vendor\\laravel\\framework\\src\\Illuminate\\Database\\Eloquent\\Builder.php(1082): Illuminate\\Database\\Query\\Builder->pluck('total', 'date')
#9 C:\\Users\\ADMIN\\Desktop\\K2\\projects\\4viewsSocial\\APIAdmin\\app\\Http\\Controllers\\DashboardController.php(50): Illuminate\\Database\\Eloquent\\Builder->pluck('total', 'date')
#10 C:\\Users\\ADMIN\\Desktop\\K2\\projects\\4viewsSocial\\APIAdmin\\vendor\\laravel\\framework\\src\\Illuminate\\Routing\\ControllerDispatcher.php(46): App\\Http\\Controllers\\DashboardController->chart()
#11 C:\\Users\\ADMIN\\Desktop\\K2\\projects\\4viewsSocial\\APIAdmin\\vendor\\laravel\\framework\\src\\Illuminate\\Routing\\Route.php(265): Illuminate\\Routing\\ControllerDispatcher->dispatch(Object(Illuminate\\Routing\\Route), Object(App\\Http\\Controllers\\DashboardController), 'chart')
#12 C:\\Users\\ADMIN\\Desktop\\K2\\projects\\4viewsSocial\\APIAdmin\\vendor\\laravel\\framework\\src\\Illuminate\\Routing\\Route.php(211): Illuminate\\Routing\\Route->runController()
#13 C:\\Users\\ADMIN\\Desktop\\K2\\projects\\4viewsSocial\\APIAdmin\\vendor\\laravel\\framework\\src\\Illuminate\\Routing\\Router.php(822): Illuminate\\Routing\\Route->run()
#14 C:\\Users\\ADMIN\\Desktop\\K2\\projects\\4viewsSocial\\APIAdmin\\vendor\\laravel\\framework\\src\\Illuminate\\Pipeline\\Pipeline.php(180): Illuminate\\Routing\\Router->Illuminate\\Routing\\{closure}(Object(Illuminate\\Http\\Request))
#15 C:\\Users\\ADMIN\\Desktop\\K2\\projects\\4viewsSocial\\APIAdmin\\vendor\\laravel\\framework\\src\\Illuminate\\Routing\\Middleware\\SubstituteBindings.php(50): Illuminate\\Pipeline\\Pipeline->Illuminate\\Pipeline\\{closure}(Object(Illuminate\\Http\\Request))
#16 C:\\Users\\ADMIN\\Desktop\\K2\\projects\\4viewsSocial\\APIAdmin\\vendor\\laravel\\framework\\src\\Illuminate\\Pipeline\\Pipeline.php(219): Illuminate\\Routing\\Middleware\\SubstituteBindings->handle(Object(Illuminate\\Http\\Request), Object(Closure))
#17 C:\\Users\\ADMIN\\Desktop\\K2\\projects\\4viewsSocial\\APIAdmin\\vendor\\laravel\\framework\\src\\Illuminate\\Pipeline\\Pipeline.php(137): Illuminate\\Pipeline\\Pipeline->Illuminate\\Pipeline\\{closure}(Object(Illuminate\\Http\\Request))
#18 C:\\Users\\ADMIN\\Desktop\\K2\\projects\\4viewsSocial\\APIAdmin\\vendor\\laravel\\framework\\src\\Illuminate\\Routing\\Router.php(821): Illuminate\\Pipeline\\Pipeline->then(Object(Closure))
#19 C:\\Users\\ADMIN\\Desktop\\K2\\projects\\4viewsSocial\\APIAdmin\\vendor\\laravel\\framework\\src\\Illuminate\\Routing\\Router.php(800): Illuminate\\Routing\\Router->runRouteWithinStack(Object(Illuminate\\Routing\\Route), Object(Illuminate\\Http\\Request))
#20 C:\\Users\\ADMIN\\Desktop\\K2\\projects\\4viewsSocial\\APIAdmin\\vendor\\laravel\\framework\\src\\Illuminate\\Routing\\Router.php(764): Illuminate\\Routing\\Router->runRoute(Object(Illuminate\\Http\\Request), Object(Illuminate\\Routing\\Route))
#21 C:\\Users\\ADMIN\\Desktop\\K2\\projects\\4viewsSocial\\APIAdmin\\vendor\\laravel\\framework\\src\\Illuminate\\Routing\\Router.php(753): Illuminate\\Routing\\Router->dispatchToRoute(Object(Illuminate\\Http\\Request))
#22 C:\\Users\\ADMIN\\Desktop\\K2\\projects\\4viewsSocial\\APIAdmin\\vendor\\laravel\\framework\\src\\Illuminate\\Foundation\\Http\\Kernel.php(200): Illuminate\\Routing\\Router->dispatch(Object(Illuminate\\Http\\Request))
#23 C:\\Users\\ADMIN\\Desktop\\K2\\projects\\4viewsSocial\\APIAdmin\\vendor\\laravel\\framework\\src\\Illuminate\\Pipeline\\Pipeline.php(180): Illuminate\\Foundation\\Http\\Kernel->Illuminate\\Foundation\\Http\\{closure}(Object(Illuminate\\Http\\Request))
#24 C:\\Users\\ADMIN\\Desktop\\K2\\projects\\4viewsSocial\\APIAdmin\\vendor\\laravel\\framework\\src\\Illuminate\\Foundation\\Http\\Middleware\\TransformsRequest.php(21): Illuminate\\Pipeline\\Pipeline->Illuminate\\Pipeline\\{closure}(Object(Illuminate\\Http\\Request))
#25 C:\\Users\\ADMIN\\Desktop\\K2\\projects\\4viewsSocial\\APIAdmin\\vendor\\laravel\\framework\\src\\Illuminate\\Foundation\\Http\\Middleware\\ConvertEmptyStringsToNull.php(31): Illuminate\\Foundation\\Http\\Middleware\\TransformsRequest->handle(Object(Illuminate\\Http\\Request), Object(Closure))
#26 C:\\Users\\ADMIN\\Desktop\\K2\\projects\\4viewsSocial\\APIAdmin\\vendor\\laravel\\framework\\src\\Illuminate\\Pipeline\\Pipeline.php(219): Illuminate\\Foundation\\Http\\Middleware\\ConvertEmptyStringsToNull->handle(Object(Illuminate\\Http\\Request), Object(Closure))
#27 C:\\Users\\ADMIN\\Desktop\\K2\\projects\\4viewsSocial\\APIAdmin\\vendor\\laravel\\framework\\src\\Illuminate\\Foundation\\Http\\Middleware\\TransformsRequest.php(21): Illuminate\\Pipeline\\Pipeline->Illuminate\\Pipeline\\{closure}(Object(Illuminate\\Http\\Request))
#28 C:\\Users\\ADMIN\\Desktop\\K2\\projects\\4viewsSocial\\APIAdmin\\vendor\\laravel\\framework\\src\\Illuminate\\Foundation\\Http\\Middleware\\TrimStrings.php(51): Illuminate\\Foundation\\Http\\Middleware\\TransformsRequest->handle(Object(Illuminate\\Http\\Request), Object(Closure))
#29 C:\\Users\\ADMIN\\Desktop\\K2\\projects\\4viewsSocial\\APIAdmin\\vendor\\laravel\\framework\\src\\Illuminate\\Pipeline\\Pipeline.php(219): Illuminate\\Foundation\\Http\\Middleware\\TrimStrings->handle(Object(Illuminate\\Http\\Request), Object(Closure))
#30 C:\\Users\\ADMIN\\Desktop\\K2\\projects\\4viewsSocial\\APIAdmin\\vendor\\laravel\\framework\\src\\Illuminate\\Http\\Middleware\\ValidatePostSize.php(27): Illuminate\\Pipeline\\Pipeline->Illuminate\\Pipeline\\{closure}(Object(Illuminate\\Http\\Request))
#31 C:\\Users\\ADMIN\\Desktop\\K2\\projects\\4viewsSocial\\APIAdmin\\vendor\\laravel\\framework\\src\\Illuminate\\Pipeline\\Pipeline.php(219): Illuminate\\Http\\Middleware\\ValidatePostSize->handle(Object(Illuminate\\Http\\Request), Object(Closure))
#32 C:\\Users\\ADMIN\\Desktop\\K2\\projects\\4viewsSocial\\APIAdmin\\vendor\\laravel\\framework\\src\\Illuminate\\Foundation\\Http\\Middleware\\PreventRequestsDuringMaintenance.php(109): Illuminate\\Pipeline\\Pipeline->Illuminate\\Pipeline\\{closure}(Object(Illuminate\\Http\\Request))
#33 C:\\Users\\ADMIN\\Desktop\\K2\\projects\\4viewsSocial\\APIAdmin\\vendor\\laravel\\framework\\src\\Illuminate\\Pipeline\\Pipeline.php(219): Illuminate\\Foundation\\Http\\Middleware\\PreventRequestsDuringMaintenance->handle(Object(Illuminate\\Http\\Request), Object(Closure))
#34 C:\\Users\\ADMIN\\Desktop\\K2\\projects\\4viewsSocial\\APIAdmin\\vendor\\laravel\\framework\\src\\Illuminate\\Http\\Middleware\\HandleCors.php(61): Illuminate\\Pipeline\\Pipeline->Illuminate\\Pipeline\\{closure}(Object(Illuminate\\Http\\Request))
#35 C:\\Users\\ADMIN\\Desktop\\K2\\projects\\4viewsSocial\\APIAdmin\\vendor\\laravel\\framework\\src\\Illuminate\\Pipeline\\Pipeline.php(219): Illuminate\\Http\\Middleware\\HandleCors->handle(Object(Illuminate\\Http\\Request), Object(Closure))
#36 C:\\Users\\ADMIN\\Desktop\\K2\\projects\\4viewsSocial\\APIAdmin\\vendor\\laravel\\framework\\src\\Illuminate\\Http\\Middleware\\TrustProxies.php(58): Illuminate\\Pipeline\\Pipeline->Illuminate\\Pipeline\\{closure}(Object(Illuminate\\Http\\Request))
#37 C:\\Users\\ADMIN\\Desktop\\K2\\projects\\4viewsSocial\\APIAdmin\\vendor\\laravel\\framework\\src\\Illuminate\\Pipeline\\Pipeline.php(219): Illuminate\\Http\\Middleware\\TrustProxies->handle(Object(Illuminate\\Http\\Request), Object(Closure))
#38 C:\\Users\\ADMIN\\Desktop\\K2\\projects\\4viewsSocial\\APIAdmin\\vendor\\laravel\\framework\\src\\Illuminate\\Foundation\\Http\\Middleware\\InvokeDeferredCallbacks.php(22): Illuminate\\Pipeline\\Pipeline->Illuminate\\Pipeline\\{closure}(Object(Illuminate\\Http\\Request))
#39 C:\\Users\\ADMIN\\Desktop\\K2\\projects\\4viewsSocial\\APIAdmin\\vendor\\laravel\\framework\\src\\Illuminate\\Pipeline\\Pipeline.php(219): Illuminate\\Foundation\\Http\\Middleware\\InvokeDeferredCallbacks->handle(Object(Illuminate\\Http\\Request), Object(Closure))
#40 C:\\Users\\ADMIN\\Desktop\\K2\\projects\\4viewsSocial\\APIAdmin\\vendor\\laravel\\framework\\src\\Illuminate\\Http\\Middleware\\ValidatePathEncoding.php(26): Illuminate\\Pipeline\\Pipeline->Illuminate\\Pipeline\\{closure}(Object(Illuminate\\Http\\Request))
#41 C:\\Users\\ADMIN\\Desktop\\K2\\projects\\4viewsSocial\\APIAdmin\\vendor\\laravel\\framework\\src\\Illuminate\\Pipeline\\Pipeline.php(219): Illuminate\\Http\\Middleware\\ValidatePathEncoding->handle(Object(Illuminate\\Http\\Request), Object(Closure))
#42 C:\\Users\\ADMIN\\Desktop\\K2\\projects\\4viewsSocial\\APIAdmin\\vendor\\laravel\\framework\\src\\Illuminate\\Pipeline\\Pipeline.php(137): Illuminate\\Pipeline\\Pipeline->Illuminate\\Pipeline\\{closure}(Object(Illuminate\\Http\\Request))
#43 C:\\Users\\ADMIN\\Desktop\\K2\\projects\\4viewsSocial\\APIAdmin\\vendor\\laravel\\framework\\src\\Illuminate\\Foundation\\Http\\Kernel.php(175): Illuminate\\Pipeline\\Pipeline->then(Object(Closure))
#44 C:\\Users\\ADMIN\\Desktop\\K2\\projects\\4viewsSocial\\APIAdmin\\vendor\\laravel\\framework\\src\\Illuminate\\Foundation\\Http\\Kernel.php(144): Illuminate\\Foundation\\Http\\Kernel->sendRequestThroughRouter(Object(Illuminate\\Http\\Request))
#45 C:\\Users\\ADMIN\\Desktop\\K2\\projects\\4viewsSocial\\APIAdmin\\vendor\\laravel\\framework\\src\\Illuminate\\Foundation\\Application.php(1220): Illuminate\\Foundation\\Http\\Kernel->handle(Object(Illuminate\\Http\\Request))
#46 C:\\Users\\ADMIN\\Desktop\\K2\\projects\\4viewsSocial\\APIAdmin\\public\\index.php(20): Illuminate\\Foundation\\Application->handleRequest(Object(Illuminate\\Http\\Request))
#47 C:\\Users\\ADMIN\\Desktop\\K2\\projects\\4viewsSocial\\APIAdmin\\vendor\\laravel\\framework\\src\\Illuminate\\Foundation\\resources\\server.php(23): require_once('C:\\\\Users\\\\ADMIN\\\\...')
#48 {main}
"} 
[2026-01-04 04:17:30] local.ERROR: SQLSTATE[42S22]: Column not found: 1054 Unknown column 'created_date' in 'field list' (Connection: mysql, SQL: select DATE(created_date) as date, COUNT(*) as total from `users` where date(`created_date`) >= 2025-12-29 group by `date`) {"exception":"[object] (Illuminate\\Database\\QueryException(code: 42S22): SQLSTATE[42S22]: Column not found: 1054 Unknown column 'created_date' in 'field list' (Connection: mysql, SQL: select DATE(created_date) as date, COUNT(*) as total from `users` where date(`created_date`) >= 2025-12-29 group by `date`) at C:\\Users\\ADMIN\\Desktop\\K2\\projects\\4viewsSocial\\APIAdmin\\vendor\\laravel\\framework\\src\\Illuminate\\Database\\Connection.php:824)
[stacktrace]
#0 C:\\Users\\ADMIN\\Desktop\\K2\\projects\\4viewsSocial\\APIAdmin\\vendor\\laravel\\framework\\src\\Illuminate\\Database\\Connection.php(778): Illuminate\\Database\\Connection->runQueryCallback('select DATE(cre...', Array, Object(Closure))
#1 C:\\Users\\ADMIN\\Desktop\\K2\\projects\\4viewsSocial\\APIAdmin\\vendor\\laravel\\framework\\src\\Illuminate\\Database\\Connection.php(397): Illuminate\\Database\\Connection->run('select DATE(cre...', Array, Object(Closure))
#2 C:\\Users\\ADMIN\\Desktop\\K2\\projects\\4viewsSocial\\APIAdmin\\vendor\\laravel\\framework\\src\\Illuminate\\Database\\Query\\Builder.php(3188): Illuminate\\Database\\Connection->select('select DATE(cre...', Array, true)
#3 C:\\Users\\ADMIN\\Desktop\\K2\\projects\\4viewsSocial\\APIAdmin\\vendor\\laravel\\framework\\src\\Illuminate\\Database\\Query\\Builder.php(3446): Illuminate\\Database\\Query\\Builder->runSelect()
#4 C:\\Users\\ADMIN\\Desktop\\K2\\projects\\4viewsSocial\\APIAdmin\\vendor\\laravel\\framework\\src\\Illuminate\\Database\\Query\\Builder.php(3763): Illuminate\\Database\\Query\\Builder->Illuminate\\Database\\Query\\{closure}()
#5 C:\\Users\\ADMIN\\Desktop\\K2\\projects\\4viewsSocial\\APIAdmin\\vendor\\laravel\\framework\\src\\Illuminate\\Database\\Query\\Builder.php(3442): Illuminate\\Database\\Query\\Builder->onceWithColumns(Array, Object(Closure))
#6 C:\\Users\\ADMIN\\Desktop\\K2\\projects\\4viewsSocial\\APIAdmin\\vendor\\laravel\\framework\\src\\Illuminate\\Database\\Eloquent\\Builder.php(1082): Illuminate\\Database\\Query\\Builder->pluck('total', 'date')
#7 C:\\Users\\ADMIN\\Desktop\\K2\\projects\\4viewsSocial\\APIAdmin\\app\\Http\\Controllers\\DashboardController.php(50): Illuminate\\Database\\Eloquent\\Builder->pluck('total', 'date')
#8 C:\\Users\\ADMIN\\Desktop\\K2\\projects\\4viewsSocial\\APIAdmin\\vendor\\laravel\\framework\\src\\Illuminate\\Routing\\ControllerDispatcher.php(46): App\\Http\\Controllers\\DashboardController->chart()
#9 C:\\Users\\ADMIN\\Desktop\\K2\\projects\\4viewsSocial\\APIAdmin\\vendor\\laravel\\framework\\src\\Illuminate\\Routing\\Route.php(265): Illuminate\\Routing\\ControllerDispatcher->dispatch(Object(Illuminate\\Routing\\Route), Object(App\\Http\\Controllers\\DashboardController), 'chart')
#10 C:\\Users\\ADMIN\\Desktop\\K2\\projects\\4viewsSocial\\APIAdmin\\vendor\\laravel\\framework\\src\\Illuminate\\Routing\\Route.php(211): Illuminate\\Routing\\Route->runController()
#11 C:\\Users\\ADMIN\\Desktop\\K2\\projects\\4viewsSocial\\APIAdmin\\vendor\\laravel\\framework\\src\\Illuminate\\Routing\\Router.php(822): Illuminate\\Routing\\Route->run()
#12 C:\\Users\\ADMIN\\Desktop\\K2\\projects\\4viewsSocial\\APIAdmin\\vendor\\laravel\\framework\\src\\Illuminate\\Pipeline\\Pipeline.php(180): Illuminate\\Routing\\Router->Illuminate\\Routing\\{closure}(Object(Illuminate\\Http\\Request))
#13 C:\\Users\\ADMIN\\Desktop\\K2\\projects\\4viewsSocial\\APIAdmin\\vendor\\laravel\\framework\\src\\Illuminate\\Routing\\Middleware\\SubstituteBindings.php(50): Illuminate\\Pipeline\\Pipeline->Illuminate\\Pipeline\\{closure}(Object(Illuminate\\Http\\Request))
#14 C:\\Users\\ADMIN\\Desktop\\K2\\projects\\4viewsSocial\\APIAdmin\\vendor\\laravel\\framework\\src\\Illuminate\\Pipeline\\Pipeline.php(219): Illuminate\\Routing\\Middleware\\SubstituteBindings->handle(Object(Illuminate\\Http\\Request), Object(Closure))
#15 C:\\Users\\ADMIN\\Desktop\\K2\\projects\\4viewsSocial\\APIAdmin\\vendor\\laravel\\framework\\src\\Illuminate\\Pipeline\\Pipeline.php(137): Illuminate\\Pipeline\\Pipeline->Illuminate\\Pipeline\\{closure}(Object(Illuminate\\Http\\Request))
#16 C:\\Users\\ADMIN\\Desktop\\K2\\projects\\4viewsSocial\\APIAdmin\\vendor\\laravel\\framework\\src\\Illuminate\\Routing\\Router.php(821): Illuminate\\Pipeline\\Pipeline->then(Object(Closure))
#17 C:\\Users\\ADMIN\\Desktop\\K2\\projects\\4viewsSocial\\APIAdmin\\vendor\\laravel\\framework\\src\\Illuminate\\Routing\\Router.php(800): Illuminate\\Routing\\Router->runRouteWithinStack(Object(Illuminate\\Routing\\Route), Object(Illuminate\\Http\\Request))
#18 C:\\Users\\ADMIN\\Desktop\\K2\\projects\\4viewsSocial\\APIAdmin\\vendor\\laravel\\framework\\src\\Illuminate\\Routing\\Router.php(764): Illuminate\\Routing\\Router->runRoute(Object(Illuminate\\Http\\Request), Object(Illuminate\\Routing\\Route))
#19 C:\\Users\\ADMIN\\Desktop\\K2\\projects\\4viewsSocial\\APIAdmin\\vendor\\laravel\\framework\\src\\Illuminate\\Routing\\Router.php(753): Illuminate\\Routing\\Router->dispatchToRoute(Object(Illuminate\\Http\\Request))
#20 C:\\Users\\ADMIN\\Desktop\\K2\\projects\\4viewsSocial\\APIAdmin\\vendor\\laravel\\framework\\src\\Illuminate\\Foundation\\Http\\Kernel.php(200): Illuminate\\Routing\\Router->dispatch(Object(Illuminate\\Http\\Request))
#21 C:\\Users\\ADMIN\\Desktop\\K2\\projects\\4viewsSocial\\APIAdmin\\vendor\\laravel\\framework\\src\\Illuminate\\Pipeline\\Pipeline.php(180): Illuminate\\Foundation\\Http\\Kernel->Illuminate\\Foundation\\Http\\{closure}(Object(Illuminate\\Http\\Request))
#22 C:\\Users\\ADMIN\\Desktop\\K2\\projects\\4viewsSocial\\APIAdmin\\vendor\\laravel\\framework\\src\\Illuminate\\Foundation\\Http\\Middleware\\TransformsRequest.php(21): Illuminate\\Pipeline\\Pipeline->Illuminate\\Pipeline\\{closure}(Object(Illuminate\\Http\\Request))
#23 C:\\Users\\ADMIN\\Desktop\\K2\\projects\\4viewsSocial\\APIAdmin\\vendor\\laravel\\framework\\src\\Illuminate\\Foundation\\Http\\Middleware\\ConvertEmptyStringsToNull.php(31): Illuminate\\Foundation\\Http\\Middleware\\TransformsRequest->handle(Object(Illuminate\\Http\\Request), Object(Closure))
#24 C:\\Users\\ADMIN\\Desktop\\K2\\projects\\4viewsSocial\\APIAdmin\\vendor\\laravel\\framework\\src\\Illuminate\\Pipeline\\Pipeline.php(219): Illuminate\\Foundation\\Http\\Middleware\\ConvertEmptyStringsToNull->handle(Object(Illuminate\\Http\\Request), Object(Closure))
#25 C:\\Users\\ADMIN\\Desktop\\K2\\projects\\4viewsSocial\\APIAdmin\\vendor\\laravel\\framework\\src\\Illuminate\\Foundation\\Http\\Middleware\\TransformsRequest.php(21): Illuminate\\Pipeline\\Pipeline->Illuminate\\Pipeline\\{closure}(Object(Illuminate\\Http\\Request))
#26 C:\\Users\\ADMIN\\Desktop\\K2\\projects\\4viewsSocial\\APIAdmin\\vendor\\laravel\\framework\\src\\Illuminate\\Foundation\\Http\\Middleware\\TrimStrings.php(51): Illuminate\\Foundation\\Http\\Middleware\\TransformsRequest->handle(Object(Illuminate\\Http\\Request), Object(Closure))
#27 C:\\Users\\ADMIN\\Desktop\\K2\\projects\\4viewsSocial\\APIAdmin\\vendor\\laravel\\framework\\src\\Illuminate\\Pipeline\\Pipeline.php(219): Illuminate\\Foundation\\Http\\Middleware\\TrimStrings->handle(Object(Illuminate\\Http\\Request), Object(Closure))
#28 C:\\Users\\ADMIN\\Desktop\\K2\\projects\\4viewsSocial\\APIAdmin\\vendor\\laravel\\framework\\src\\Illuminate\\Http\\Middleware\\ValidatePostSize.php(27): Illuminate\\Pipeline\\Pipeline->Illuminate\\Pipeline\\{closure}(Object(Illuminate\\Http\\Request))
#29 C:\\Users\\ADMIN\\Desktop\\K2\\projects\\4viewsSocial\\APIAdmin\\vendor\\laravel\\framework\\src\\Illuminate\\Pipeline\\Pipeline.php(219): Illuminate\\Http\\Middleware\\ValidatePostSize->handle(Object(Illuminate\\Http\\Request), Object(Closure))
#30 C:\\Users\\ADMIN\\Desktop\\K2\\projects\\4viewsSocial\\APIAdmin\\vendor\\laravel\\framework\\src\\Illuminate\\Foundation\\Http\\Middleware\\PreventRequestsDuringMaintenance.php(109): Illuminate\\Pipeline\\Pipeline->Illuminate\\Pipeline\\{closure}(Object(Illuminate\\Http\\Request))
#31 C:\\Users\\ADMIN\\Desktop\\K2\\projects\\4viewsSocial\\APIAdmin\\vendor\\laravel\\framework\\src\\Illuminate\\Pipeline\\Pipeline.php(219): Illuminate\\Foundation\\Http\\Middleware\\PreventRequestsDuringMaintenance->handle(Object(Illuminate\\Http\\Request), Object(Closure))
#32 C:\\Users\\ADMIN\\Desktop\\K2\\projects\\4viewsSocial\\APIAdmin\\vendor\\laravel\\framework\\src\\Illuminate\\Http\\Middleware\\HandleCors.php(61): Illuminate\\Pipeline\\Pipeline->Illuminate\\Pipeline\\{closure}(Object(Illuminate\\Http\\Request))
#33 C:\\Users\\ADMIN\\Desktop\\K2\\projects\\4viewsSocial\\APIAdmin\\vendor\\laravel\\framework\\src\\Illuminate\\Pipeline\\Pipeline.php(219): Illuminate\\Http\\Middleware\\HandleCors->handle(Object(Illuminate\\Http\\Request), Object(Closure))
#34 C:\\Users\\ADMIN\\Desktop\\K2\\projects\\4viewsSocial\\APIAdmin\\vendor\\laravel\\framework\\src\\Illuminate\\Http\\Middleware\\TrustProxies.php(58): Illuminate\\Pipeline\\Pipeline->Illuminate\\Pipeline\\{closure}(Object(Illuminate\\Http\\Request))
#35 C:\\Users\\ADMIN\\Desktop\\K2\\projects\\4viewsSocial\\APIAdmin\\vendor\\laravel\\framework\\src\\Illuminate\\Pipeline\\Pipeline.php(219): Illuminate\\Http\\Middleware\\TrustProxies->handle(Object(Illuminate\\Http\\Request), Object(Closure))
#36 C:\\Users\\ADMIN\\Desktop\\K2\\projects\\4viewsSocial\\APIAdmin\\vendor\\laravel\\framework\\src\\Illuminate\\Foundation\\Http\\Middleware\\InvokeDeferredCallbacks.php(22): Illuminate\\Pipeline\\Pipeline->Illuminate\\Pipeline\\{closure}(Object(Illuminate\\Http\\Request))
#37 C:\\Users\\ADMIN\\Desktop\\K2\\projects\\4viewsSocial\\APIAdmin\\vendor\\laravel\\framework\\src\\Illuminate\\Pipeline\\Pipeline.php(219): Illuminate\\Foundation\\Http\\Middleware\\InvokeDeferredCallbacks->handle(Object(Illuminate\\Http\\Request), Object(Closure))
#38 C:\\Users\\ADMIN\\Desktop\\K2\\projects\\4viewsSocial\\APIAdmin\\vendor\\laravel\\framework\\src\\Illuminate\\Http\\Middleware\\ValidatePathEncoding.php(26): Illuminate\\Pipeline\\Pipeline->Illuminate\\Pipeline\\{closure}(Object(Illuminate\\Http\\Request))
#39 C:\\Users\\ADMIN\\Desktop\\K2\\projects\\4viewsSocial\\APIAdmin\\vendor\\laravel\\framework\\src\\Illuminate\\Pipeline\\Pipeline.php(219): Illuminate\\Http\\Middleware\\ValidatePathEncoding->handle(Object(Illuminate\\Http\\Request), Object(Closure))
#40 C:\\Users\\ADMIN\\Desktop\\K2\\projects\\4viewsSocial\\APIAdmin\\vendor\\laravel\\framework\\src\\Illuminate\\Pipeline\\Pipeline.php(137): Illuminate\\Pipeline\\Pipeline->Illuminate\\Pipeline\\{closure}(Object(Illuminate\\Http\\Request))
#41 C:\\Users\\ADMIN\\Desktop\\K2\\projects\\4viewsSocial\\APIAdmin\\vendor\\laravel\\framework\\src\\Illuminate\\Foundation\\Http\\Kernel.php(175): Illuminate\\Pipeline\\Pipeline->then(Object(Closure))
#42 C:\\Users\\ADMIN\\Desktop\\K2\\projects\\4viewsSocial\\APIAdmin\\vendor\\laravel\\framework\\src\\Illuminate\\Foundation\\Http\\Kernel.php(144): Illuminate\\Foundation\\Http\\Kernel->sendRequestThroughRouter(Object(Illuminate\\Http\\Request))
#43 C:\\Users\\ADMIN\\Desktop\\K2\\projects\\4viewsSocial\\APIAdmin\\vendor\\laravel\\framework\\src\\Illuminate\\Foundation\\Application.php(1220): Illuminate\\Foundation\\Http\\Kernel->handle(Object(Illuminate\\Http\\Request))
#44 C:\\Users\\ADMIN\\Desktop\\K2\\projects\\4viewsSocial\\APIAdmin\\public\\index.php(20): Illuminate\\Foundation\\Application->handleRequest(Object(Illuminate\\Http\\Request))
#45 C:\\Users\\ADMIN\\Desktop\\K2\\projects\\4viewsSocial\\APIAdmin\\vendor\\laravel\\framework\\src\\Illuminate\\Foundation\\resources\\server.php(23): require_once('C:\\\\Users\\\\ADMIN\\\\...')
#46 {main}

[previous exception] [object] (PDOException(code: 42S22): SQLSTATE[42S22]: Column not found: 1054 Unknown column 'created_date' in 'field list' at C:\\Users\\ADMIN\\Desktop\\K2\\projects\\4viewsSocial\\APIAdmin\\vendor\\laravel\\framework\\src\\Illuminate\\Database\\Connection.php:406)
[stacktrace]
#0 C:\\Users\\ADMIN\\Desktop\\K2\\projects\\4viewsSocial\\APIAdmin\\vendor\\laravel\\framework\\src\\Illuminate\\Database\\Connection.php(406): PDO->prepare('select DATE(cre...')
#1 C:\\Users\\ADMIN\\Desktop\\K2\\projects\\4viewsSocial\\APIAdmin\\vendor\\laravel\\framework\\src\\Illuminate\\Database\\Connection.php(811): Illuminate\\Database\\Connection->Illuminate\\Database\\{closure}('select DATE(cre...', Array)
#2 C:\\Users\\ADMIN\\Desktop\\K2\\projects\\4viewsSocial\\APIAdmin\\vendor\\laravel\\framework\\src\\Illuminate\\Database\\Connection.php(778): Illuminate\\Database\\Connection->runQueryCallback('select DATE(cre...', Array, Object(Closure))
#3 C:\\Users\\ADMIN\\Desktop\\K2\\projects\\4viewsSocial\\APIAdmin\\vendor\\laravel\\framework\\src\\Illuminate\\Database\\Connection.php(397): Illuminate\\Database\\Connection->run('select DATE(cre...', Array, Object(Closure))
#4 C:\\Users\\ADMIN\\Desktop\\K2\\projects\\4viewsSocial\\APIAdmin\\vendor\\laravel\\framework\\src\\Illuminate\\Database\\Query\\Builder.php(3188): Illuminate\\Database\\Connection->select('select DATE(cre...', Array, true)
#5 C:\\Users\\ADMIN\\Desktop\\K2\\projects\\4viewsSocial\\APIAdmin\\vendor\\laravel\\framework\\src\\Illuminate\\Database\\Query\\Builder.php(3446): Illuminate\\Database\\Query\\Builder->runSelect()
#6 C:\\Users\\ADMIN\\Desktop\\K2\\projects\\4viewsSocial\\APIAdmin\\vendor\\laravel\\framework\\src\\Illuminate\\Database\\Query\\Builder.php(3763): Illuminate\\Database\\Query\\Builder->Illuminate\\Database\\Query\\{closure}()
#7 C:\\Users\\ADMIN\\Desktop\\K2\\projects\\4viewsSocial\\APIAdmin\\vendor\\laravel\\framework\\src\\Illuminate\\Database\\Query\\Builder.php(3442): Illuminate\\Database\\Query\\Builder->onceWithColumns(Array, Object(Closure))
#8 C:\\Users\\ADMIN\\Desktop\\K2\\projects\\4viewsSocial\\APIAdmin\\vendor\\laravel\\framework\\src\\Illuminate\\Database\\Eloquent\\Builder.php(1082): Illuminate\\Database\\Query\\Builder->pluck('total', 'date')
#9 C:\\Users\\ADMIN\\Desktop\\K2\\projects\\4viewsSocial\\APIAdmin\\app\\Http\\Controllers\\DashboardController.php(50): Illuminate\\Database\\Eloquent\\Builder->pluck('total', 'date')
#10 C:\\Users\\ADMIN\\Desktop\\K2\\projects\\4viewsSocial\\APIAdmin\\vendor\\laravel\\framework\\src\\Illuminate\\Routing\\ControllerDispatcher.php(46): App\\Http\\Controllers\\DashboardController->chart()
#11 C:\\Users\\ADMIN\\Desktop\\K2\\projects\\4viewsSocial\\APIAdmin\\vendor\\laravel\\framework\\src\\Illuminate\\Routing\\Route.php(265): Illuminate\\Routing\\ControllerDispatcher->dispatch(Object(Illuminate\\Routing\\Route), Object(App\\Http\\Controllers\\DashboardController), 'chart')
#12 C:\\Users\\ADMIN\\Desktop\\K2\\projects\\4viewsSocial\\APIAdmin\\vendor\\laravel\\framework\\src\\Illuminate\\Routing\\Route.php(211): Illuminate\\Routing\\Route->runController()
#13 C:\\Users\\ADMIN\\Desktop\\K2\\projects\\4viewsSocial\\APIAdmin\\vendor\\laravel\\framework\\src\\Illuminate\\Routing\\Router.php(822): Illuminate\\Routing\\Route->run()
#14 C:\\Users\\ADMIN\\Desktop\\K2\\projects\\4viewsSocial\\APIAdmin\\vendor\\laravel\\framework\\src\\Illuminate\\Pipeline\\Pipeline.php(180): Illuminate\\Routing\\Router->Illuminate\\Routing\\{closure}(Object(Illuminate\\Http\\Request))
#15 C:\\Users\\ADMIN\\Desktop\\K2\\projects\\4viewsSocial\\APIAdmin\\vendor\\laravel\\framework\\src\\Illuminate\\Routing\\Middleware\\SubstituteBindings.php(50): Illuminate\\Pipeline\\Pipeline->Illuminate\\Pipeline\\{closure}(Object(Illuminate\\Http\\Request))
#16 C:\\Users\\ADMIN\\Desktop\\K2\\projects\\4viewsSocial\\APIAdmin\\vendor\\laravel\\framework\\src\\Illuminate\\Pipeline\\Pipeline.php(219): Illuminate\\Routing\\Middleware\\SubstituteBindings->handle(Object(Illuminate\\Http\\Request), Object(Closure))
#17 C:\\Users\\ADMIN\\Desktop\\K2\\projects\\4viewsSocial\\APIAdmin\\vendor\\laravel\\framework\\src\\Illuminate\\Pipeline\\Pipeline.php(137): Illuminate\\Pipeline\\Pipeline->Illuminate\\Pipeline\\{closure}(Object(Illuminate\\Http\\Request))
#18 C:\\Users\\ADMIN\\Desktop\\K2\\projects\\4viewsSocial\\APIAdmin\\vendor\\laravel\\framework\\src\\Illuminate\\Routing\\Router.php(821): Illuminate\\Pipeline\\Pipeline->then(Object(Closure))
#19 C:\\Users\\ADMIN\\Desktop\\K2\\projects\\4viewsSocial\\APIAdmin\\vendor\\laravel\\framework\\src\\Illuminate\\Routing\\Router.php(800): Illuminate\\Routing\\Router->runRouteWithinStack(Object(Illuminate\\Routing\\Route), Object(Illuminate\\Http\\Request))
#20 C:\\Users\\ADMIN\\Desktop\\K2\\projects\\4viewsSocial\\APIAdmin\\vendor\\laravel\\framework\\src\\Illuminate\\Routing\\Router.php(764): Illuminate\\Routing\\Router->runRoute(Object(Illuminate\\Http\\Request), Object(Illuminate\\Routing\\Route))
#21 C:\\Users\\ADMIN\\Desktop\\K2\\projects\\4viewsSocial\\APIAdmin\\vendor\\laravel\\framework\\src\\Illuminate\\Routing\\Router.php(753): Illuminate\\Routing\\Router->dispatchToRoute(Object(Illuminate\\Http\\Request))
#22 C:\\Users\\ADMIN\\Desktop\\K2\\projects\\4viewsSocial\\APIAdmin\\vendor\\laravel\\framework\\src\\Illuminate\\Foundation\\Http\\Kernel.php(200): Illuminate\\Routing\\Router->dispatch(Object(Illuminate\\Http\\Request))
#23 C:\\Users\\ADMIN\\Desktop\\K2\\projects\\4viewsSocial\\APIAdmin\\vendor\\laravel\\framework\\src\\Illuminate\\Pipeline\\Pipeline.php(180): Illuminate\\Foundation\\Http\\Kernel->Illuminate\\Foundation\\Http\\{closure}(Object(Illuminate\\Http\\Request))
#24 C:\\Users\\ADMIN\\Desktop\\K2\\projects\\4viewsSocial\\APIAdmin\\vendor\\laravel\\framework\\src\\Illuminate\\Foundation\\Http\\Middleware\\TransformsRequest.php(21): Illuminate\\Pipeline\\Pipeline->Illuminate\\Pipeline\\{closure}(Object(Illuminate\\Http\\Request))
#25 C:\\Users\\ADMIN\\Desktop\\K2\\projects\\4viewsSocial\\APIAdmin\\vendor\\laravel\\framework\\src\\Illuminate\\Foundation\\Http\\Middleware\\ConvertEmptyStringsToNull.php(31): Illuminate\\Foundation\\Http\\Middleware\\TransformsRequest->handle(Object(Illuminate\\Http\\Request), Object(Closure))
#26 C:\\Users\\ADMIN\\Desktop\\K2\\projects\\4viewsSocial\\APIAdmin\\vendor\\laravel\\framework\\src\\Illuminate\\Pipeline\\Pipeline.php(219): Illuminate\\Foundation\\Http\\Middleware\\ConvertEmptyStringsToNull->handle(Object(Illuminate\\Http\\Request), Object(Closure))
#27 C:\\Users\\ADMIN\\Desktop\\K2\\projects\\4viewsSocial\\APIAdmin\\vendor\\laravel\\framework\\src\\Illuminate\\Foundation\\Http\\Middleware\\TransformsRequest.php(21): Illuminate\\Pipeline\\Pipeline->Illuminate\\Pipeline\\{closure}(Object(Illuminate\\Http\\Request))
#28 C:\\Users\\ADMIN\\Desktop\\K2\\projects\\4viewsSocial\\APIAdmin\\vendor\\laravel\\framework\\src\\Illuminate\\Foundation\\Http\\Middleware\\TrimStrings.php(51): Illuminate\\Foundation\\Http\\Middleware\\TransformsRequest->handle(Object(Illuminate\\Http\\Request), Object(Closure))
#29 C:\\Users\\ADMIN\\Desktop\\K2\\projects\\4viewsSocial\\APIAdmin\\vendor\\laravel\\framework\\src\\Illuminate\\Pipeline\\Pipeline.php(219): Illuminate\\Foundation\\Http\\Middleware\\TrimStrings->handle(Object(Illuminate\\Http\\Request), Object(Closure))
#30 C:\\Users\\ADMIN\\Desktop\\K2\\projects\\4viewsSocial\\APIAdmin\\vendor\\laravel\\framework\\src\\Illuminate\\Http\\Middleware\\ValidatePostSize.php(27): Illuminate\\Pipeline\\Pipeline->Illuminate\\Pipeline\\{closure}(Object(Illuminate\\Http\\Request))
#31 C:\\Users\\ADMIN\\Desktop\\K2\\projects\\4viewsSocial\\APIAdmin\\vendor\\laravel\\framework\\src\\Illuminate\\Pipeline\\Pipeline.php(219): Illuminate\\Http\\Middleware\\ValidatePostSize->handle(Object(Illuminate\\Http\\Request), Object(Closure))
#32 C:\\Users\\ADMIN\\Desktop\\K2\\projects\\4viewsSocial\\APIAdmin\\vendor\\laravel\\framework\\src\\Illuminate\\Foundation\\Http\\Middleware\\PreventRequestsDuringMaintenance.php(109): Illuminate\\Pipeline\\Pipeline->Illuminate\\Pipeline\\{closure}(Object(Illuminate\\Http\\Request))
#33 C:\\Users\\ADMIN\\Desktop\\K2\\projects\\4viewsSocial\\APIAdmin\\vendor\\laravel\\framework\\src\\Illuminate\\Pipeline\\Pipeline.php(219): Illuminate\\Foundation\\Http\\Middleware\\PreventRequestsDuringMaintenance->handle(Object(Illuminate\\Http\\Request), Object(Closure))
#34 C:\\Users\\ADMIN\\Desktop\\K2\\projects\\4viewsSocial\\APIAdmin\\vendor\\laravel\\framework\\src\\Illuminate\\Http\\Middleware\\HandleCors.php(61): Illuminate\\Pipeline\\Pipeline->Illuminate\\Pipeline\\{closure}(Object(Illuminate\\Http\\Request))
#35 C:\\Users\\ADMIN\\Desktop\\K2\\projects\\4viewsSocial\\APIAdmin\\vendor\\laravel\\framework\\src\\Illuminate\\Pipeline\\Pipeline.php(219): Illuminate\\Http\\Middleware\\HandleCors->handle(Object(Illuminate\\Http\\Request), Object(Closure))
#36 C:\\Users\\ADMIN\\Desktop\\K2\\projects\\4viewsSocial\\APIAdmin\\vendor\\laravel\\framework\\src\\Illuminate\\Http\\Middleware\\TrustProxies.php(58): Illuminate\\Pipeline\\Pipeline->Illuminate\\Pipeline\\{closure}(Object(Illuminate\\Http\\Request))
#37 C:\\Users\\ADMIN\\Desktop\\K2\\projects\\4viewsSocial\\APIAdmin\\vendor\\laravel\\framework\\src\\Illuminate\\Pipeline\\Pipeline.php(219): Illuminate\\Http\\Middleware\\TrustProxies->handle(Object(Illuminate\\Http\\Request), Object(Closure))
#38 C:\\Users\\ADMIN\\Desktop\\K2\\projects\\4viewsSocial\\APIAdmin\\vendor\\laravel\\framework\\src\\Illuminate\\Foundation\\Http\\Middleware\\InvokeDeferredCallbacks.php(22): Illuminate\\Pipeline\\Pipeline->Illuminate\\Pipeline\\{closure}(Object(Illuminate\\Http\\Request))
#39 C:\\Users\\ADMIN\\Desktop\\K2\\projects\\4viewsSocial\\APIAdmin\\vendor\\laravel\\framework\\src\\Illuminate\\Pipeline\\Pipeline.php(219): Illuminate\\Foundation\\Http\\Middleware\\InvokeDeferredCallbacks->handle(Object(Illuminate\\Http\\Request), Object(Closure))
#40 C:\\Users\\ADMIN\\Desktop\\K2\\projects\\4viewsSocial\\APIAdmin\\vendor\\laravel\\framework\\src\\Illuminate\\Http\\Middleware\\ValidatePathEncoding.php(26): Illuminate\\Pipeline\\Pipeline->Illuminate\\Pipeline\\{closure}(Object(Illuminate\\Http\\Request))
#41 C:\\Users\\ADMIN\\Desktop\\K2\\projects\\4viewsSocial\\APIAdmin\\vendor\\laravel\\framework\\src\\Illuminate\\Pipeline\\Pipeline.php(219): Illuminate\\Http\\Middleware\\ValidatePathEncoding->handle(Object(Illuminate\\Http\\Request), Object(Closure))
#42 C:\\Users\\ADMIN\\Desktop\\K2\\projects\\4viewsSocial\\APIAdmin\\vendor\\laravel\\framework\\src\\Illuminate\\Pipeline\\Pipeline.php(137): Illuminate\\Pipeline\\Pipeline->Illuminate\\Pipeline\\{closure}(Object(Illuminate\\Http\\Request))
#43 C:\\Users\\ADMIN\\Desktop\\K2\\projects\\4viewsSocial\\APIAdmin\\vendor\\laravel\\framework\\src\\Illuminate\\Foundation\\Http\\Kernel.php(175): Illuminate\\Pipeline\\Pipeline->then(Object(Closure))
#44 C:\\Users\\ADMIN\\Desktop\\K2\\projects\\4viewsSocial\\APIAdmin\\vendor\\laravel\\framework\\src\\Illuminate\\Foundation\\Http\\Kernel.php(144): Illuminate\\Foundation\\Http\\Kernel->sendRequestThroughRouter(Object(Illuminate\\Http\\Request))
#45 C:\\Users\\ADMIN\\Desktop\\K2\\projects\\4viewsSocial\\APIAdmin\\vendor\\laravel\\framework\\src\\Illuminate\\Foundation\\Application.php(1220): Illuminate\\Foundation\\Http\\Kernel->handle(Object(Illuminate\\Http\\Request))
#46 C:\\Users\\ADMIN\\Desktop\\K2\\projects\\4viewsSocial\\APIAdmin\\public\\index.php(20): Illuminate\\Foundation\\Application->handleRequest(Object(Illuminate\\Http\\Request))
#47 C:\\Users\\ADMIN\\Desktop\\K2\\projects\\4viewsSocial\\APIAdmin\\vendor\\laravel\\framework\\src\\Illuminate\\Foundation\\resources\\server.php(23): require_once('C:\\\\Users\\\\ADMIN\\\\...')
#48 {main}
"} 
[2026-01-04 04:17:45] local.ERROR: SQLSTATE[42S22]: Column not found: 1054 Unknown column 'created_date' in 'field list' (Connection: mysql, SQL: select DATE(created_date) as date, COUNT(*) as total from `users` where date(`created_date`) >= 2025-12-29 group by `date`) {"exception":"[object] (Illuminate\\Database\\QueryException(code: 42S22): SQLSTATE[42S22]: Column not found: 1054 Unknown column 'created_date' in 'field list' (Connection: mysql, SQL: select DATE(created_date) as date, COUNT(*) as total from `users` where date(`created_date`) >= 2025-12-29 group by `date`) at C:\\Users\\ADMIN\\Desktop\\K2\\projects\\4viewsSocial\\APIAdmin\\vendor\\laravel\\framework\\src\\Illuminate\\Database\\Connection.php:824)
[stacktrace]
#0 C:\\Users\\ADMIN\\Desktop\\K2\\projects\\4viewsSocial\\APIAdmin\\vendor\\laravel\\framework\\src\\Illuminate\\Database\\Connection.php(778): Illuminate\\Database\\Connection->runQueryCallback('select DATE(cre...', Array, Object(Closure))
#1 C:\\Users\\ADMIN\\Desktop\\K2\\projects\\4viewsSocial\\APIAdmin\\vendor\\laravel\\framework\\src\\Illuminate\\Database\\Connection.php(397): Illuminate\\Database\\Connection->run('select DATE(cre...', Array, Object(Closure))
#2 C:\\Users\\ADMIN\\Desktop\\K2\\projects\\4viewsSocial\\APIAdmin\\vendor\\laravel\\framework\\src\\Illuminate\\Database\\Query\\Builder.php(3188): Illuminate\\Database\\Connection->select('select DATE(cre...', Array, true)
#3 C:\\Users\\ADMIN\\Desktop\\K2\\projects\\4viewsSocial\\APIAdmin\\vendor\\laravel\\framework\\src\\Illuminate\\Database\\Query\\Builder.php(3446): Illuminate\\Database\\Query\\Builder->runSelect()
#4 C:\\Users\\ADMIN\\Desktop\\K2\\projects\\4viewsSocial\\APIAdmin\\vendor\\laravel\\framework\\src\\Illuminate\\Database\\Query\\Builder.php(3763): Illuminate\\Database\\Query\\Builder->Illuminate\\Database\\Query\\{closure}()
#5 C:\\Users\\ADMIN\\Desktop\\K2\\projects\\4viewsSocial\\APIAdmin\\vendor\\laravel\\framework\\src\\Illuminate\\Database\\Query\\Builder.php(3442): Illuminate\\Database\\Query\\Builder->onceWithColumns(Array, Object(Closure))
#6 C:\\Users\\ADMIN\\Desktop\\K2\\projects\\4viewsSocial\\APIAdmin\\vendor\\laravel\\framework\\src\\Illuminate\\Database\\Eloquent\\Builder.php(1082): Illuminate\\Database\\Query\\Builder->pluck('total', 'date')
#7 C:\\Users\\ADMIN\\Desktop\\K2\\projects\\4viewsSocial\\APIAdmin\\app\\Http\\Controllers\\DashboardController.php(50): Illuminate\\Database\\Eloquent\\Builder->pluck('total', 'date')
#8 C:\\Users\\ADMIN\\Desktop\\K2\\projects\\4viewsSocial\\APIAdmin\\vendor\\laravel\\framework\\src\\Illuminate\\Routing\\ControllerDispatcher.php(46): App\\Http\\Controllers\\DashboardController->chart()
#9 C:\\Users\\ADMIN\\Desktop\\K2\\projects\\4viewsSocial\\APIAdmin\\vendor\\laravel\\framework\\src\\Illuminate\\Routing\\Route.php(265): Illuminate\\Routing\\ControllerDispatcher->dispatch(Object(Illuminate\\Routing\\Route), Object(App\\Http\\Controllers\\DashboardController), 'chart')
#10 C:\\Users\\ADMIN\\Desktop\\K2\\projects\\4viewsSocial\\APIAdmin\\vendor\\laravel\\framework\\src\\Illuminate\\Routing\\Route.php(211): Illuminate\\Routing\\Route->runController()
#11 C:\\Users\\ADMIN\\Desktop\\K2\\projects\\4viewsSocial\\APIAdmin\\vendor\\laravel\\framework\\src\\Illuminate\\Routing\\Router.php(822): Illuminate\\Routing\\Route->run()
#12 C:\\Users\\ADMIN\\Desktop\\K2\\projects\\4viewsSocial\\APIAdmin\\vendor\\laravel\\framework\\src\\Illuminate\\Pipeline\\Pipeline.php(180): Illuminate\\Routing\\Router->Illuminate\\Routing\\{closure}(Object(Illuminate\\Http\\Request))
#13 C:\\Users\\ADMIN\\Desktop\\K2\\projects\\4viewsSocial\\APIAdmin\\vendor\\laravel\\framework\\src\\Illuminate\\Routing\\Middleware\\SubstituteBindings.php(50): Illuminate\\Pipeline\\Pipeline->Illuminate\\Pipeline\\{closure}(Object(Illuminate\\Http\\Request))
#14 C:\\Users\\ADMIN\\Desktop\\K2\\projects\\4viewsSocial\\APIAdmin\\vendor\\laravel\\framework\\src\\Illuminate\\Pipeline\\Pipeline.php(219): Illuminate\\Routing\\Middleware\\SubstituteBindings->handle(Object(Illuminate\\Http\\Request), Object(Closure))
#15 C:\\Users\\ADMIN\\Desktop\\K2\\projects\\4viewsSocial\\APIAdmin\\vendor\\laravel\\framework\\src\\Illuminate\\Pipeline\\Pipeline.php(137): Illuminate\\Pipeline\\Pipeline->Illuminate\\Pipeline\\{closure}(Object(Illuminate\\Http\\Request))
#16 C:\\Users\\ADMIN\\Desktop\\K2\\projects\\4viewsSocial\\APIAdmin\\vendor\\laravel\\framework\\src\\Illuminate\\Routing\\Router.php(821): Illuminate\\Pipeline\\Pipeline->then(Object(Closure))
#17 C:\\Users\\ADMIN\\Desktop\\K2\\projects\\4viewsSocial\\APIAdmin\\vendor\\laravel\\framework\\src\\Illuminate\\Routing\\Router.php(800): Illuminate\\Routing\\Router->runRouteWithinStack(Object(Illuminate\\Routing\\Route), Object(Illuminate\\Http\\Request))
#18 C:\\Users\\ADMIN\\Desktop\\K2\\projects\\4viewsSocial\\APIAdmin\\vendor\\laravel\\framework\\src\\Illuminate\\Routing\\Router.php(764): Illuminate\\Routing\\Router->runRoute(Object(Illuminate\\Http\\Request), Object(Illuminate\\Routing\\Route))
#19 C:\\Users\\ADMIN\\Desktop\\K2\\projects\\4viewsSocial\\APIAdmin\\vendor\\laravel\\framework\\src\\Illuminate\\Routing\\Router.php(753): Illuminate\\Routing\\Router->dispatchToRoute(Object(Illuminate\\Http\\Request))
#20 C:\\Users\\ADMIN\\Desktop\\K2\\projects\\4viewsSocial\\APIAdmin\\vendor\\laravel\\framework\\src\\Illuminate\\Foundation\\Http\\Kernel.php(200): Illuminate\\Routing\\Router->dispatch(Object(Illuminate\\Http\\Request))
#21 C:\\Users\\ADMIN\\Desktop\\K2\\projects\\4viewsSocial\\APIAdmin\\vendor\\laravel\\framework\\src\\Illuminate\\Pipeline\\Pipeline.php(180): Illuminate\\Foundation\\Http\\Kernel->Illuminate\\Foundation\\Http\\{closure}(Object(Illuminate\\Http\\Request))
#22 C:\\Users\\ADMIN\\Desktop\\K2\\projects\\4viewsSocial\\APIAdmin\\vendor\\laravel\\framework\\src\\Illuminate\\Foundation\\Http\\Middleware\\TransformsRequest.php(21): Illuminate\\Pipeline\\Pipeline->Illuminate\\Pipeline\\{closure}(Object(Illuminate\\Http\\Request))
#23 C:\\Users\\ADMIN\\Desktop\\K2\\projects\\4viewsSocial\\APIAdmin\\vendor\\laravel\\framework\\src\\Illuminate\\Foundation\\Http\\Middleware\\ConvertEmptyStringsToNull.php(31): Illuminate\\Foundation\\Http\\Middleware\\TransformsRequest->handle(Object(Illuminate\\Http\\Request), Object(Closure))
#24 C:\\Users\\ADMIN\\Desktop\\K2\\projects\\4viewsSocial\\APIAdmin\\vendor\\laravel\\framework\\src\\Illuminate\\Pipeline\\Pipeline.php(219): Illuminate\\Foundation\\Http\\Middleware\\ConvertEmptyStringsToNull->handle(Object(Illuminate\\Http\\Request), Object(Closure))
#25 C:\\Users\\ADMIN\\Desktop\\K2\\projects\\4viewsSocial\\APIAdmin\\vendor\\laravel\\framework\\src\\Illuminate\\Foundation\\Http\\Middleware\\TransformsRequest.php(21): Illuminate\\Pipeline\\Pipeline->Illuminate\\Pipeline\\{closure}(Object(Illuminate\\Http\\Request))
#26 C:\\Users\\ADMIN\\Desktop\\K2\\projects\\4viewsSocial\\APIAdmin\\vendor\\laravel\\framework\\src\\Illuminate\\Foundation\\Http\\Middleware\\TrimStrings.php(51): Illuminate\\Foundation\\Http\\Middleware\\TransformsRequest->handle(Object(Illuminate\\Http\\Request), Object(Closure))
#27 C:\\Users\\ADMIN\\Desktop\\K2\\projects\\4viewsSocial\\APIAdmin\\vendor\\laravel\\framework\\src\\Illuminate\\Pipeline\\Pipeline.php(219): Illuminate\\Foundation\\Http\\Middleware\\TrimStrings->handle(Object(Illuminate\\Http\\Request), Object(Closure))
#28 C:\\Users\\ADMIN\\Desktop\\K2\\projects\\4viewsSocial\\APIAdmin\\vendor\\laravel\\framework\\src\\Illuminate\\Http\\Middleware\\ValidatePostSize.php(27): Illuminate\\Pipeline\\Pipeline->Illuminate\\Pipeline\\{closure}(Object(Illuminate\\Http\\Request))
#29 C:\\Users\\ADMIN\\Desktop\\K2\\projects\\4viewsSocial\\APIAdmin\\vendor\\laravel\\framework\\src\\Illuminate\\Pipeline\\Pipeline.php(219): Illuminate\\Http\\Middleware\\ValidatePostSize->handle(Object(Illuminate\\Http\\Request), Object(Closure))
#30 C:\\Users\\ADMIN\\Desktop\\K2\\projects\\4viewsSocial\\APIAdmin\\vendor\\laravel\\framework\\src\\Illuminate\\Foundation\\Http\\Middleware\\PreventRequestsDuringMaintenance.php(109): Illuminate\\Pipeline\\Pipeline->Illuminate\\Pipeline\\{closure}(Object(Illuminate\\Http\\Request))
#31 C:\\Users\\ADMIN\\Desktop\\K2\\projects\\4viewsSocial\\APIAdmin\\vendor\\laravel\\framework\\src\\Illuminate\\Pipeline\\Pipeline.php(219): Illuminate\\Foundation\\Http\\Middleware\\PreventRequestsDuringMaintenance->handle(Object(Illuminate\\Http\\Request), Object(Closure))
#32 C:\\Users\\ADMIN\\Desktop\\K2\\projects\\4viewsSocial\\APIAdmin\\vendor\\laravel\\framework\\src\\Illuminate\\Http\\Middleware\\HandleCors.php(61): Illuminate\\Pipeline\\Pipeline->Illuminate\\Pipeline\\{closure}(Object(Illuminate\\Http\\Request))
#33 C:\\Users\\ADMIN\\Desktop\\K2\\projects\\4viewsSocial\\APIAdmin\\vendor\\laravel\\framework\\src\\Illuminate\\Pipeline\\Pipeline.php(219): Illuminate\\Http\\Middleware\\HandleCors->handle(Object(Illuminate\\Http\\Request), Object(Closure))
#34 C:\\Users\\ADMIN\\Desktop\\K2\\projects\\4viewsSocial\\APIAdmin\\vendor\\laravel\\framework\\src\\Illuminate\\Http\\Middleware\\TrustProxies.php(58): Illuminate\\Pipeline\\Pipeline->Illuminate\\Pipeline\\{closure}(Object(Illuminate\\Http\\Request))
#35 C:\\Users\\ADMIN\\Desktop\\K2\\projects\\4viewsSocial\\APIAdmin\\vendor\\laravel\\framework\\src\\Illuminate\\Pipeline\\Pipeline.php(219): Illuminate\\Http\\Middleware\\TrustProxies->handle(Object(Illuminate\\Http\\Request), Object(Closure))
#36 C:\\Users\\ADMIN\\Desktop\\K2\\projects\\4viewsSocial\\APIAdmin\\vendor\\laravel\\framework\\src\\Illuminate\\Foundation\\Http\\Middleware\\InvokeDeferredCallbacks.php(22): Illuminate\\Pipeline\\Pipeline->Illuminate\\Pipeline\\{closure}(Object(Illuminate\\Http\\Request))
#37 C:\\Users\\ADMIN\\Desktop\\K2\\projects\\4viewsSocial\\APIAdmin\\vendor\\laravel\\framework\\src\\Illuminate\\Pipeline\\Pipeline.php(219): Illuminate\\Foundation\\Http\\Middleware\\InvokeDeferredCallbacks->handle(Object(Illuminate\\Http\\Request), Object(Closure))
#38 C:\\Users\\ADMIN\\Desktop\\K2\\projects\\4viewsSocial\\APIAdmin\\vendor\\laravel\\framework\\src\\Illuminate\\Http\\Middleware\\ValidatePathEncoding.php(26): Illuminate\\Pipeline\\Pipeline->Illuminate\\Pipeline\\{closure}(Object(Illuminate\\Http\\Request))
#39 C:\\Users\\ADMIN\\Desktop\\K2\\projects\\4viewsSocial\\APIAdmin\\vendor\\laravel\\framework\\src\\Illuminate\\Pipeline\\Pipeline.php(219): Illuminate\\Http\\Middleware\\ValidatePathEncoding->handle(Object(Illuminate\\Http\\Request), Object(Closure))
#40 C:\\Users\\ADMIN\\Desktop\\K2\\projects\\4viewsSocial\\APIAdmin\\vendor\\laravel\\framework\\src\\Illuminate\\Pipeline\\Pipeline.php(137): Illuminate\\Pipeline\\Pipeline->Illuminate\\Pipeline\\{closure}(Object(Illuminate\\Http\\Request))
#41 C:\\Users\\ADMIN\\Desktop\\K2\\projects\\4viewsSocial\\APIAdmin\\vendor\\laravel\\framework\\src\\Illuminate\\Foundation\\Http\\Kernel.php(175): Illuminate\\Pipeline\\Pipeline->then(Object(Closure))
#42 C:\\Users\\ADMIN\\Desktop\\K2\\projects\\4viewsSocial\\APIAdmin\\vendor\\laravel\\framework\\src\\Illuminate\\Foundation\\Http\\Kernel.php(144): Illuminate\\Foundation\\Http\\Kernel->sendRequestThroughRouter(Object(Illuminate\\Http\\Request))
#43 C:\\Users\\ADMIN\\Desktop\\K2\\projects\\4viewsSocial\\APIAdmin\\vendor\\laravel\\framework\\src\\Illuminate\\Foundation\\Application.php(1220): Illuminate\\Foundation\\Http\\Kernel->handle(Object(Illuminate\\Http\\Request))
#44 C:\\Users\\ADMIN\\Desktop\\K2\\projects\\4viewsSocial\\APIAdmin\\public\\index.php(20): Illuminate\\Foundation\\Application->handleRequest(Object(Illuminate\\Http\\Request))
#45 C:\\Users\\ADMIN\\Desktop\\K2\\projects\\4viewsSocial\\APIAdmin\\vendor\\laravel\\framework\\src\\Illuminate\\Foundation\\resources\\server.php(23): require_once('C:\\\\Users\\\\ADMIN\\\\...')
#46 {main}

[previous exception] [object] (PDOException(code: 42S22): SQLSTATE[42S22]: Column not found: 1054 Unknown column 'created_date' in 'field list' at C:\\Users\\ADMIN\\Desktop\\K2\\projects\\4viewsSocial\\APIAdmin\\vendor\\laravel\\framework\\src\\Illuminate\\Database\\Connection.php:406)
[stacktrace]
#0 C:\\Users\\ADMIN\\Desktop\\K2\\projects\\4viewsSocial\\APIAdmin\\vendor\\laravel\\framework\\src\\Illuminate\\Database\\Connection.php(406): PDO->prepare('select DATE(cre...')
#1 C:\\Users\\ADMIN\\Desktop\\K2\\projects\\4viewsSocial\\APIAdmin\\vendor\\laravel\\framework\\src\\Illuminate\\Database\\Connection.php(811): Illuminate\\Database\\Connection->Illuminate\\Database\\{closure}('select DATE(cre...', Array)
#2 C:\\Users\\ADMIN\\Desktop\\K2\\projects\\4viewsSocial\\APIAdmin\\vendor\\laravel\\framework\\src\\Illuminate\\Database\\Connection.php(778): Illuminate\\Database\\Connection->runQueryCallback('select DATE(cre...', Array, Object(Closure))
#3 C:\\Users\\ADMIN\\Desktop\\K2\\projects\\4viewsSocial\\APIAdmin\\vendor\\laravel\\framework\\src\\Illuminate\\Database\\Connection.php(397): Illuminate\\Database\\Connection->run('select DATE(cre...', Array, Object(Closure))
#4 C:\\Users\\ADMIN\\Desktop\\K2\\projects\\4viewsSocial\\APIAdmin\\vendor\\laravel\\framework\\src\\Illuminate\\Database\\Query\\Builder.php(3188): Illuminate\\Database\\Connection->select('select DATE(cre...', Array, true)
#5 C:\\Users\\ADMIN\\Desktop\\K2\\projects\\4viewsSocial\\APIAdmin\\vendor\\laravel\\framework\\src\\Illuminate\\Database\\Query\\Builder.php(3446): Illuminate\\Database\\Query\\Builder->runSelect()
#6 C:\\Users\\ADMIN\\Desktop\\K2\\projects\\4viewsSocial\\APIAdmin\\vendor\\laravel\\framework\\src\\Illuminate\\Database\\Query\\Builder.php(3763): Illuminate\\Database\\Query\\Builder->Illuminate\\Database\\Query\\{closure}()
#7 C:\\Users\\ADMIN\\Desktop\\K2\\projects\\4viewsSocial\\APIAdmin\\vendor\\laravel\\framework\\src\\Illuminate\\Database\\Query\\Builder.php(3442): Illuminate\\Database\\Query\\Builder->onceWithColumns(Array, Object(Closure))
#8 C:\\Users\\ADMIN\\Desktop\\K2\\projects\\4viewsSocial\\APIAdmin\\vendor\\laravel\\framework\\src\\Illuminate\\Database\\Eloquent\\Builder.php(1082): Illuminate\\Database\\Query\\Builder->pluck('total', 'date')
#9 C:\\Users\\ADMIN\\Desktop\\K2\\projects\\4viewsSocial\\APIAdmin\\app\\Http\\Controllers\\DashboardController.php(50): Illuminate\\Database\\Eloquent\\Builder->pluck('total', 'date')
#10 C:\\Users\\ADMIN\\Desktop\\K2\\projects\\4viewsSocial\\APIAdmin\\vendor\\laravel\\framework\\src\\Illuminate\\Routing\\ControllerDispatcher.php(46): App\\Http\\Controllers\\DashboardController->chart()
#11 C:\\Users\\ADMIN\\Desktop\\K2\\projects\\4viewsSocial\\APIAdmin\\vendor\\laravel\\framework\\src\\Illuminate\\Routing\\Route.php(265): Illuminate\\Routing\\ControllerDispatcher->dispatch(Object(Illuminate\\Routing\\Route), Object(App\\Http\\Controllers\\DashboardController), 'chart')
#12 C:\\Users\\ADMIN\\Desktop\\K2\\projects\\4viewsSocial\\APIAdmin\\vendor\\laravel\\framework\\src\\Illuminate\\Routing\\Route.php(211): Illuminate\\Routing\\Route->runController()
#13 C:\\Users\\ADMIN\\Desktop\\K2\\projects\\4viewsSocial\\APIAdmin\\vendor\\laravel\\framework\\src\\Illuminate\\Routing\\Router.php(822): Illuminate\\Routing\\Route->run()
#14 C:\\Users\\ADMIN\\Desktop\\K2\\projects\\4viewsSocial\\APIAdmin\\vendor\\laravel\\framework\\src\\Illuminate\\Pipeline\\Pipeline.php(180): Illuminate\\Routing\\Router->Illuminate\\Routing\\{closure}(Object(Illuminate\\Http\\Request))
#15 C:\\Users\\ADMIN\\Desktop\\K2\\projects\\4viewsSocial\\APIAdmin\\vendor\\laravel\\framework\\src\\Illuminate\\Routing\\Middleware\\SubstituteBindings.php(50): Illuminate\\Pipeline\\Pipeline->Illuminate\\Pipeline\\{closure}(Object(Illuminate\\Http\\Request))
#16 C:\\Users\\ADMIN\\Desktop\\K2\\projects\\4viewsSocial\\APIAdmin\\vendor\\laravel\\framework\\src\\Illuminate\\Pipeline\\Pipeline.php(219): Illuminate\\Routing\\Middleware\\SubstituteBindings->handle(Object(Illuminate\\Http\\Request), Object(Closure))
#17 C:\\Users\\ADMIN\\Desktop\\K2\\projects\\4viewsSocial\\APIAdmin\\vendor\\laravel\\framework\\src\\Illuminate\\Pipeline\\Pipeline.php(137): Illuminate\\Pipeline\\Pipeline->Illuminate\\Pipeline\\{closure}(Object(Illuminate\\Http\\Request))
#18 C:\\Users\\ADMIN\\Desktop\\K2\\projects\\4viewsSocial\\APIAdmin\\vendor\\laravel\\framework\\src\\Illuminate\\Routing\\Router.php(821): Illuminate\\Pipeline\\Pipeline->then(Object(Closure))
#19 C:\\Users\\ADMIN\\Desktop\\K2\\projects\\4viewsSocial\\APIAdmin\\vendor\\laravel\\framework\\src\\Illuminate\\Routing\\Router.php(800): Illuminate\\Routing\\Router->runRouteWithinStack(Object(Illuminate\\Routing\\Route), Object(Illuminate\\Http\\Request))
#20 C:\\Users\\ADMIN\\Desktop\\K2\\projects\\4viewsSocial\\APIAdmin\\vendor\\laravel\\framework\\src\\Illuminate\\Routing\\Router.php(764): Illuminate\\Routing\\Router->runRoute(Object(Illuminate\\Http\\Request), Object(Illuminate\\Routing\\Route))
#21 C:\\Users\\ADMIN\\Desktop\\K2\\projects\\4viewsSocial\\APIAdmin\\vendor\\laravel\\framework\\src\\Illuminate\\Routing\\Router.php(753): Illuminate\\Routing\\Router->dispatchToRoute(Object(Illuminate\\Http\\Request))
#22 C:\\Users\\ADMIN\\Desktop\\K2\\projects\\4viewsSocial\\APIAdmin\\vendor\\laravel\\framework\\src\\Illuminate\\Foundation\\Http\\Kernel.php(200): Illuminate\\Routing\\Router->dispatch(Object(Illuminate\\Http\\Request))
#23 C:\\Users\\ADMIN\\Desktop\\K2\\projects\\4viewsSocial\\APIAdmin\\vendor\\laravel\\framework\\src\\Illuminate\\Pipeline\\Pipeline.php(180): Illuminate\\Foundation\\Http\\Kernel->Illuminate\\Foundation\\Http\\{closure}(Object(Illuminate\\Http\\Request))
#24 C:\\Users\\ADMIN\\Desktop\\K2\\projects\\4viewsSocial\\APIAdmin\\vendor\\laravel\\framework\\src\\Illuminate\\Foundation\\Http\\Middleware\\TransformsRequest.php(21): Illuminate\\Pipeline\\Pipeline->Illuminate\\Pipeline\\{closure}(Object(Illuminate\\Http\\Request))
#25 C:\\Users\\ADMIN\\Desktop\\K2\\projects\\4viewsSocial\\APIAdmin\\vendor\\laravel\\framework\\src\\Illuminate\\Foundation\\Http\\Middleware\\ConvertEmptyStringsToNull.php(31): Illuminate\\Foundation\\Http\\Middleware\\TransformsRequest->handle(Object(Illuminate\\Http\\Request), Object(Closure))
#26 C:\\Users\\ADMIN\\Desktop\\K2\\projects\\4viewsSocial\\APIAdmin\\vendor\\laravel\\framework\\src\\Illuminate\\Pipeline\\Pipeline.php(219): Illuminate\\Foundation\\Http\\Middleware\\ConvertEmptyStringsToNull->handle(Object(Illuminate\\Http\\Request), Object(Closure))
#27 C:\\Users\\ADMIN\\Desktop\\K2\\projects\\4viewsSocial\\APIAdmin\\vendor\\laravel\\framework\\src\\Illuminate\\Foundation\\Http\\Middleware\\TransformsRequest.php(21): Illuminate\\Pipeline\\Pipeline->Illuminate\\Pipeline\\{closure}(Object(Illuminate\\Http\\Request))
#28 C:\\Users\\ADMIN\\Desktop\\K2\\projects\\4viewsSocial\\APIAdmin\\vendor\\laravel\\framework\\src\\Illuminate\\Foundation\\Http\\Middleware\\TrimStrings.php(51): Illuminate\\Foundation\\Http\\Middleware\\TransformsRequest->handle(Object(Illuminate\\Http\\Request), Object(Closure))
#29 C:\\Users\\ADMIN\\Desktop\\K2\\projects\\4viewsSocial\\APIAdmin\\vendor\\laravel\\framework\\src\\Illuminate\\Pipeline\\Pipeline.php(219): Illuminate\\Foundation\\Http\\Middleware\\TrimStrings->handle(Object(Illuminate\\Http\\Request), Object(Closure))
#30 C:\\Users\\ADMIN\\Desktop\\K2\\projects\\4viewsSocial\\APIAdmin\\vendor\\laravel\\framework\\src\\Illuminate\\Http\\Middleware\\ValidatePostSize.php(27): Illuminate\\Pipeline\\Pipeline->Illuminate\\Pipeline\\{closure}(Object(Illuminate\\Http\\Request))
#31 C:\\Users\\ADMIN\\Desktop\\K2\\projects\\4viewsSocial\\APIAdmin\\vendor\\laravel\\framework\\src\\Illuminate\\Pipeline\\Pipeline.php(219): Illuminate\\Http\\Middleware\\ValidatePostSize->handle(Object(Illuminate\\Http\\Request), Object(Closure))
#32 C:\\Users\\ADMIN\\Desktop\\K2\\projects\\4viewsSocial\\APIAdmin\\vendor\\laravel\\framework\\src\\Illuminate\\Foundation\\Http\\Middleware\\PreventRequestsDuringMaintenance.php(109): Illuminate\\Pipeline\\Pipeline->Illuminate\\Pipeline\\{closure}(Object(Illuminate\\Http\\Request))
#33 C:\\Users\\ADMIN\\Desktop\\K2\\projects\\4viewsSocial\\APIAdmin\\vendor\\laravel\\framework\\src\\Illuminate\\Pipeline\\Pipeline.php(219): Illuminate\\Foundation\\Http\\Middleware\\PreventRequestsDuringMaintenance->handle(Object(Illuminate\\Http\\Request), Object(Closure))
#34 C:\\Users\\ADMIN\\Desktop\\K2\\projects\\4viewsSocial\\APIAdmin\\vendor\\laravel\\framework\\src\\Illuminate\\Http\\Middleware\\HandleCors.php(61): Illuminate\\Pipeline\\Pipeline->Illuminate\\Pipeline\\{closure}(Object(Illuminate\\Http\\Request))
#35 C:\\Users\\ADMIN\\Desktop\\K2\\projects\\4viewsSocial\\APIAdmin\\vendor\\laravel\\framework\\src\\Illuminate\\Pipeline\\Pipeline.php(219): Illuminate\\Http\\Middleware\\HandleCors->handle(Object(Illuminate\\Http\\Request), Object(Closure))
#36 C:\\Users\\ADMIN\\Desktop\\K2\\projects\\4viewsSocial\\APIAdmin\\vendor\\laravel\\framework\\src\\Illuminate\\Http\\Middleware\\TrustProxies.php(58): Illuminate\\Pipeline\\Pipeline->Illuminate\\Pipeline\\{closure}(Object(Illuminate\\Http\\Request))
#37 C:\\Users\\ADMIN\\Desktop\\K2\\projects\\4viewsSocial\\APIAdmin\\vendor\\laravel\\framework\\src\\Illuminate\\Pipeline\\Pipeline.php(219): Illuminate\\Http\\Middleware\\TrustProxies->handle(Object(Illuminate\\Http\\Request), Object(Closure))
#38 C:\\Users\\ADMIN\\Desktop\\K2\\projects\\4viewsSocial\\APIAdmin\\vendor\\laravel\\framework\\src\\Illuminate\\Foundation\\Http\\Middleware\\InvokeDeferredCallbacks.php(22): Illuminate\\Pipeline\\Pipeline->Illuminate\\Pipeline\\{closure}(Object(Illuminate\\Http\\Request))
#39 C:\\Users\\ADMIN\\Desktop\\K2\\projects\\4viewsSocial\\APIAdmin\\vendor\\laravel\\framework\\src\\Illuminate\\Pipeline\\Pipeline.php(219): Illuminate\\Foundation\\Http\\Middleware\\InvokeDeferredCallbacks->handle(Object(Illuminate\\Http\\Request), Object(Closure))
#40 C:\\Users\\ADMIN\\Desktop\\K2\\projects\\4viewsSocial\\APIAdmin\\vendor\\laravel\\framework\\src\\Illuminate\\Http\\Middleware\\ValidatePathEncoding.php(26): Illuminate\\Pipeline\\Pipeline->Illuminate\\Pipeline\\{closure}(Object(Illuminate\\Http\\Request))
#41 C:\\Users\\ADMIN\\Desktop\\K2\\projects\\4viewsSocial\\APIAdmin\\vendor\\laravel\\framework\\src\\Illuminate\\Pipeline\\Pipeline.php(219): Illuminate\\Http\\Middleware\\ValidatePathEncoding->handle(Object(Illuminate\\Http\\Request), Object(Closure))
#42 C:\\Users\\ADMIN\\Desktop\\K2\\projects\\4viewsSocial\\APIAdmin\\vendor\\laravel\\framework\\src\\Illuminate\\Pipeline\\Pipeline.php(137): Illuminate\\Pipeline\\Pipeline->Illuminate\\Pipeline\\{closure}(Object(Illuminate\\Http\\Request))
#43 C:\\Users\\ADMIN\\Desktop\\K2\\projects\\4viewsSocial\\APIAdmin\\vendor\\laravel\\framework\\src\\Illuminate\\Foundation\\Http\\Kernel.php(175): Illuminate\\Pipeline\\Pipeline->then(Object(Closure))
#44 C:\\Users\\ADMIN\\Desktop\\K2\\projects\\4viewsSocial\\APIAdmin\\vendor\\laravel\\framework\\src\\Illuminate\\Foundation\\Http\\Kernel.php(144): Illuminate\\Foundation\\Http\\Kernel->sendRequestThroughRouter(Object(Illuminate\\Http\\Request))
#45 C:\\Users\\ADMIN\\Desktop\\K2\\projects\\4viewsSocial\\APIAdmin\\vendor\\laravel\\framework\\src\\Illuminate\\Foundation\\Application.php(1220): Illuminate\\Foundation\\Http\\Kernel->handle(Object(Illuminate\\Http\\Request))
#46 C:\\Users\\ADMIN\\Desktop\\K2\\projects\\4viewsSocial\\APIAdmin\\public\\index.php(20): Illuminate\\Foundation\\Application->handleRequest(Object(Illuminate\\Http\\Request))
#47 C:\\Users\\ADMIN\\Desktop\\K2\\projects\\4viewsSocial\\APIAdmin\\vendor\\laravel\\framework\\src\\Illuminate\\Foundation\\resources\\server.php(23): require_once('C:\\\\Users\\\\ADMIN\\\\...')
#48 {main}
"} 
[2026-01-04 04:17:50] local.ERROR: SQLSTATE[42S22]: Column not found: 1054 Unknown column 'created_date' in 'field list' (Connection: mysql, SQL: select DATE(created_date) as date, COUNT(*) as total from `users` where date(`created_date`) >= 2025-12-29 group by `date`) {"exception":"[object] (Illuminate\\Database\\QueryException(code: 42S22): SQLSTATE[42S22]: Column not found: 1054 Unknown column 'created_date' in 'field list' (Connection: mysql, SQL: select DATE(created_date) as date, COUNT(*) as total from `users` where date(`created_date`) >= 2025-12-29 group by `date`) at C:\\Users\\ADMIN\\Desktop\\K2\\projects\\4viewsSocial\\APIAdmin\\vendor\\laravel\\framework\\src\\Illuminate\\Database\\Connection.php:824)
[stacktrace]
#0 C:\\Users\\ADMIN\\Desktop\\K2\\projects\\4viewsSocial\\APIAdmin\\vendor\\laravel\\framework\\src\\Illuminate\\Database\\Connection.php(778): Illuminate\\Database\\Connection->runQueryCallback('select DATE(cre...', Array, Object(Closure))
#1 C:\\Users\\ADMIN\\Desktop\\K2\\projects\\4viewsSocial\\APIAdmin\\vendor\\laravel\\framework\\src\\Illuminate\\Database\\Connection.php(397): Illuminate\\Database\\Connection->run('select DATE(cre...', Array, Object(Closure))
#2 C:\\Users\\ADMIN\\Desktop\\K2\\projects\\4viewsSocial\\APIAdmin\\vendor\\laravel\\framework\\src\\Illuminate\\Database\\Query\\Builder.php(3188): Illuminate\\Database\\Connection->select('select DATE(cre...', Array, true)
#3 C:\\Users\\ADMIN\\Desktop\\K2\\projects\\4viewsSocial\\APIAdmin\\vendor\\laravel\\framework\\src\\Illuminate\\Database\\Query\\Builder.php(3446): Illuminate\\Database\\Query\\Builder->runSelect()
#4 C:\\Users\\ADMIN\\Desktop\\K2\\projects\\4viewsSocial\\APIAdmin\\vendor\\laravel\\framework\\src\\Illuminate\\Database\\Query\\Builder.php(3763): Illuminate\\Database\\Query\\Builder->Illuminate\\Database\\Query\\{closure}()
#5 C:\\Users\\ADMIN\\Desktop\\K2\\projects\\4viewsSocial\\APIAdmin\\vendor\\laravel\\framework\\src\\Illuminate\\Database\\Query\\Builder.php(3442): Illuminate\\Database\\Query\\Builder->onceWithColumns(Array, Object(Closure))
#6 C:\\Users\\ADMIN\\Desktop\\K2\\projects\\4viewsSocial\\APIAdmin\\vendor\\laravel\\framework\\src\\Illuminate\\Database\\Eloquent\\Builder.php(1082): Illuminate\\Database\\Query\\Builder->pluck('total', 'date')
#7 C:\\Users\\ADMIN\\Desktop\\K2\\projects\\4viewsSocial\\APIAdmin\\app\\Http\\Controllers\\DashboardController.php(50): Illuminate\\Database\\Eloquent\\Builder->pluck('total', 'date')
#8 C:\\Users\\ADMIN\\Desktop\\K2\\projects\\4viewsSocial\\APIAdmin\\vendor\\laravel\\framework\\src\\Illuminate\\Routing\\ControllerDispatcher.php(46): App\\Http\\Controllers\\DashboardController->chart()
#9 C:\\Users\\ADMIN\\Desktop\\K2\\projects\\4viewsSocial\\APIAdmin\\vendor\\laravel\\framework\\src\\Illuminate\\Routing\\Route.php(265): Illuminate\\Routing\\ControllerDispatcher->dispatch(Object(Illuminate\\Routing\\Route), Object(App\\Http\\Controllers\\DashboardController), 'chart')
#10 C:\\Users\\ADMIN\\Desktop\\K2\\projects\\4viewsSocial\\APIAdmin\\vendor\\laravel\\framework\\src\\Illuminate\\Routing\\Route.php(211): Illuminate\\Routing\\Route->runController()
#11 C:\\Users\\ADMIN\\Desktop\\K2\\projects\\4viewsSocial\\APIAdmin\\vendor\\laravel\\framework\\src\\Illuminate\\Routing\\Router.php(822): Illuminate\\Routing\\Route->run()
#12 C:\\Users\\ADMIN\\Desktop\\K2\\projects\\4viewsSocial\\APIAdmin\\vendor\\laravel\\framework\\src\\Illuminate\\Pipeline\\Pipeline.php(180): Illuminate\\Routing\\Router->Illuminate\\Routing\\{closure}(Object(Illuminate\\Http\\Request))
#13 C:\\Users\\ADMIN\\Desktop\\K2\\projects\\4viewsSocial\\APIAdmin\\vendor\\laravel\\framework\\src\\Illuminate\\Routing\\Middleware\\SubstituteBindings.php(50): Illuminate\\Pipeline\\Pipeline->Illuminate\\Pipeline\\{closure}(Object(Illuminate\\Http\\Request))
#14 C:\\Users\\ADMIN\\Desktop\\K2\\projects\\4viewsSocial\\APIAdmin\\vendor\\laravel\\framework\\src\\Illuminate\\Pipeline\\Pipeline.php(219): Illuminate\\Routing\\Middleware\\SubstituteBindings->handle(Object(Illuminate\\Http\\Request), Object(Closure))
#15 C:\\Users\\ADMIN\\Desktop\\K2\\projects\\4viewsSocial\\APIAdmin\\vendor\\laravel\\framework\\src\\Illuminate\\Pipeline\\Pipeline.php(137): Illuminate\\Pipeline\\Pipeline->Illuminate\\Pipeline\\{closure}(Object(Illuminate\\Http\\Request))
#16 C:\\Users\\ADMIN\\Desktop\\K2\\projects\\4viewsSocial\\APIAdmin\\vendor\\laravel\\framework\\src\\Illuminate\\Routing\\Router.php(821): Illuminate\\Pipeline\\Pipeline->then(Object(Closure))
#17 C:\\Users\\ADMIN\\Desktop\\K2\\projects\\4viewsSocial\\APIAdmin\\vendor\\laravel\\framework\\src\\Illuminate\\Routing\\Router.php(800): Illuminate\\Routing\\Router->runRouteWithinStack(Object(Illuminate\\Routing\\Route), Object(Illuminate\\Http\\Request))
#18 C:\\Users\\ADMIN\\Desktop\\K2\\projects\\4viewsSocial\\APIAdmin\\vendor\\laravel\\framework\\src\\Illuminate\\Routing\\Router.php(764): Illuminate\\Routing\\Router->runRoute(Object(Illuminate\\Http\\Request), Object(Illuminate\\Routing\\Route))
#19 C:\\Users\\ADMIN\\Desktop\\K2\\projects\\4viewsSocial\\APIAdmin\\vendor\\laravel\\framework\\src\\Illuminate\\Routing\\Router.php(753): Illuminate\\Routing\\Router->dispatchToRoute(Object(Illuminate\\Http\\Request))
#20 C:\\Users\\ADMIN\\Desktop\\K2\\projects\\4viewsSocial\\APIAdmin\\vendor\\laravel\\framework\\src\\Illuminate\\Foundation\\Http\\Kernel.php(200): Illuminate\\Routing\\Router->dispatch(Object(Illuminate\\Http\\Request))
#21 C:\\Users\\ADMIN\\Desktop\\K2\\projects\\4viewsSocial\\APIAdmin\\vendor\\laravel\\framework\\src\\Illuminate\\Pipeline\\Pipeline.php(180): Illuminate\\Foundation\\Http\\Kernel->Illuminate\\Foundation\\Http\\{closure}(Object(Illuminate\\Http\\Request))
#22 C:\\Users\\ADMIN\\Desktop\\K2\\projects\\4viewsSocial\\APIAdmin\\vendor\\laravel\\framework\\src\\Illuminate\\Foundation\\Http\\Middleware\\TransformsRequest.php(21): Illuminate\\Pipeline\\Pipeline->Illuminate\\Pipeline\\{closure}(Object(Illuminate\\Http\\Request))
#23 C:\\Users\\ADMIN\\Desktop\\K2\\projects\\4viewsSocial\\APIAdmin\\vendor\\laravel\\framework\\src\\Illuminate\\Foundation\\Http\\Middleware\\ConvertEmptyStringsToNull.php(31): Illuminate\\Foundation\\Http\\Middleware\\TransformsRequest->handle(Object(Illuminate\\Http\\Request), Object(Closure))
#24 C:\\Users\\ADMIN\\Desktop\\K2\\projects\\4viewsSocial\\APIAdmin\\vendor\\laravel\\framework\\src\\Illuminate\\Pipeline\\Pipeline.php(219): Illuminate\\Foundation\\Http\\Middleware\\ConvertEmptyStringsToNull->handle(Object(Illuminate\\Http\\Request), Object(Closure))
#25 C:\\Users\\ADMIN\\Desktop\\K2\\projects\\4viewsSocial\\APIAdmin\\vendor\\laravel\\framework\\src\\Illuminate\\Foundation\\Http\\Middleware\\TransformsRequest.php(21): Illuminate\\Pipeline\\Pipeline->Illuminate\\Pipeline\\{closure}(Object(Illuminate\\Http\\Request))
#26 C:\\Users\\ADMIN\\Desktop\\K2\\projects\\4viewsSocial\\APIAdmin\\vendor\\laravel\\framework\\src\\Illuminate\\Foundation\\Http\\Middleware\\TrimStrings.php(51): Illuminate\\Foundation\\Http\\Middleware\\TransformsRequest->handle(Object(Illuminate\\Http\\Request), Object(Closure))
#27 C:\\Users\\ADMIN\\Desktop\\K2\\projects\\4viewsSocial\\APIAdmin\\vendor\\laravel\\framework\\src\\Illuminate\\Pipeline\\Pipeline.php(219): Illuminate\\Foundation\\Http\\Middleware\\TrimStrings->handle(Object(Illuminate\\Http\\Request), Object(Closure))
#28 C:\\Users\\ADMIN\\Desktop\\K2\\projects\\4viewsSocial\\APIAdmin\\vendor\\laravel\\framework\\src\\Illuminate\\Http\\Middleware\\ValidatePostSize.php(27): Illuminate\\Pipeline\\Pipeline->Illuminate\\Pipeline\\{closure}(Object(Illuminate\\Http\\Request))
#29 C:\\Users\\ADMIN\\Desktop\\K2\\projects\\4viewsSocial\\APIAdmin\\vendor\\laravel\\framework\\src\\Illuminate\\Pipeline\\Pipeline.php(219): Illuminate\\Http\\Middleware\\ValidatePostSize->handle(Object(Illuminate\\Http\\Request), Object(Closure))
#30 C:\\Users\\ADMIN\\Desktop\\K2\\projects\\4viewsSocial\\APIAdmin\\vendor\\laravel\\framework\\src\\Illuminate\\Foundation\\Http\\Middleware\\PreventRequestsDuringMaintenance.php(109): Illuminate\\Pipeline\\Pipeline->Illuminate\\Pipeline\\{closure}(Object(Illuminate\\Http\\Request))
#31 C:\\Users\\ADMIN\\Desktop\\K2\\projects\\4viewsSocial\\APIAdmin\\vendor\\laravel\\framework\\src\\Illuminate\\Pipeline\\Pipeline.php(219): Illuminate\\Foundation\\Http\\Middleware\\PreventRequestsDuringMaintenance->handle(Object(Illuminate\\Http\\Request), Object(Closure))
#32 C:\\Users\\ADMIN\\Desktop\\K2\\projects\\4viewsSocial\\APIAdmin\\vendor\\laravel\\framework\\src\\Illuminate\\Http\\Middleware\\HandleCors.php(61): Illuminate\\Pipeline\\Pipeline->Illuminate\\Pipeline\\{closure}(Object(Illuminate\\Http\\Request))
#33 C:\\Users\\ADMIN\\Desktop\\K2\\projects\\4viewsSocial\\APIAdmin\\vendor\\laravel\\framework\\src\\Illuminate\\Pipeline\\Pipeline.php(219): Illuminate\\Http\\Middleware\\HandleCors->handle(Object(Illuminate\\Http\\Request), Object(Closure))
#34 C:\\Users\\ADMIN\\Desktop\\K2\\projects\\4viewsSocial\\APIAdmin\\vendor\\laravel\\framework\\src\\Illuminate\\Http\\Middleware\\TrustProxies.php(58): Illuminate\\Pipeline\\Pipeline->Illuminate\\Pipeline\\{closure}(Object(Illuminate\\Http\\Request))
#35 C:\\Users\\ADMIN\\Desktop\\K2\\projects\\4viewsSocial\\APIAdmin\\vendor\\laravel\\framework\\src\\Illuminate\\Pipeline\\Pipeline.php(219): Illuminate\\Http\\Middleware\\TrustProxies->handle(Object(Illuminate\\Http\\Request), Object(Closure))
#36 C:\\Users\\ADMIN\\Desktop\\K2\\projects\\4viewsSocial\\APIAdmin\\vendor\\laravel\\framework\\src\\Illuminate\\Foundation\\Http\\Middleware\\InvokeDeferredCallbacks.php(22): Illuminate\\Pipeline\\Pipeline->Illuminate\\Pipeline\\{closure}(Object(Illuminate\\Http\\Request))
#37 C:\\Users\\ADMIN\\Desktop\\K2\\projects\\4viewsSocial\\APIAdmin\\vendor\\laravel\\framework\\src\\Illuminate\\Pipeline\\Pipeline.php(219): Illuminate\\Foundation\\Http\\Middleware\\InvokeDeferredCallbacks->handle(Object(Illuminate\\Http\\Request), Object(Closure))
#38 C:\\Users\\ADMIN\\Desktop\\K2\\projects\\4viewsSocial\\APIAdmin\\vendor\\laravel\\framework\\src\\Illuminate\\Http\\Middleware\\ValidatePathEncoding.php(26): Illuminate\\Pipeline\\Pipeline->Illuminate\\Pipeline\\{closure}(Object(Illuminate\\Http\\Request))
#39 C:\\Users\\ADMIN\\Desktop\\K2\\projects\\4viewsSocial\\APIAdmin\\vendor\\laravel\\framework\\src\\Illuminate\\Pipeline\\Pipeline.php(219): Illuminate\\Http\\Middleware\\ValidatePathEncoding->handle(Object(Illuminate\\Http\\Request), Object(Closure))
#40 C:\\Users\\ADMIN\\Desktop\\K2\\projects\\4viewsSocial\\APIAdmin\\vendor\\laravel\\framework\\src\\Illuminate\\Pipeline\\Pipeline.php(137): Illuminate\\Pipeline\\Pipeline->Illuminate\\Pipeline\\{closure}(Object(Illuminate\\Http\\Request))
#41 C:\\Users\\ADMIN\\Desktop\\K2\\projects\\4viewsSocial\\APIAdmin\\vendor\\laravel\\framework\\src\\Illuminate\\Foundation\\Http\\Kernel.php(175): Illuminate\\Pipeline\\Pipeline->then(Object(Closure))
#42 C:\\Users\\ADMIN\\Desktop\\K2\\projects\\4viewsSocial\\APIAdmin\\vendor\\laravel\\framework\\src\\Illuminate\\Foundation\\Http\\Kernel.php(144): Illuminate\\Foundation\\Http\\Kernel->sendRequestThroughRouter(Object(Illuminate\\Http\\Request))
#43 C:\\Users\\ADMIN\\Desktop\\K2\\projects\\4viewsSocial\\APIAdmin\\vendor\\laravel\\framework\\src\\Illuminate\\Foundation\\Application.php(1220): Illuminate\\Foundation\\Http\\Kernel->handle(Object(Illuminate\\Http\\Request))
#44 C:\\Users\\ADMIN\\Desktop\\K2\\projects\\4viewsSocial\\APIAdmin\\public\\index.php(20): Illuminate\\Foundation\\Application->handleRequest(Object(Illuminate\\Http\\Request))
#45 C:\\Users\\ADMIN\\Desktop\\K2\\projects\\4viewsSocial\\APIAdmin\\vendor\\laravel\\framework\\src\\Illuminate\\Foundation\\resources\\server.php(23): require_once('C:\\\\Users\\\\ADMIN\\\\...')
#46 {main}

[previous exception] [object] (PDOException(code: 42S22): SQLSTATE[42S22]: Column not found: 1054 Unknown column 'created_date' in 'field list' at C:\\Users\\ADMIN\\Desktop\\K2\\projects\\4viewsSocial\\APIAdmin\\vendor\\laravel\\framework\\src\\Illuminate\\Database\\Connection.php:406)
[stacktrace]
#0 C:\\Users\\ADMIN\\Desktop\\K2\\projects\\4viewsSocial\\APIAdmin\\vendor\\laravel\\framework\\src\\Illuminate\\Database\\Connection.php(406): PDO->prepare('select DATE(cre...')
#1 C:\\Users\\ADMIN\\Desktop\\K2\\projects\\4viewsSocial\\APIAdmin\\vendor\\laravel\\framework\\src\\Illuminate\\Database\\Connection.php(811): Illuminate\\Database\\Connection->Illuminate\\Database\\{closure}('select DATE(cre...', Array)
#2 C:\\Users\\ADMIN\\Desktop\\K2\\projects\\4viewsSocial\\APIAdmin\\vendor\\laravel\\framework\\src\\Illuminate\\Database\\Connection.php(778): Illuminate\\Database\\Connection->runQueryCallback('select DATE(cre...', Array, Object(Closure))
#3 C:\\Users\\ADMIN\\Desktop\\K2\\projects\\4viewsSocial\\APIAdmin\\vendor\\laravel\\framework\\src\\Illuminate\\Database\\Connection.php(397): Illuminate\\Database\\Connection->run('select DATE(cre...', Array, Object(Closure))
#4 C:\\Users\\ADMIN\\Desktop\\K2\\projects\\4viewsSocial\\APIAdmin\\vendor\\laravel\\framework\\src\\Illuminate\\Database\\Query\\Builder.php(3188): Illuminate\\Database\\Connection->select('select DATE(cre...', Array, true)
#5 C:\\Users\\ADMIN\\Desktop\\K2\\projects\\4viewsSocial\\APIAdmin\\vendor\\laravel\\framework\\src\\Illuminate\\Database\\Query\\Builder.php(3446): Illuminate\\Database\\Query\\Builder->runSelect()
#6 C:\\Users\\ADMIN\\Desktop\\K2\\projects\\4viewsSocial\\APIAdmin\\vendor\\laravel\\framework\\src\\Illuminate\\Database\\Query\\Builder.php(3763): Illuminate\\Database\\Query\\Builder->Illuminate\\Database\\Query\\{closure}()
#7 C:\\Users\\ADMIN\\Desktop\\K2\\projects\\4viewsSocial\\APIAdmin\\vendor\\laravel\\framework\\src\\Illuminate\\Database\\Query\\Builder.php(3442): Illuminate\\Database\\Query\\Builder->onceWithColumns(Array, Object(Closure))
#8 C:\\Users\\ADMIN\\Desktop\\K2\\projects\\4viewsSocial\\APIAdmin\\vendor\\laravel\\framework\\src\\Illuminate\\Database\\Eloquent\\Builder.php(1082): Illuminate\\Database\\Query\\Builder->pluck('total', 'date')
#9 C:\\Users\\ADMIN\\Desktop\\K2\\projects\\4viewsSocial\\APIAdmin\\app\\Http\\Controllers\\DashboardController.php(50): Illuminate\\Database\\Eloquent\\Builder->pluck('total', 'date')
#10 C:\\Users\\ADMIN\\Desktop\\K2\\projects\\4viewsSocial\\APIAdmin\\vendor\\laravel\\framework\\src\\Illuminate\\Routing\\ControllerDispatcher.php(46): App\\Http\\Controllers\\DashboardController->chart()
#11 C:\\Users\\ADMIN\\Desktop\\K2\\projects\\4viewsSocial\\APIAdmin\\vendor\\laravel\\framework\\src\\Illuminate\\Routing\\Route.php(265): Illuminate\\Routing\\ControllerDispatcher->dispatch(Object(Illuminate\\Routing\\Route), Object(App\\Http\\Controllers\\DashboardController), 'chart')
#12 C:\\Users\\ADMIN\\Desktop\\K2\\projects\\4viewsSocial\\APIAdmin\\vendor\\laravel\\framework\\src\\Illuminate\\Routing\\Route.php(211): Illuminate\\Routing\\Route->runController()
#13 C:\\Users\\ADMIN\\Desktop\\K2\\projects\\4viewsSocial\\APIAdmin\\vendor\\laravel\\framework\\src\\Illuminate\\Routing\\Router.php(822): Illuminate\\Routing\\Route->run()
#14 C:\\Users\\ADMIN\\Desktop\\K2\\projects\\4viewsSocial\\APIAdmin\\vendor\\laravel\\framework\\src\\Illuminate\\Pipeline\\Pipeline.php(180): Illuminate\\Routing\\Router->Illuminate\\Routing\\{closure}(Object(Illuminate\\Http\\Request))
#15 C:\\Users\\ADMIN\\Desktop\\K2\\projects\\4viewsSocial\\APIAdmin\\vendor\\laravel\\framework\\src\\Illuminate\\Routing\\Middleware\\SubstituteBindings.php(50): Illuminate\\Pipeline\\Pipeline->Illuminate\\Pipeline\\{closure}(Object(Illuminate\\Http\\Request))
#16 C:\\Users\\ADMIN\\Desktop\\K2\\projects\\4viewsSocial\\APIAdmin\\vendor\\laravel\\framework\\src\\Illuminate\\Pipeline\\Pipeline.php(219): Illuminate\\Routing\\Middleware\\SubstituteBindings->handle(Object(Illuminate\\Http\\Request), Object(Closure))
#17 C:\\Users\\ADMIN\\Desktop\\K2\\projects\\4viewsSocial\\APIAdmin\\vendor\\laravel\\framework\\src\\Illuminate\\Pipeline\\Pipeline.php(137): Illuminate\\Pipeline\\Pipeline->Illuminate\\Pipeline\\{closure}(Object(Illuminate\\Http\\Request))
#18 C:\\Users\\ADMIN\\Desktop\\K2\\projects\\4viewsSocial\\APIAdmin\\vendor\\laravel\\framework\\src\\Illuminate\\Routing\\Router.php(821): Illuminate\\Pipeline\\Pipeline->then(Object(Closure))
#19 C:\\Users\\ADMIN\\Desktop\\K2\\projects\\4viewsSocial\\APIAdmin\\vendor\\laravel\\framework\\src\\Illuminate\\Routing\\Router.php(800): Illuminate\\Routing\\Router->runRouteWithinStack(Object(Illuminate\\Routing\\Route), Object(Illuminate\\Http\\Request))
#20 C:\\Users\\ADMIN\\Desktop\\K2\\projects\\4viewsSocial\\APIAdmin\\vendor\\laravel\\framework\\src\\Illuminate\\Routing\\Router.php(764): Illuminate\\Routing\\Router->runRoute(Object(Illuminate\\Http\\Request), Object(Illuminate\\Routing\\Route))
#21 C:\\Users\\ADMIN\\Desktop\\K2\\projects\\4viewsSocial\\APIAdmin\\vendor\\laravel\\framework\\src\\Illuminate\\Routing\\Router.php(753): Illuminate\\Routing\\Router->dispatchToRoute(Object(Illuminate\\Http\\Request))
#22 C:\\Users\\ADMIN\\Desktop\\K2\\projects\\4viewsSocial\\APIAdmin\\vendor\\laravel\\framework\\src\\Illuminate\\Foundation\\Http\\Kernel.php(200): Illuminate\\Routing\\Router->dispatch(Object(Illuminate\\Http\\Request))
#23 C:\\Users\\ADMIN\\Desktop\\K2\\projects\\4viewsSocial\\APIAdmin\\vendor\\laravel\\framework\\src\\Illuminate\\Pipeline\\Pipeline.php(180): Illuminate\\Foundation\\Http\\Kernel->Illuminate\\Foundation\\Http\\{closure}(Object(Illuminate\\Http\\Request))
#24 C:\\Users\\ADMIN\\Desktop\\K2\\projects\\4viewsSocial\\APIAdmin\\vendor\\laravel\\framework\\src\\Illuminate\\Foundation\\Http\\Middleware\\TransformsRequest.php(21): Illuminate\\Pipeline\\Pipeline->Illuminate\\Pipeline\\{closure}(Object(Illuminate\\Http\\Request))
#25 C:\\Users\\ADMIN\\Desktop\\K2\\projects\\4viewsSocial\\APIAdmin\\vendor\\laravel\\framework\\src\\Illuminate\\Foundation\\Http\\Middleware\\ConvertEmptyStringsToNull.php(31): Illuminate\\Foundation\\Http\\Middleware\\TransformsRequest->handle(Object(Illuminate\\Http\\Request), Object(Closure))
#26 C:\\Users\\ADMIN\\Desktop\\K2\\projects\\4viewsSocial\\APIAdmin\\vendor\\laravel\\framework\\src\\Illuminate\\Pipeline\\Pipeline.php(219): Illuminate\\Foundation\\Http\\Middleware\\ConvertEmptyStringsToNull->handle(Object(Illuminate\\Http\\Request), Object(Closure))
#27 C:\\Users\\ADMIN\\Desktop\\K2\\projects\\4viewsSocial\\APIAdmin\\vendor\\laravel\\framework\\src\\Illuminate\\Foundation\\Http\\Middleware\\TransformsRequest.php(21): Illuminate\\Pipeline\\Pipeline->Illuminate\\Pipeline\\{closure}(Object(Illuminate\\Http\\Request))
#28 C:\\Users\\ADMIN\\Desktop\\K2\\projects\\4viewsSocial\\APIAdmin\\vendor\\laravel\\framework\\src\\Illuminate\\Foundation\\Http\\Middleware\\TrimStrings.php(51): Illuminate\\Foundation\\Http\\Middleware\\TransformsRequest->handle(Object(Illuminate\\Http\\Request), Object(Closure))
#29 C:\\Users\\ADMIN\\Desktop\\K2\\projects\\4viewsSocial\\APIAdmin\\vendor\\laravel\\framework\\src\\Illuminate\\Pipeline\\Pipeline.php(219): Illuminate\\Foundation\\Http\\Middleware\\TrimStrings->handle(Object(Illuminate\\Http\\Request), Object(Closure))
#30 C:\\Users\\ADMIN\\Desktop\\K2\\projects\\4viewsSocial\\APIAdmin\\vendor\\laravel\\framework\\src\\Illuminate\\Http\\Middleware\\ValidatePostSize.php(27): Illuminate\\Pipeline\\Pipeline->Illuminate\\Pipeline\\{closure}(Object(Illuminate\\Http\\Request))
#31 C:\\Users\\ADMIN\\Desktop\\K2\\projects\\4viewsSocial\\APIAdmin\\vendor\\laravel\\framework\\src\\Illuminate\\Pipeline\\Pipeline.php(219): Illuminate\\Http\\Middleware\\ValidatePostSize->handle(Object(Illuminate\\Http\\Request), Object(Closure))
#32 C:\\Users\\ADMIN\\Desktop\\K2\\projects\\4viewsSocial\\APIAdmin\\vendor\\laravel\\framework\\src\\Illuminate\\Foundation\\Http\\Middleware\\PreventRequestsDuringMaintenance.php(109): Illuminate\\Pipeline\\Pipeline->Illuminate\\Pipeline\\{closure}(Object(Illuminate\\Http\\Request))
#33 C:\\Users\\ADMIN\\Desktop\\K2\\projects\\4viewsSocial\\APIAdmin\\vendor\\laravel\\framework\\src\\Illuminate\\Pipeline\\Pipeline.php(219): Illuminate\\Foundation\\Http\\Middleware\\PreventRequestsDuringMaintenance->handle(Object(Illuminate\\Http\\Request), Object(Closure))
#34 C:\\Users\\ADMIN\\Desktop\\K2\\projects\\4viewsSocial\\APIAdmin\\vendor\\laravel\\framework\\src\\Illuminate\\Http\\Middleware\\HandleCors.php(61): Illuminate\\Pipeline\\Pipeline->Illuminate\\Pipeline\\{closure}(Object(Illuminate\\Http\\Request))
#35 C:\\Users\\ADMIN\\Desktop\\K2\\projects\\4viewsSocial\\APIAdmin\\vendor\\laravel\\framework\\src\\Illuminate\\Pipeline\\Pipeline.php(219): Illuminate\\Http\\Middleware\\HandleCors->handle(Object(Illuminate\\Http\\Request), Object(Closure))
#36 C:\\Users\\ADMIN\\Desktop\\K2\\projects\\4viewsSocial\\APIAdmin\\vendor\\laravel\\framework\\src\\Illuminate\\Http\\Middleware\\TrustProxies.php(58): Illuminate\\Pipeline\\Pipeline->Illuminate\\Pipeline\\{closure}(Object(Illuminate\\Http\\Request))
#37 C:\\Users\\ADMIN\\Desktop\\K2\\projects\\4viewsSocial\\APIAdmin\\vendor\\laravel\\framework\\src\\Illuminate\\Pipeline\\Pipeline.php(219): Illuminate\\Http\\Middleware\\TrustProxies->handle(Object(Illuminate\\Http\\Request), Object(Closure))
#38 C:\\Users\\ADMIN\\Desktop\\K2\\projects\\4viewsSocial\\APIAdmin\\vendor\\laravel\\framework\\src\\Illuminate\\Foundation\\Http\\Middleware\\InvokeDeferredCallbacks.php(22): Illuminate\\Pipeline\\Pipeline->Illuminate\\Pipeline\\{closure}(Object(Illuminate\\Http\\Request))
#39 C:\\Users\\ADMIN\\Desktop\\K2\\projects\\4viewsSocial\\APIAdmin\\vendor\\laravel\\framework\\src\\Illuminate\\Pipeline\\Pipeline.php(219): Illuminate\\Foundation\\Http\\Middleware\\InvokeDeferredCallbacks->handle(Object(Illuminate\\Http\\Request), Object(Closure))
#40 C:\\Users\\ADMIN\\Desktop\\K2\\projects\\4viewsSocial\\APIAdmin\\vendor\\laravel\\framework\\src\\Illuminate\\Http\\Middleware\\ValidatePathEncoding.php(26): Illuminate\\Pipeline\\Pipeline->Illuminate\\Pipeline\\{closure}(Object(Illuminate\\Http\\Request))
#41 C:\\Users\\ADMIN\\Desktop\\K2\\projects\\4viewsSocial\\APIAdmin\\vendor\\laravel\\framework\\src\\Illuminate\\Pipeline\\Pipeline.php(219): Illuminate\\Http\\Middleware\\ValidatePathEncoding->handle(Object(Illuminate\\Http\\Request), Object(Closure))
#42 C:\\Users\\ADMIN\\Desktop\\K2\\projects\\4viewsSocial\\APIAdmin\\vendor\\laravel\\framework\\src\\Illuminate\\Pipeline\\Pipeline.php(137): Illuminate\\Pipeline\\Pipeline->Illuminate\\Pipeline\\{closure}(Object(Illuminate\\Http\\Request))
#43 C:\\Users\\ADMIN\\Desktop\\K2\\projects\\4viewsSocial\\APIAdmin\\vendor\\laravel\\framework\\src\\Illuminate\\Foundation\\Http\\Kernel.php(175): Illuminate\\Pipeline\\Pipeline->then(Object(Closure))
#44 C:\\Users\\ADMIN\\Desktop\\K2\\projects\\4viewsSocial\\APIAdmin\\vendor\\laravel\\framework\\src\\Illuminate\\Foundation\\Http\\Kernel.php(144): Illuminate\\Foundation\\Http\\Kernel->sendRequestThroughRouter(Object(Illuminate\\Http\\Request))
#45 C:\\Users\\ADMIN\\Desktop\\K2\\projects\\4viewsSocial\\APIAdmin\\vendor\\laravel\\framework\\src\\Illuminate\\Foundation\\Application.php(1220): Illuminate\\Foundation\\Http\\Kernel->handle(Object(Illuminate\\Http\\Request))
#46 C:\\Users\\ADMIN\\Desktop\\K2\\projects\\4viewsSocial\\APIAdmin\\public\\index.php(20): Illuminate\\Foundation\\Application->handleRequest(Object(Illuminate\\Http\\Request))
#47 C:\\Users\\ADMIN\\Desktop\\K2\\projects\\4viewsSocial\\APIAdmin\\vendor\\laravel\\framework\\src\\Illuminate\\Foundation\\resources\\server.php(23): require_once('C:\\\\Users\\\\ADMIN\\\\...')
#48 {main}
"} 
[2026-01-04 04:20:13] local.ERROR: Class "App\Http\Controllers\Notification" not found {"exception":"[object] (Error(code: 0): Class \"App\\Http\\Controllers\\Notification\" not found at C:\\Users\\ADMIN\\Desktop\\K2\\projects\\4viewsSocial\\APIAdmin\\app\\Http\\Controllers\\DashboardController.php:61)
[stacktrace]
#0 C:\\Users\\ADMIN\\Desktop\\K2\\projects\\4viewsSocial\\APIAdmin\\vendor\\laravel\\framework\\src\\Illuminate\\Routing\\ControllerDispatcher.php(46): App\\Http\\Controllers\\DashboardController->chart()
#1 C:\\Users\\ADMIN\\Desktop\\K2\\projects\\4viewsSocial\\APIAdmin\\vendor\\laravel\\framework\\src\\Illuminate\\Routing\\Route.php(265): Illuminate\\Routing\\ControllerDispatcher->dispatch(Object(Illuminate\\Routing\\Route), Object(App\\Http\\Controllers\\DashboardController), 'chart')
#2 C:\\Users\\ADMIN\\Desktop\\K2\\projects\\4viewsSocial\\APIAdmin\\vendor\\laravel\\framework\\src\\Illuminate\\Routing\\Route.php(211): Illuminate\\Routing\\Route->runController()
#3 C:\\Users\\ADMIN\\Desktop\\K2\\projects\\4viewsSocial\\APIAdmin\\vendor\\laravel\\framework\\src\\Illuminate\\Routing\\Router.php(822): Illuminate\\Routing\\Route->run()
#4 C:\\Users\\ADMIN\\Desktop\\K2\\projects\\4viewsSocial\\APIAdmin\\vendor\\laravel\\framework\\src\\Illuminate\\Pipeline\\Pipeline.php(180): Illuminate\\Routing\\Router->Illuminate\\Routing\\{closure}(Object(Illuminate\\Http\\Request))
#5 C:\\Users\\ADMIN\\Desktop\\K2\\projects\\4viewsSocial\\APIAdmin\\vendor\\laravel\\framework\\src\\Illuminate\\Routing\\Middleware\\SubstituteBindings.php(50): Illuminate\\Pipeline\\Pipeline->Illuminate\\Pipeline\\{closure}(Object(Illuminate\\Http\\Request))
#6 C:\\Users\\ADMIN\\Desktop\\K2\\projects\\4viewsSocial\\APIAdmin\\vendor\\laravel\\framework\\src\\Illuminate\\Pipeline\\Pipeline.php(219): Illuminate\\Routing\\Middleware\\SubstituteBindings->handle(Object(Illuminate\\Http\\Request), Object(Closure))
#7 C:\\Users\\ADMIN\\Desktop\\K2\\projects\\4viewsSocial\\APIAdmin\\vendor\\laravel\\framework\\src\\Illuminate\\Pipeline\\Pipeline.php(137): Illuminate\\Pipeline\\Pipeline->Illuminate\\Pipeline\\{closure}(Object(Illuminate\\Http\\Request))
#8 C:\\Users\\ADMIN\\Desktop\\K2\\projects\\4viewsSocial\\APIAdmin\\vendor\\laravel\\framework\\src\\Illuminate\\Routing\\Router.php(821): Illuminate\\Pipeline\\Pipeline->then(Object(Closure))
#9 C:\\Users\\ADMIN\\Desktop\\K2\\projects\\4viewsSocial\\APIAdmin\\vendor\\laravel\\framework\\src\\Illuminate\\Routing\\Router.php(800): Illuminate\\Routing\\Router->runRouteWithinStack(Object(Illuminate\\Routing\\Route), Object(Illuminate\\Http\\Request))
#10 C:\\Users\\ADMIN\\Desktop\\K2\\projects\\4viewsSocial\\APIAdmin\\vendor\\laravel\\framework\\src\\Illuminate\\Routing\\Router.php(764): Illuminate\\Routing\\Router->runRoute(Object(Illuminate\\Http\\Request), Object(Illuminate\\Routing\\Route))
#11 C:\\Users\\ADMIN\\Desktop\\K2\\projects\\4viewsSocial\\APIAdmin\\vendor\\laravel\\framework\\src\\Illuminate\\Routing\\Router.php(753): Illuminate\\Routing\\Router->dispatchToRoute(Object(Illuminate\\Http\\Request))
#12 C:\\Users\\ADMIN\\Desktop\\K2\\projects\\4viewsSocial\\APIAdmin\\vendor\\laravel\\framework\\src\\Illuminate\\Foundation\\Http\\Kernel.php(200): Illuminate\\Routing\\Router->dispatch(Object(Illuminate\\Http\\Request))
#13 C:\\Users\\ADMIN\\Desktop\\K2\\projects\\4viewsSocial\\APIAdmin\\vendor\\laravel\\framework\\src\\Illuminate\\Pipeline\\Pipeline.php(180): Illuminate\\Foundation\\Http\\Kernel->Illuminate\\Foundation\\Http\\{closure}(Object(Illuminate\\Http\\Request))
#14 C:\\Users\\ADMIN\\Desktop\\K2\\projects\\4viewsSocial\\APIAdmin\\vendor\\laravel\\framework\\src\\Illuminate\\Foundation\\Http\\Middleware\\TransformsRequest.php(21): Illuminate\\Pipeline\\Pipeline->Illuminate\\Pipeline\\{closure}(Object(Illuminate\\Http\\Request))
#15 C:\\Users\\ADMIN\\Desktop\\K2\\projects\\4viewsSocial\\APIAdmin\\vendor\\laravel\\framework\\src\\Illuminate\\Foundation\\Http\\Middleware\\ConvertEmptyStringsToNull.php(31): Illuminate\\Foundation\\Http\\Middleware\\TransformsRequest->handle(Object(Illuminate\\Http\\Request), Object(Closure))
#16 C:\\Users\\ADMIN\\Desktop\\K2\\projects\\4viewsSocial\\APIAdmin\\vendor\\laravel\\framework\\src\\Illuminate\\Pipeline\\Pipeline.php(219): Illuminate\\Foundation\\Http\\Middleware\\ConvertEmptyStringsToNull->handle(Object(Illuminate\\Http\\Request), Object(Closure))
#17 C:\\Users\\ADMIN\\Desktop\\K2\\projects\\4viewsSocial\\APIAdmin\\vendor\\laravel\\framework\\src\\Illuminate\\Foundation\\Http\\Middleware\\TransformsRequest.php(21): Illuminate\\Pipeline\\Pipeline->Illuminate\\Pipeline\\{closure}(Object(Illuminate\\Http\\Request))
#18 C:\\Users\\ADMIN\\Desktop\\K2\\projects\\4viewsSocial\\APIAdmin\\vendor\\laravel\\framework\\src\\Illuminate\\Foundation\\Http\\Middleware\\TrimStrings.php(51): Illuminate\\Foundation\\Http\\Middleware\\TransformsRequest->handle(Object(Illuminate\\Http\\Request), Object(Closure))
#19 C:\\Users\\ADMIN\\Desktop\\K2\\projects\\4viewsSocial\\APIAdmin\\vendor\\laravel\\framework\\src\\Illuminate\\Pipeline\\Pipeline.php(219): Illuminate\\Foundation\\Http\\Middleware\\TrimStrings->handle(Object(Illuminate\\Http\\Request), Object(Closure))
#20 C:\\Users\\ADMIN\\Desktop\\K2\\projects\\4viewsSocial\\APIAdmin\\vendor\\laravel\\framework\\src\\Illuminate\\Http\\Middleware\\ValidatePostSize.php(27): Illuminate\\Pipeline\\Pipeline->Illuminate\\Pipeline\\{closure}(Object(Illuminate\\Http\\Request))
#21 C:\\Users\\ADMIN\\Desktop\\K2\\projects\\4viewsSocial\\APIAdmin\\vendor\\laravel\\framework\\src\\Illuminate\\Pipeline\\Pipeline.php(219): Illuminate\\Http\\Middleware\\ValidatePostSize->handle(Object(Illuminate\\Http\\Request), Object(Closure))
#22 C:\\Users\\ADMIN\\Desktop\\K2\\projects\\4viewsSocial\\APIAdmin\\vendor\\laravel\\framework\\src\\Illuminate\\Foundation\\Http\\Middleware\\PreventRequestsDuringMaintenance.php(109): Illuminate\\Pipeline\\Pipeline->Illuminate\\Pipeline\\{closure}(Object(Illuminate\\Http\\Request))
#23 C:\\Users\\ADMIN\\Desktop\\K2\\projects\\4viewsSocial\\APIAdmin\\vendor\\laravel\\framework\\src\\Illuminate\\Pipeline\\Pipeline.php(219): Illuminate\\Foundation\\Http\\Middleware\\PreventRequestsDuringMaintenance->handle(Object(Illuminate\\Http\\Request), Object(Closure))
#24 C:\\Users\\ADMIN\\Desktop\\K2\\projects\\4viewsSocial\\APIAdmin\\vendor\\laravel\\framework\\src\\Illuminate\\Http\\Middleware\\HandleCors.php(61): Illuminate\\Pipeline\\Pipeline->Illuminate\\Pipeline\\{closure}(Object(Illuminate\\Http\\Request))
#25 C:\\Users\\ADMIN\\Desktop\\K2\\projects\\4viewsSocial\\APIAdmin\\vendor\\laravel\\framework\\src\\Illuminate\\Pipeline\\Pipeline.php(219): Illuminate\\Http\\Middleware\\HandleCors->handle(Object(Illuminate\\Http\\Request), Object(Closure))
#26 C:\\Users\\ADMIN\\Desktop\\K2\\projects\\4viewsSocial\\APIAdmin\\vendor\\laravel\\framework\\src\\Illuminate\\Http\\Middleware\\TrustProxies.php(58): Illuminate\\Pipeline\\Pipeline->Illuminate\\Pipeline\\{closure}(Object(Illuminate\\Http\\Request))
#27 C:\\Users\\ADMIN\\Desktop\\K2\\projects\\4viewsSocial\\APIAdmin\\vendor\\laravel\\framework\\src\\Illuminate\\Pipeline\\Pipeline.php(219): Illuminate\\Http\\Middleware\\TrustProxies->handle(Object(Illuminate\\Http\\Request), Object(Closure))
#28 C:\\Users\\ADMIN\\Desktop\\K2\\projects\\4viewsSocial\\APIAdmin\\vendor\\laravel\\framework\\src\\Illuminate\\Foundation\\Http\\Middleware\\InvokeDeferredCallbacks.php(22): Illuminate\\Pipeline\\Pipeline->Illuminate\\Pipeline\\{closure}(Object(Illuminate\\Http\\Request))
#29 C:\\Users\\ADMIN\\Desktop\\K2\\projects\\4viewsSocial\\APIAdmin\\vendor\\laravel\\framework\\src\\Illuminate\\Pipeline\\Pipeline.php(219): Illuminate\\Foundation\\Http\\Middleware\\InvokeDeferredCallbacks->handle(Object(Illuminate\\Http\\Request), Object(Closure))
#30 C:\\Users\\ADMIN\\Desktop\\K2\\projects\\4viewsSocial\\APIAdmin\\vendor\\laravel\\framework\\src\\Illuminate\\Http\\Middleware\\ValidatePathEncoding.php(26): Illuminate\\Pipeline\\Pipeline->Illuminate\\Pipeline\\{closure}(Object(Illuminate\\Http\\Request))
#31 C:\\Users\\ADMIN\\Desktop\\K2\\projects\\4viewsSocial\\APIAdmin\\vendor\\laravel\\framework\\src\\Illuminate\\Pipeline\\Pipeline.php(219): Illuminate\\Http\\Middleware\\ValidatePathEncoding->handle(Object(Illuminate\\Http\\Request), Object(Closure))
#32 C:\\Users\\ADMIN\\Desktop\\K2\\projects\\4viewsSocial\\APIAdmin\\vendor\\laravel\\framework\\src\\Illuminate\\Pipeline\\Pipeline.php(137): Illuminate\\Pipeline\\Pipeline->Illuminate\\Pipeline\\{closure}(Object(Illuminate\\Http\\Request))
#33 C:\\Users\\ADMIN\\Desktop\\K2\\projects\\4viewsSocial\\APIAdmin\\vendor\\laravel\\framework\\src\\Illuminate\\Foundation\\Http\\Kernel.php(175): Illuminate\\Pipeline\\Pipeline->then(Object(Closure))
#34 C:\\Users\\ADMIN\\Desktop\\K2\\projects\\4viewsSocial\\APIAdmin\\vendor\\laravel\\framework\\src\\Illuminate\\Foundation\\Http\\Kernel.php(144): Illuminate\\Foundation\\Http\\Kernel->sendRequestThroughRouter(Object(Illuminate\\Http\\Request))
#35 C:\\Users\\ADMIN\\Desktop\\K2\\projects\\4viewsSocial\\APIAdmin\\vendor\\laravel\\framework\\src\\Illuminate\\Foundation\\Application.php(1220): Illuminate\\Foundation\\Http\\Kernel->handle(Object(Illuminate\\Http\\Request))
#36 C:\\Users\\ADMIN\\Desktop\\K2\\projects\\4viewsSocial\\APIAdmin\\public\\index.php(20): Illuminate\\Foundation\\Application->handleRequest(Object(Illuminate\\Http\\Request))
#37 C:\\Users\\ADMIN\\Desktop\\K2\\projects\\4viewsSocial\\APIAdmin\\vendor\\laravel\\framework\\src\\Illuminate\\Foundation\\resources\\server.php(23): require_once('C:\\\\Users\\\\ADMIN\\\\...')
#38 {main}
"} 
[2026-01-04 04:20:28] local.ERROR: Class "App\Http\Controllers\Notification" not found {"exception":"[object] (Error(code: 0): Class \"App\\Http\\Controllers\\Notification\" not found at C:\\Users\\ADMIN\\Desktop\\K2\\projects\\4viewsSocial\\APIAdmin\\app\\Http\\Controllers\\DashboardController.php:61)
[stacktrace]
#0 C:\\Users\\ADMIN\\Desktop\\K2\\projects\\4viewsSocial\\APIAdmin\\vendor\\laravel\\framework\\src\\Illuminate\\Routing\\ControllerDispatcher.php(46): App\\Http\\Controllers\\DashboardController->chart()
#1 C:\\Users\\ADMIN\\Desktop\\K2\\projects\\4viewsSocial\\APIAdmin\\vendor\\laravel\\framework\\src\\Illuminate\\Routing\\Route.php(265): Illuminate\\Routing\\ControllerDispatcher->dispatch(Object(Illuminate\\Routing\\Route), Object(App\\Http\\Controllers\\DashboardController), 'chart')
#2 C:\\Users\\ADMIN\\Desktop\\K2\\projects\\4viewsSocial\\APIAdmin\\vendor\\laravel\\framework\\src\\Illuminate\\Routing\\Route.php(211): Illuminate\\Routing\\Route->runController()
#3 C:\\Users\\ADMIN\\Desktop\\K2\\projects\\4viewsSocial\\APIAdmin\\vendor\\laravel\\framework\\src\\Illuminate\\Routing\\Router.php(822): Illuminate\\Routing\\Route->run()
#4 C:\\Users\\ADMIN\\Desktop\\K2\\projects\\4viewsSocial\\APIAdmin\\vendor\\laravel\\framework\\src\\Illuminate\\Pipeline\\Pipeline.php(180): Illuminate\\Routing\\Router->Illuminate\\Routing\\{closure}(Object(Illuminate\\Http\\Request))
#5 C:\\Users\\ADMIN\\Desktop\\K2\\projects\\4viewsSocial\\APIAdmin\\vendor\\laravel\\framework\\src\\Illuminate\\Routing\\Middleware\\SubstituteBindings.php(50): Illuminate\\Pipeline\\Pipeline->Illuminate\\Pipeline\\{closure}(Object(Illuminate\\Http\\Request))
#6 C:\\Users\\ADMIN\\Desktop\\K2\\projects\\4viewsSocial\\APIAdmin\\vendor\\laravel\\framework\\src\\Illuminate\\Pipeline\\Pipeline.php(219): Illuminate\\Routing\\Middleware\\SubstituteBindings->handle(Object(Illuminate\\Http\\Request), Object(Closure))
#7 C:\\Users\\ADMIN\\Desktop\\K2\\projects\\4viewsSocial\\APIAdmin\\vendor\\laravel\\framework\\src\\Illuminate\\Pipeline\\Pipeline.php(137): Illuminate\\Pipeline\\Pipeline->Illuminate\\Pipeline\\{closure}(Object(Illuminate\\Http\\Request))
#8 C:\\Users\\ADMIN\\Desktop\\K2\\projects\\4viewsSocial\\APIAdmin\\vendor\\laravel\\framework\\src\\Illuminate\\Routing\\Router.php(821): Illuminate\\Pipeline\\Pipeline->then(Object(Closure))
#9 C:\\Users\\ADMIN\\Desktop\\K2\\projects\\4viewsSocial\\APIAdmin\\vendor\\laravel\\framework\\src\\Illuminate\\Routing\\Router.php(800): Illuminate\\Routing\\Router->runRouteWithinStack(Object(Illuminate\\Routing\\Route), Object(Illuminate\\Http\\Request))
#10 C:\\Users\\ADMIN\\Desktop\\K2\\projects\\4viewsSocial\\APIAdmin\\vendor\\laravel\\framework\\src\\Illuminate\\Routing\\Router.php(764): Illuminate\\Routing\\Router->runRoute(Object(Illuminate\\Http\\Request), Object(Illuminate\\Routing\\Route))
#11 C:\\Users\\ADMIN\\Desktop\\K2\\projects\\4viewsSocial\\APIAdmin\\vendor\\laravel\\framework\\src\\Illuminate\\Routing\\Router.php(753): Illuminate\\Routing\\Router->dispatchToRoute(Object(Illuminate\\Http\\Request))
#12 C:\\Users\\ADMIN\\Desktop\\K2\\projects\\4viewsSocial\\APIAdmin\\vendor\\laravel\\framework\\src\\Illuminate\\Foundation\\Http\\Kernel.php(200): Illuminate\\Routing\\Router->dispatch(Object(Illuminate\\Http\\Request))
#13 C:\\Users\\ADMIN\\Desktop\\K2\\projects\\4viewsSocial\\APIAdmin\\vendor\\laravel\\framework\\src\\Illuminate\\Pipeline\\Pipeline.php(180): Illuminate\\Foundation\\Http\\Kernel->Illuminate\\Foundation\\Http\\{closure}(Object(Illuminate\\Http\\Request))
#14 C:\\Users\\ADMIN\\Desktop\\K2\\projects\\4viewsSocial\\APIAdmin\\vendor\\laravel\\framework\\src\\Illuminate\\Foundation\\Http\\Middleware\\TransformsRequest.php(21): Illuminate\\Pipeline\\Pipeline->Illuminate\\Pipeline\\{closure}(Object(Illuminate\\Http\\Request))
#15 C:\\Users\\ADMIN\\Desktop\\K2\\projects\\4viewsSocial\\APIAdmin\\vendor\\laravel\\framework\\src\\Illuminate\\Foundation\\Http\\Middleware\\ConvertEmptyStringsToNull.php(31): Illuminate\\Foundation\\Http\\Middleware\\TransformsRequest->handle(Object(Illuminate\\Http\\Request), Object(Closure))
#16 C:\\Users\\ADMIN\\Desktop\\K2\\projects\\4viewsSocial\\APIAdmin\\vendor\\laravel\\framework\\src\\Illuminate\\Pipeline\\Pipeline.php(219): Illuminate\\Foundation\\Http\\Middleware\\ConvertEmptyStringsToNull->handle(Object(Illuminate\\Http\\Request), Object(Closure))
#17 C:\\Users\\ADMIN\\Desktop\\K2\\projects\\4viewsSocial\\APIAdmin\\vendor\\laravel\\framework\\src\\Illuminate\\Foundation\\Http\\Middleware\\TransformsRequest.php(21): Illuminate\\Pipeline\\Pipeline->Illuminate\\Pipeline\\{closure}(Object(Illuminate\\Http\\Request))
#18 C:\\Users\\ADMIN\\Desktop\\K2\\projects\\4viewsSocial\\APIAdmin\\vendor\\laravel\\framework\\src\\Illuminate\\Foundation\\Http\\Middleware\\TrimStrings.php(51): Illuminate\\Foundation\\Http\\Middleware\\TransformsRequest->handle(Object(Illuminate\\Http\\Request), Object(Closure))
#19 C:\\Users\\ADMIN\\Desktop\\K2\\projects\\4viewsSocial\\APIAdmin\\vendor\\laravel\\framework\\src\\Illuminate\\Pipeline\\Pipeline.php(219): Illuminate\\Foundation\\Http\\Middleware\\TrimStrings->handle(Object(Illuminate\\Http\\Request), Object(Closure))
#20 C:\\Users\\ADMIN\\Desktop\\K2\\projects\\4viewsSocial\\APIAdmin\\vendor\\laravel\\framework\\src\\Illuminate\\Http\\Middleware\\ValidatePostSize.php(27): Illuminate\\Pipeline\\Pipeline->Illuminate\\Pipeline\\{closure}(Object(Illuminate\\Http\\Request))
#21 C:\\Users\\ADMIN\\Desktop\\K2\\projects\\4viewsSocial\\APIAdmin\\vendor\\laravel\\framework\\src\\Illuminate\\Pipeline\\Pipeline.php(219): Illuminate\\Http\\Middleware\\ValidatePostSize->handle(Object(Illuminate\\Http\\Request), Object(Closure))
#22 C:\\Users\\ADMIN\\Desktop\\K2\\projects\\4viewsSocial\\APIAdmin\\vendor\\laravel\\framework\\src\\Illuminate\\Foundation\\Http\\Middleware\\PreventRequestsDuringMaintenance.php(109): Illuminate\\Pipeline\\Pipeline->Illuminate\\Pipeline\\{closure}(Object(Illuminate\\Http\\Request))
#23 C:\\Users\\ADMIN\\Desktop\\K2\\projects\\4viewsSocial\\APIAdmin\\vendor\\laravel\\framework\\src\\Illuminate\\Pipeline\\Pipeline.php(219): Illuminate\\Foundation\\Http\\Middleware\\PreventRequestsDuringMaintenance->handle(Object(Illuminate\\Http\\Request), Object(Closure))
#24 C:\\Users\\ADMIN\\Desktop\\K2\\projects\\4viewsSocial\\APIAdmin\\vendor\\laravel\\framework\\src\\Illuminate\\Http\\Middleware\\HandleCors.php(61): Illuminate\\Pipeline\\Pipeline->Illuminate\\Pipeline\\{closure}(Object(Illuminate\\Http\\Request))
#25 C:\\Users\\ADMIN\\Desktop\\K2\\projects\\4viewsSocial\\APIAdmin\\vendor\\laravel\\framework\\src\\Illuminate\\Pipeline\\Pipeline.php(219): Illuminate\\Http\\Middleware\\HandleCors->handle(Object(Illuminate\\Http\\Request), Object(Closure))
#26 C:\\Users\\ADMIN\\Desktop\\K2\\projects\\4viewsSocial\\APIAdmin\\vendor\\laravel\\framework\\src\\Illuminate\\Http\\Middleware\\TrustProxies.php(58): Illuminate\\Pipeline\\Pipeline->Illuminate\\Pipeline\\{closure}(Object(Illuminate\\Http\\Request))
#27 C:\\Users\\ADMIN\\Desktop\\K2\\projects\\4viewsSocial\\APIAdmin\\vendor\\laravel\\framework\\src\\Illuminate\\Pipeline\\Pipeline.php(219): Illuminate\\Http\\Middleware\\TrustProxies->handle(Object(Illuminate\\Http\\Request), Object(Closure))
#28 C:\\Users\\ADMIN\\Desktop\\K2\\projects\\4viewsSocial\\APIAdmin\\vendor\\laravel\\framework\\src\\Illuminate\\Foundation\\Http\\Middleware\\InvokeDeferredCallbacks.php(22): Illuminate\\Pipeline\\Pipeline->Illuminate\\Pipeline\\{closure}(Object(Illuminate\\Http\\Request))
#29 C:\\Users\\ADMIN\\Desktop\\K2\\projects\\4viewsSocial\\APIAdmin\\vendor\\laravel\\framework\\src\\Illuminate\\Pipeline\\Pipeline.php(219): Illuminate\\Foundation\\Http\\Middleware\\InvokeDeferredCallbacks->handle(Object(Illuminate\\Http\\Request), Object(Closure))
#30 C:\\Users\\ADMIN\\Desktop\\K2\\projects\\4viewsSocial\\APIAdmin\\vendor\\laravel\\framework\\src\\Illuminate\\Http\\Middleware\\ValidatePathEncoding.php(26): Illuminate\\Pipeline\\Pipeline->Illuminate\\Pipeline\\{closure}(Object(Illuminate\\Http\\Request))
#31 C:\\Users\\ADMIN\\Desktop\\K2\\projects\\4viewsSocial\\APIAdmin\\vendor\\laravel\\framework\\src\\Illuminate\\Pipeline\\Pipeline.php(219): Illuminate\\Http\\Middleware\\ValidatePathEncoding->handle(Object(Illuminate\\Http\\Request), Object(Closure))
#32 C:\\Users\\ADMIN\\Desktop\\K2\\projects\\4viewsSocial\\APIAdmin\\vendor\\laravel\\framework\\src\\Illuminate\\Pipeline\\Pipeline.php(137): Illuminate\\Pipeline\\Pipeline->Illuminate\\Pipeline\\{closure}(Object(Illuminate\\Http\\Request))
#33 C:\\Users\\ADMIN\\Desktop\\K2\\projects\\4viewsSocial\\APIAdmin\\vendor\\laravel\\framework\\src\\Illuminate\\Foundation\\Http\\Kernel.php(175): Illuminate\\Pipeline\\Pipeline->then(Object(Closure))
#34 C:\\Users\\ADMIN\\Desktop\\K2\\projects\\4viewsSocial\\APIAdmin\\vendor\\laravel\\framework\\src\\Illuminate\\Foundation\\Http\\Kernel.php(144): Illuminate\\Foundation\\Http\\Kernel->sendRequestThroughRouter(Object(Illuminate\\Http\\Request))
#35 C:\\Users\\ADMIN\\Desktop\\K2\\projects\\4viewsSocial\\APIAdmin\\vendor\\laravel\\framework\\src\\Illuminate\\Foundation\\Application.php(1220): Illuminate\\Foundation\\Http\\Kernel->handle(Object(Illuminate\\Http\\Request))
#36 C:\\Users\\ADMIN\\Desktop\\K2\\projects\\4viewsSocial\\APIAdmin\\public\\index.php(20): Illuminate\\Foundation\\Application->handleRequest(Object(Illuminate\\Http\\Request))
#37 C:\\Users\\ADMIN\\Desktop\\K2\\projects\\4viewsSocial\\APIAdmin\\vendor\\laravel\\framework\\src\\Illuminate\\Foundation\\resources\\server.php(23): require_once('C:\\\\Users\\\\ADMIN\\\\...')
#38 {main}
"} 
[2026-01-04 04:26:43] local.ERROR: SQLSTATE[HY000] [2002] No connection could be made because the target machine actively refused it (Connection: mysql, SQL: select * from `violence_warnings`) {"exception":"[object] (Illuminate\\Database\\QueryException(code: 2002): SQLSTATE[HY000] [2002] No connection could be made because the target machine actively refused it (Connection: mysql, SQL: select * from `violence_warnings`) at C:\\Users\\ADMIN\\Desktop\\K2\\projects\\4viewsSocial\\APIAdmin\\vendor\\laravel\\framework\\src\\Illuminate\\Database\\Connection.php:824)
[stacktrace]
#0 C:\\Users\\ADMIN\\Desktop\\K2\\projects\\4viewsSocial\\APIAdmin\\vendor\\laravel\\framework\\src\\Illuminate\\Database\\Connection.php(978): Illuminate\\Database\\Connection->runQueryCallback('select * from `...', Array, Object(Closure))
#1 C:\\Users\\ADMIN\\Desktop\\K2\\projects\\4viewsSocial\\APIAdmin\\vendor\\laravel\\framework\\src\\Illuminate\\Database\\Connection.php(957): Illuminate\\Database\\Connection->tryAgainIfCausedByLostConnection(Object(Illuminate\\Database\\QueryException), 'select * from `...', Array, Object(Closure))
#2 C:\\Users\\ADMIN\\Desktop\\K2\\projects\\4viewsSocial\\APIAdmin\\vendor\\laravel\\framework\\src\\Illuminate\\Database\\Connection.php(780): Illuminate\\Database\\Connection->handleQueryException(Object(Illuminate\\Database\\QueryException), 'select * from `...', Array, Object(Closure))
#3 C:\\Users\\ADMIN\\Desktop\\K2\\projects\\4viewsSocial\\APIAdmin\\vendor\\laravel\\framework\\src\\Illuminate\\Database\\Connection.php(397): Illuminate\\Database\\Connection->run('select * from `...', Array, Object(Closure))
#4 C:\\Users\\ADMIN\\Desktop\\K2\\projects\\4viewsSocial\\APIAdmin\\vendor\\laravel\\framework\\src\\Illuminate\\Database\\Query\\Builder.php(3188): Illuminate\\Database\\Connection->select('select * from `...', Array, true)
#5 C:\\Users\\ADMIN\\Desktop\\K2\\projects\\4viewsSocial\\APIAdmin\\vendor\\laravel\\framework\\src\\Illuminate\\Database\\Query\\Builder.php(3173): Illuminate\\Database\\Query\\Builder->runSelect()
#6 C:\\Users\\ADMIN\\Desktop\\K2\\projects\\4viewsSocial\\APIAdmin\\vendor\\laravel\\framework\\src\\Illuminate\\Database\\Query\\Builder.php(3763): Illuminate\\Database\\Query\\Builder->Illuminate\\Database\\Query\\{closure}()
#7 C:\\Users\\ADMIN\\Desktop\\K2\\projects\\4viewsSocial\\APIAdmin\\vendor\\laravel\\framework\\src\\Illuminate\\Database\\Query\\Builder.php(3172): Illuminate\\Database\\Query\\Builder->onceWithColumns(Array, Object(Closure))
#8 C:\\Users\\ADMIN\\Desktop\\K2\\projects\\4viewsSocial\\APIAdmin\\vendor\\laravel\\framework\\src\\Illuminate\\Database\\Eloquent\\Builder.php(902): Illuminate\\Database\\Query\\Builder->get(Array)
#9 C:\\Users\\ADMIN\\Desktop\\K2\\projects\\4viewsSocial\\APIAdmin\\vendor\\laravel\\framework\\src\\Illuminate\\Database\\Eloquent\\Builder.php(884): Illuminate\\Database\\Eloquent\\Builder->getModels(Array)
#10 C:\\Users\\ADMIN\\Desktop\\K2\\projects\\4viewsSocial\\APIAdmin\\app\\Http\\Controllers\\ReportController.php(21): Illuminate\\Database\\Eloquent\\Builder->get()
#11 C:\\Users\\ADMIN\\Desktop\\K2\\projects\\4viewsSocial\\APIAdmin\\vendor\\laravel\\framework\\src\\Illuminate\\Routing\\ControllerDispatcher.php(46): App\\Http\\Controllers\\ReportController->listReports()
#12 C:\\Users\\ADMIN\\Desktop\\K2\\projects\\4viewsSocial\\APIAdmin\\vendor\\laravel\\framework\\src\\Illuminate\\Routing\\Route.php(265): Illuminate\\Routing\\ControllerDispatcher->dispatch(Object(Illuminate\\Routing\\Route), Object(App\\Http\\Controllers\\ReportController), 'listReports')
#13 C:\\Users\\ADMIN\\Desktop\\K2\\projects\\4viewsSocial\\APIAdmin\\vendor\\laravel\\framework\\src\\Illuminate\\Routing\\Route.php(211): Illuminate\\Routing\\Route->runController()
#14 C:\\Users\\ADMIN\\Desktop\\K2\\projects\\4viewsSocial\\APIAdmin\\vendor\\laravel\\framework\\src\\Illuminate\\Routing\\Router.php(822): Illuminate\\Routing\\Route->run()
#15 C:\\Users\\ADMIN\\Desktop\\K2\\projects\\4viewsSocial\\APIAdmin\\vendor\\laravel\\framework\\src\\Illuminate\\Pipeline\\Pipeline.php(180): Illuminate\\Routing\\Router->Illuminate\\Routing\\{closure}(Object(Illuminate\\Http\\Request))
#16 C:\\Users\\ADMIN\\Desktop\\K2\\projects\\4viewsSocial\\APIAdmin\\vendor\\laravel\\framework\\src\\Illuminate\\Routing\\Middleware\\SubstituteBindings.php(50): Illuminate\\Pipeline\\Pipeline->Illuminate\\Pipeline\\{closure}(Object(Illuminate\\Http\\Request))
#17 C:\\Users\\ADMIN\\Desktop\\K2\\projects\\4viewsSocial\\APIAdmin\\vendor\\laravel\\framework\\src\\Illuminate\\Pipeline\\Pipeline.php(219): Illuminate\\Routing\\Middleware\\SubstituteBindings->handle(Object(Illuminate\\Http\\Request), Object(Closure))
#18 C:\\Users\\ADMIN\\Desktop\\K2\\projects\\4viewsSocial\\APIAdmin\\vendor\\laravel\\framework\\src\\Illuminate\\Pipeline\\Pipeline.php(137): Illuminate\\Pipeline\\Pipeline->Illuminate\\Pipeline\\{closure}(Object(Illuminate\\Http\\Request))
#19 C:\\Users\\ADMIN\\Desktop\\K2\\projects\\4viewsSocial\\APIAdmin\\vendor\\laravel\\framework\\src\\Illuminate\\Routing\\Router.php(821): Illuminate\\Pipeline\\Pipeline->then(Object(Closure))
#20 C:\\Users\\ADMIN\\Desktop\\K2\\projects\\4viewsSocial\\APIAdmin\\vendor\\laravel\\framework\\src\\Illuminate\\Routing\\Router.php(800): Illuminate\\Routing\\Router->runRouteWithinStack(Object(Illuminate\\Routing\\Route), Object(Illuminate\\Http\\Request))
#21 C:\\Users\\ADMIN\\Desktop\\K2\\projects\\4viewsSocial\\APIAdmin\\vendor\\laravel\\framework\\src\\Illuminate\\Routing\\Router.php(764): Illuminate\\Routing\\Router->runRoute(Object(Illuminate\\Http\\Request), Object(Illuminate\\Routing\\Route))
#22 C:\\Users\\ADMIN\\Desktop\\K2\\projects\\4viewsSocial\\APIAdmin\\vendor\\laravel\\framework\\src\\Illuminate\\Routing\\Router.php(753): Illuminate\\Routing\\Router->dispatchToRoute(Object(Illuminate\\Http\\Request))
#23 C:\\Users\\ADMIN\\Desktop\\K2\\projects\\4viewsSocial\\APIAdmin\\vendor\\laravel\\framework\\src\\Illuminate\\Foundation\\Http\\Kernel.php(200): Illuminate\\Routing\\Router->dispatch(Object(Illuminate\\Http\\Request))
#24 C:\\Users\\ADMIN\\Desktop\\K2\\projects\\4viewsSocial\\APIAdmin\\vendor\\laravel\\framework\\src\\Illuminate\\Pipeline\\Pipeline.php(180): Illuminate\\Foundation\\Http\\Kernel->Illuminate\\Foundation\\Http\\{closure}(Object(Illuminate\\Http\\Request))
#25 C:\\Users\\ADMIN\\Desktop\\K2\\projects\\4viewsSocial\\APIAdmin\\vendor\\laravel\\framework\\src\\Illuminate\\Foundation\\Http\\Middleware\\TransformsRequest.php(21): Illuminate\\Pipeline\\Pipeline->Illuminate\\Pipeline\\{closure}(Object(Illuminate\\Http\\Request))
#26 C:\\Users\\ADMIN\\Desktop\\K2\\projects\\4viewsSocial\\APIAdmin\\vendor\\laravel\\framework\\src\\Illuminate\\Foundation\\Http\\Middleware\\ConvertEmptyStringsToNull.php(31): Illuminate\\Foundation\\Http\\Middleware\\TransformsRequest->handle(Object(Illuminate\\Http\\Request), Object(Closure))
#27 C:\\Users\\ADMIN\\Desktop\\K2\\projects\\4viewsSocial\\APIAdmin\\vendor\\laravel\\framework\\src\\Illuminate\\Pipeline\\Pipeline.php(219): Illuminate\\Foundation\\Http\\Middleware\\ConvertEmptyStringsToNull->handle(Object(Illuminate\\Http\\Request), Object(Closure))
#28 C:\\Users\\ADMIN\\Desktop\\K2\\projects\\4viewsSocial\\APIAdmin\\vendor\\laravel\\framework\\src\\Illuminate\\Foundation\\Http\\Middleware\\TransformsRequest.php(21): Illuminate\\Pipeline\\Pipeline->Illuminate\\Pipeline\\{closure}(Object(Illuminate\\Http\\Request))
#29 C:\\Users\\ADMIN\\Desktop\\K2\\projects\\4viewsSocial\\APIAdmin\\vendor\\laravel\\framework\\src\\Illuminate\\Foundation\\Http\\Middleware\\TrimStrings.php(51): Illuminate\\Foundation\\Http\\Middleware\\TransformsRequest->handle(Object(Illuminate\\Http\\Request), Object(Closure))
#30 C:\\Users\\ADMIN\\Desktop\\K2\\projects\\4viewsSocial\\APIAdmin\\vendor\\laravel\\framework\\src\\Illuminate\\Pipeline\\Pipeline.php(219): Illuminate\\Foundation\\Http\\Middleware\\TrimStrings->handle(Object(Illuminate\\Http\\Request), Object(Closure))
#31 C:\\Users\\ADMIN\\Desktop\\K2\\projects\\4viewsSocial\\APIAdmin\\vendor\\laravel\\framework\\src\\Illuminate\\Http\\Middleware\\ValidatePostSize.php(27): Illuminate\\Pipeline\\Pipeline->Illuminate\\Pipeline\\{closure}(Object(Illuminate\\Http\\Request))
#32 C:\\Users\\ADMIN\\Desktop\\K2\\projects\\4viewsSocial\\APIAdmin\\vendor\\laravel\\framework\\src\\Illuminate\\Pipeline\\Pipeline.php(219): Illuminate\\Http\\Middleware\\ValidatePostSize->handle(Object(Illuminate\\Http\\Request), Object(Closure))
#33 C:\\Users\\ADMIN\\Desktop\\K2\\projects\\4viewsSocial\\APIAdmin\\vendor\\laravel\\framework\\src\\Illuminate\\Foundation\\Http\\Middleware\\PreventRequestsDuringMaintenance.php(109): Illuminate\\Pipeline\\Pipeline->Illuminate\\Pipeline\\{closure}(Object(Illuminate\\Http\\Request))
#34 C:\\Users\\ADMIN\\Desktop\\K2\\projects\\4viewsSocial\\APIAdmin\\vendor\\laravel\\framework\\src\\Illuminate\\Pipeline\\Pipeline.php(219): Illuminate\\Foundation\\Http\\Middleware\\PreventRequestsDuringMaintenance->handle(Object(Illuminate\\Http\\Request), Object(Closure))
#35 C:\\Users\\ADMIN\\Desktop\\K2\\projects\\4viewsSocial\\APIAdmin\\vendor\\laravel\\framework\\src\\Illuminate\\Http\\Middleware\\HandleCors.php(61): Illuminate\\Pipeline\\Pipeline->Illuminate\\Pipeline\\{closure}(Object(Illuminate\\Http\\Request))
#36 C:\\Users\\ADMIN\\Desktop\\K2\\projects\\4viewsSocial\\APIAdmin\\vendor\\laravel\\framework\\src\\Illuminate\\Pipeline\\Pipeline.php(219): Illuminate\\Http\\Middleware\\HandleCors->handle(Object(Illuminate\\Http\\Request), Object(Closure))
#37 C:\\Users\\ADMIN\\Desktop\\K2\\projects\\4viewsSocial\\APIAdmin\\vendor\\laravel\\framework\\src\\Illuminate\\Http\\Middleware\\TrustProxies.php(58): Illuminate\\Pipeline\\Pipeline->Illuminate\\Pipeline\\{closure}(Object(Illuminate\\Http\\Request))
#38 C:\\Users\\ADMIN\\Desktop\\K2\\projects\\4viewsSocial\\APIAdmin\\vendor\\laravel\\framework\\src\\Illuminate\\Pipeline\\Pipeline.php(219): Illuminate\\Http\\Middleware\\TrustProxies->handle(Object(Illuminate\\Http\\Request), Object(Closure))
#39 C:\\Users\\ADMIN\\Desktop\\K2\\projects\\4viewsSocial\\APIAdmin\\vendor\\laravel\\framework\\src\\Illuminate\\Foundation\\Http\\Middleware\\InvokeDeferredCallbacks.php(22): Illuminate\\Pipeline\\Pipeline->Illuminate\\Pipeline\\{closure}(Object(Illuminate\\Http\\Request))
#40 C:\\Users\\ADMIN\\Desktop\\K2\\projects\\4viewsSocial\\APIAdmin\\vendor\\laravel\\framework\\src\\Illuminate\\Pipeline\\Pipeline.php(219): Illuminate\\Foundation\\Http\\Middleware\\InvokeDeferredCallbacks->handle(Object(Illuminate\\Http\\Request), Object(Closure))
#41 C:\\Users\\ADMIN\\Desktop\\K2\\projects\\4viewsSocial\\APIAdmin\\vendor\\laravel\\framework\\src\\Illuminate\\Http\\Middleware\\ValidatePathEncoding.php(26): Illuminate\\Pipeline\\Pipeline->Illuminate\\Pipeline\\{closure}(Object(Illuminate\\Http\\Request))
#42 C:\\Users\\ADMIN\\Desktop\\K2\\projects\\4viewsSocial\\APIAdmin\\vendor\\laravel\\framework\\src\\Illuminate\\Pipeline\\Pipeline.php(219): Illuminate\\Http\\Middleware\\ValidatePathEncoding->handle(Object(Illuminate\\Http\\Request), Object(Closure))
#43 C:\\Users\\ADMIN\\Desktop\\K2\\projects\\4viewsSocial\\APIAdmin\\vendor\\laravel\\framework\\src\\Illuminate\\Pipeline\\Pipeline.php(137): Illuminate\\Pipeline\\Pipeline->Illuminate\\Pipeline\\{closure}(Object(Illuminate\\Http\\Request))
#44 C:\\Users\\ADMIN\\Desktop\\K2\\projects\\4viewsSocial\\APIAdmin\\vendor\\laravel\\framework\\src\\Illuminate\\Foundation\\Http\\Kernel.php(175): Illuminate\\Pipeline\\Pipeline->then(Object(Closure))
#45 C:\\Users\\ADMIN\\Desktop\\K2\\projects\\4viewsSocial\\APIAdmin\\vendor\\laravel\\framework\\src\\Illuminate\\Foundation\\Http\\Kernel.php(144): Illuminate\\Foundation\\Http\\Kernel->sendRequestThroughRouter(Object(Illuminate\\Http\\Request))
#46 C:\\Users\\ADMIN\\Desktop\\K2\\projects\\4viewsSocial\\APIAdmin\\vendor\\laravel\\framework\\src\\Illuminate\\Foundation\\Application.php(1220): Illuminate\\Foundation\\Http\\Kernel->handle(Object(Illuminate\\Http\\Request))
#47 C:\\Users\\ADMIN\\Desktop\\K2\\projects\\4viewsSocial\\APIAdmin\\public\\index.php(20): Illuminate\\Foundation\\Application->handleRequest(Object(Illuminate\\Http\\Request))
#48 C:\\Users\\ADMIN\\Desktop\\K2\\projects\\4viewsSocial\\APIAdmin\\vendor\\laravel\\framework\\src\\Illuminate\\Foundation\\resources\\server.php(23): require_once('C:\\\\Users\\\\ADMIN\\\\...')
#49 {main}

[previous exception] [object] (PDOException(code: 2002): SQLSTATE[HY000] [2002] No connection could be made because the target machine actively refused it at C:\\Users\\ADMIN\\Desktop\\K2\\projects\\4viewsSocial\\APIAdmin\\vendor\\laravel\\framework\\src\\Illuminate\\Database\\Connectors\\Connector.php:66)
[stacktrace]
#0 C:\\Users\\ADMIN\\Desktop\\K2\\projects\\4viewsSocial\\APIAdmin\\vendor\\laravel\\framework\\src\\Illuminate\\Database\\Connectors\\Connector.php(66): PDO->__construct('mysql:host=127....', 'root', Object(SensitiveParameterValue), Array)
#1 C:\\Users\\ADMIN\\Desktop\\K2\\projects\\4viewsSocial\\APIAdmin\\vendor\\laravel\\framework\\src\\Illuminate\\Database\\Connectors\\Connector.php(85): Illuminate\\Database\\Connectors\\Connector->createPdoConnection('mysql:host=127....', 'root', Object(SensitiveParameterValue), Array)
#2 C:\\Users\\ADMIN\\Desktop\\K2\\projects\\4viewsSocial\\APIAdmin\\vendor\\laravel\\framework\\src\\Illuminate\\Database\\Connectors\\Connector.php(48): Illuminate\\Database\\Connectors\\Connector->tryAgainIfCausedByLostConnection(Object(PDOException), 'mysql:host=127....', 'root', Object(SensitiveParameterValue), Array)
#3 C:\\Users\\ADMIN\\Desktop\\K2\\projects\\4viewsSocial\\APIAdmin\\vendor\\laravel\\framework\\src\\Illuminate\\Database\\Connectors\\MySqlConnector.php(24): Illuminate\\Database\\Connectors\\Connector->createConnection('mysql:host=127....', Array, Array)
#4 C:\\Users\\ADMIN\\Desktop\\K2\\projects\\4viewsSocial\\APIAdmin\\vendor\\laravel\\framework\\src\\Illuminate\\Database\\Connectors\\ConnectionFactory.php(184): Illuminate\\Database\\Connectors\\MySqlConnector->connect(Array)
#5 [internal function]: Illuminate\\Database\\Connectors\\ConnectionFactory->Illuminate\\Database\\Connectors\\{closure}()
#6 C:\\Users\\ADMIN\\Desktop\\K2\\projects\\4viewsSocial\\APIAdmin\\vendor\\laravel\\framework\\src\\Illuminate\\Database\\Connection.php(1234): call_user_func(Object(Closure))
#7 C:\\Users\\ADMIN\\Desktop\\K2\\projects\\4viewsSocial\\APIAdmin\\vendor\\laravel\\framework\\src\\Illuminate\\Database\\Connection.php(1270): Illuminate\\Database\\Connection->getPdo()
#8 C:\\Users\\ADMIN\\Desktop\\K2\\projects\\4viewsSocial\\APIAdmin\\vendor\\laravel\\framework\\src\\Illuminate\\Database\\Connection.php(511): Illuminate\\Database\\Connection->getReadPdo()
#9 C:\\Users\\ADMIN\\Desktop\\K2\\projects\\4viewsSocial\\APIAdmin\\vendor\\laravel\\framework\\src\\Illuminate\\Database\\Connection.php(406): Illuminate\\Database\\Connection->getPdoForSelect(true)
#10 C:\\Users\\ADMIN\\Desktop\\K2\\projects\\4viewsSocial\\APIAdmin\\vendor\\laravel\\framework\\src\\Illuminate\\Database\\Connection.php(811): Illuminate\\Database\\Connection->Illuminate\\Database\\{closure}('select * from `...', Array)
#11 C:\\Users\\ADMIN\\Desktop\\K2\\projects\\4viewsSocial\\APIAdmin\\vendor\\laravel\\framework\\src\\Illuminate\\Database\\Connection.php(978): Illuminate\\Database\\Connection->runQueryCallback('select * from `...', Array, Object(Closure))
#12 C:\\Users\\ADMIN\\Desktop\\K2\\projects\\4viewsSocial\\APIAdmin\\vendor\\laravel\\framework\\src\\Illuminate\\Database\\Connection.php(957): Illuminate\\Database\\Connection->tryAgainIfCausedByLostConnection(Object(Illuminate\\Database\\QueryException), 'select * from `...', Array, Object(Closure))
#13 C:\\Users\\ADMIN\\Desktop\\K2\\projects\\4viewsSocial\\APIAdmin\\vendor\\laravel\\framework\\src\\Illuminate\\Database\\Connection.php(780): Illuminate\\Database\\Connection->handleQueryException(Object(Illuminate\\Database\\QueryException), 'select * from `...', Array, Object(Closure))
#14 C:\\Users\\ADMIN\\Desktop\\K2\\projects\\4viewsSocial\\APIAdmin\\vendor\\laravel\\framework\\src\\Illuminate\\Database\\Connection.php(397): Illuminate\\Database\\Connection->run('select * from `...', Array, Object(Closure))
#15 C:\\Users\\ADMIN\\Desktop\\K2\\projects\\4viewsSocial\\APIAdmin\\vendor\\laravel\\framework\\src\\Illuminate\\Database\\Query\\Builder.php(3188): Illuminate\\Database\\Connection->select('select * from `...', Array, true)
#16 C:\\Users\\ADMIN\\Desktop\\K2\\projects\\4viewsSocial\\APIAdmin\\vendor\\laravel\\framework\\src\\Illuminate\\Database\\Query\\Builder.php(3173): Illuminate\\Database\\Query\\Builder->runSelect()
#17 C:\\Users\\ADMIN\\Desktop\\K2\\projects\\4viewsSocial\\APIAdmin\\vendor\\laravel\\framework\\src\\Illuminate\\Database\\Query\\Builder.php(3763): Illuminate\\Database\\Query\\Builder->Illuminate\\Database\\Query\\{closure}()
#18 C:\\Users\\ADMIN\\Desktop\\K2\\projects\\4viewsSocial\\APIAdmin\\vendor\\laravel\\framework\\src\\Illuminate\\Database\\Query\\Builder.php(3172): Illuminate\\Database\\Query\\Builder->onceWithColumns(Array, Object(Closure))
#19 C:\\Users\\ADMIN\\Desktop\\K2\\projects\\4viewsSocial\\APIAdmin\\vendor\\laravel\\framework\\src\\Illuminate\\Database\\Eloquent\\Builder.php(902): Illuminate\\Database\\Query\\Builder->get(Array)
#20 C:\\Users\\ADMIN\\Desktop\\K2\\projects\\4viewsSocial\\APIAdmin\\vendor\\laravel\\framework\\src\\Illuminate\\Database\\Eloquent\\Builder.php(884): Illuminate\\Database\\Eloquent\\Builder->getModels(Array)
#21 C:\\Users\\ADMIN\\Desktop\\K2\\projects\\4viewsSocial\\APIAdmin\\app\\Http\\Controllers\\ReportController.php(21): Illuminate\\Database\\Eloquent\\Builder->get()
#22 C:\\Users\\ADMIN\\Desktop\\K2\\projects\\4viewsSocial\\APIAdmin\\vendor\\laravel\\framework\\src\\Illuminate\\Routing\\ControllerDispatcher.php(46): App\\Http\\Controllers\\ReportController->listReports()
#23 C:\\Users\\ADMIN\\Desktop\\K2\\projects\\4viewsSocial\\APIAdmin\\vendor\\laravel\\framework\\src\\Illuminate\\Routing\\Route.php(265): Illuminate\\Routing\\ControllerDispatcher->dispatch(Object(Illuminate\\Routing\\Route), Object(App\\Http\\Controllers\\ReportController), 'listReports')
#24 C:\\Users\\ADMIN\\Desktop\\K2\\projects\\4viewsSocial\\APIAdmin\\vendor\\laravel\\framework\\src\\Illuminate\\Routing\\Route.php(211): Illuminate\\Routing\\Route->runController()
#25 C:\\Users\\ADMIN\\Desktop\\K2\\projects\\4viewsSocial\\APIAdmin\\vendor\\laravel\\framework\\src\\Illuminate\\Routing\\Router.php(822): Illuminate\\Routing\\Route->run()
#26 C:\\Users\\ADMIN\\Desktop\\K2\\projects\\4viewsSocial\\APIAdmin\\vendor\\laravel\\framework\\src\\Illuminate\\Pipeline\\Pipeline.php(180): Illuminate\\Routing\\Router->Illuminate\\Routing\\{closure}(Object(Illuminate\\Http\\Request))
#27 C:\\Users\\ADMIN\\Desktop\\K2\\projects\\4viewsSocial\\APIAdmin\\vendor\\laravel\\framework\\src\\Illuminate\\Routing\\Middleware\\SubstituteBindings.php(50): Illuminate\\Pipeline\\Pipeline->Illuminate\\Pipeline\\{closure}(Object(Illuminate\\Http\\Request))
#28 C:\\Users\\ADMIN\\Desktop\\K2\\projects\\4viewsSocial\\APIAdmin\\vendor\\laravel\\framework\\src\\Illuminate\\Pipeline\\Pipeline.php(219): Illuminate\\Routing\\Middleware\\SubstituteBindings->handle(Object(Illuminate\\Http\\Request), Object(Closure))
#29 C:\\Users\\ADMIN\\Desktop\\K2\\projects\\4viewsSocial\\APIAdmin\\vendor\\laravel\\framework\\src\\Illuminate\\Pipeline\\Pipeline.php(137): Illuminate\\Pipeline\\Pipeline->Illuminate\\Pipeline\\{closure}(Object(Illuminate\\Http\\Request))
#30 C:\\Users\\ADMIN\\Desktop\\K2\\projects\\4viewsSocial\\APIAdmin\\vendor\\laravel\\framework\\src\\Illuminate\\Routing\\Router.php(821): Illuminate\\Pipeline\\Pipeline->then(Object(Closure))
#31 C:\\Users\\ADMIN\\Desktop\\K2\\projects\\4viewsSocial\\APIAdmin\\vendor\\laravel\\framework\\src\\Illuminate\\Routing\\Router.php(800): Illuminate\\Routing\\Router->runRouteWithinStack(Object(Illuminate\\Routing\\Route), Object(Illuminate\\Http\\Request))
#32 C:\\Users\\ADMIN\\Desktop\\K2\\projects\\4viewsSocial\\APIAdmin\\vendor\\laravel\\framework\\src\\Illuminate\\Routing\\Router.php(764): Illuminate\\Routing\\Router->runRoute(Object(Illuminate\\Http\\Request), Object(Illuminate\\Routing\\Route))
#33 C:\\Users\\ADMIN\\Desktop\\K2\\projects\\4viewsSocial\\APIAdmin\\vendor\\laravel\\framework\\src\\Illuminate\\Routing\\Router.php(753): Illuminate\\Routing\\Router->dispatchToRoute(Object(Illuminate\\Http\\Request))
#34 C:\\Users\\ADMIN\\Desktop\\K2\\projects\\4viewsSocial\\APIAdmin\\vendor\\laravel\\framework\\src\\Illuminate\\Foundation\\Http\\Kernel.php(200): Illuminate\\Routing\\Router->dispatch(Object(Illuminate\\Http\\Request))
#35 C:\\Users\\ADMIN\\Desktop\\K2\\projects\\4viewsSocial\\APIAdmin\\vendor\\laravel\\framework\\src\\Illuminate\\Pipeline\\Pipeline.php(180): Illuminate\\Foundation\\Http\\Kernel->Illuminate\\Foundation\\Http\\{closure}(Object(Illuminate\\Http\\Request))
#36 C:\\Users\\ADMIN\\Desktop\\K2\\projects\\4viewsSocial\\APIAdmin\\vendor\\laravel\\framework\\src\\Illuminate\\Foundation\\Http\\Middleware\\TransformsRequest.php(21): Illuminate\\Pipeline\\Pipeline->Illuminate\\Pipeline\\{closure}(Object(Illuminate\\Http\\Request))
#37 C:\\Users\\ADMIN\\Desktop\\K2\\projects\\4viewsSocial\\APIAdmin\\vendor\\laravel\\framework\\src\\Illuminate\\Foundation\\Http\\Middleware\\ConvertEmptyStringsToNull.php(31): Illuminate\\Foundation\\Http\\Middleware\\TransformsRequest->handle(Object(Illuminate\\Http\\Request), Object(Closure))
#38 C:\\Users\\ADMIN\\Desktop\\K2\\projects\\4viewsSocial\\APIAdmin\\vendor\\laravel\\framework\\src\\Illuminate\\Pipeline\\Pipeline.php(219): Illuminate\\Foundation\\Http\\Middleware\\ConvertEmptyStringsToNull->handle(Object(Illuminate\\Http\\Request), Object(Closure))
#39 C:\\Users\\ADMIN\\Desktop\\K2\\projects\\4viewsSocial\\APIAdmin\\vendor\\laravel\\framework\\src\\Illuminate\\Foundation\\Http\\Middleware\\TransformsRequest.php(21): Illuminate\\Pipeline\\Pipeline->Illuminate\\Pipeline\\{closure}(Object(Illuminate\\Http\\Request))
#40 C:\\Users\\ADMIN\\Desktop\\K2\\projects\\4viewsSocial\\APIAdmin\\vendor\\laravel\\framework\\src\\Illuminate\\Foundation\\Http\\Middleware\\TrimStrings.php(51): Illuminate\\Foundation\\Http\\Middleware\\TransformsRequest->handle(Object(Illuminate\\Http\\Request), Object(Closure))
#41 C:\\Users\\ADMIN\\Desktop\\K2\\projects\\4viewsSocial\\APIAdmin\\vendor\\laravel\\framework\\src\\Illuminate\\Pipeline\\Pipeline.php(219): Illuminate\\Foundation\\Http\\Middleware\\TrimStrings->handle(Object(Illuminate\\Http\\Request), Object(Closure))
#42 C:\\Users\\ADMIN\\Desktop\\K2\\projects\\4viewsSocial\\APIAdmin\\vendor\\laravel\\framework\\src\\Illuminate\\Http\\Middleware\\ValidatePostSize.php(27): Illuminate\\Pipeline\\Pipeline->Illuminate\\Pipeline\\{closure}(Object(Illuminate\\Http\\Request))
#43 C:\\Users\\ADMIN\\Desktop\\K2\\projects\\4viewsSocial\\APIAdmin\\vendor\\laravel\\framework\\src\\Illuminate\\Pipeline\\Pipeline.php(219): Illuminate\\Http\\Middleware\\ValidatePostSize->handle(Object(Illuminate\\Http\\Request), Object(Closure))
#44 C:\\Users\\ADMIN\\Desktop\\K2\\projects\\4viewsSocial\\APIAdmin\\vendor\\laravel\\framework\\src\\Illuminate\\Foundation\\Http\\Middleware\\PreventRequestsDuringMaintenance.php(109): Illuminate\\Pipeline\\Pipeline->Illuminate\\Pipeline\\{closure}(Object(Illuminate\\Http\\Request))
#45 C:\\Users\\ADMIN\\Desktop\\K2\\projects\\4viewsSocial\\APIAdmin\\vendor\\laravel\\framework\\src\\Illuminate\\Pipeline\\Pipeline.php(219): Illuminate\\Foundation\\Http\\Middleware\\PreventRequestsDuringMaintenance->handle(Object(Illuminate\\Http\\Request), Object(Closure))
#46 C:\\Users\\ADMIN\\Desktop\\K2\\projects\\4viewsSocial\\APIAdmin\\vendor\\laravel\\framework\\src\\Illuminate\\Http\\Middleware\\HandleCors.php(61): Illuminate\\Pipeline\\Pipeline->Illuminate\\Pipeline\\{closure}(Object(Illuminate\\Http\\Request))
#47 C:\\Users\\ADMIN\\Desktop\\K2\\projects\\4viewsSocial\\APIAdmin\\vendor\\laravel\\framework\\src\\Illuminate\\Pipeline\\Pipeline.php(219): Illuminate\\Http\\Middleware\\HandleCors->handle(Object(Illuminate\\Http\\Request), Object(Closure))
#48 C:\\Users\\ADMIN\\Desktop\\K2\\projects\\4viewsSocial\\APIAdmin\\vendor\\laravel\\framework\\src\\Illuminate\\Http\\Middleware\\TrustProxies.php(58): Illuminate\\Pipeline\\Pipeline->Illuminate\\Pipeline\\{closure}(Object(Illuminate\\Http\\Request))
#49 C:\\Users\\ADMIN\\Desktop\\K2\\projects\\4viewsSocial\\APIAdmin\\vendor\\laravel\\framework\\src\\Illuminate\\Pipeline\\Pipeline.php(219): Illuminate\\Http\\Middleware\\TrustProxies->handle(Object(Illuminate\\Http\\Request), Object(Closure))
#50 C:\\Users\\ADMIN\\Desktop\\K2\\projects\\4viewsSocial\\APIAdmin\\vendor\\laravel\\framework\\src\\Illuminate\\Foundation\\Http\\Middleware\\InvokeDeferredCallbacks.php(22): Illuminate\\Pipeline\\Pipeline->Illuminate\\Pipeline\\{closure}(Object(Illuminate\\Http\\Request))
#51 C:\\Users\\ADMIN\\Desktop\\K2\\projects\\4viewsSocial\\APIAdmin\\vendor\\laravel\\framework\\src\\Illuminate\\Pipeline\\Pipeline.php(219): Illuminate\\Foundation\\Http\\Middleware\\InvokeDeferredCallbacks->handle(Object(Illuminate\\Http\\Request), Object(Closure))
#52 C:\\Users\\ADMIN\\Desktop\\K2\\projects\\4viewsSocial\\APIAdmin\\vendor\\laravel\\framework\\src\\Illuminate\\Http\\Middleware\\ValidatePathEncoding.php(26): Illuminate\\Pipeline\\Pipeline->Illuminate\\Pipeline\\{closure}(Object(Illuminate\\Http\\Request))
#53 C:\\Users\\ADMIN\\Desktop\\K2\\projects\\4viewsSocial\\APIAdmin\\vendor\\laravel\\framework\\src\\Illuminate\\Pipeline\\Pipeline.php(219): Illuminate\\Http\\Middleware\\ValidatePathEncoding->handle(Object(Illuminate\\Http\\Request), Object(Closure))
#54 C:\\Users\\ADMIN\\Desktop\\K2\\projects\\4viewsSocial\\APIAdmin\\vendor\\laravel\\framework\\src\\Illuminate\\Pipeline\\Pipeline.php(137): Illuminate\\Pipeline\\Pipeline->Illuminate\\Pipeline\\{closure}(Object(Illuminate\\Http\\Request))
#55 C:\\Users\\ADMIN\\Desktop\\K2\\projects\\4viewsSocial\\APIAdmin\\vendor\\laravel\\framework\\src\\Illuminate\\Foundation\\Http\\Kernel.php(175): Illuminate\\Pipeline\\Pipeline->then(Object(Closure))
#56 C:\\Users\\ADMIN\\Desktop\\K2\\projects\\4viewsSocial\\APIAdmin\\vendor\\laravel\\framework\\src\\Illuminate\\Foundation\\Http\\Kernel.php(144): Illuminate\\Foundation\\Http\\Kernel->sendRequestThroughRouter(Object(Illuminate\\Http\\Request))
#57 C:\\Users\\ADMIN\\Desktop\\K2\\projects\\4viewsSocial\\APIAdmin\\vendor\\laravel\\framework\\src\\Illuminate\\Foundation\\Application.php(1220): Illuminate\\Foundation\\Http\\Kernel->handle(Object(Illuminate\\Http\\Request))
#58 C:\\Users\\ADMIN\\Desktop\\K2\\projects\\4viewsSocial\\APIAdmin\\public\\index.php(20): Illuminate\\Foundation\\Application->handleRequest(Object(Illuminate\\Http\\Request))
#59 C:\\Users\\ADMIN\\Desktop\\K2\\projects\\4viewsSocial\\APIAdmin\\vendor\\laravel\\framework\\src\\Illuminate\\Foundation\\resources\\server.php(23): require_once('C:\\\\Users\\\\ADMIN\\\\...')
#60 {main}
"} 
[2026-01-04 04:26:52] local.ERROR: SQLSTATE[HY000] [2002] No connection could be made because the target machine actively refused it (Connection: mysql, SQL: select count(*) as aggregate from `users`) {"exception":"[object] (Illuminate\\Database\\QueryException(code: 2002): SQLSTATE[HY000] [2002] No connection could be made because the target machine actively refused it (Connection: mysql, SQL: select count(*) as aggregate from `users`) at C:\\Users\\ADMIN\\Desktop\\K2\\projects\\4viewsSocial\\APIAdmin\\vendor\\laravel\\framework\\src\\Illuminate\\Database\\Connection.php:824)
[stacktrace]
#0 C:\\Users\\ADMIN\\Desktop\\K2\\projects\\4viewsSocial\\APIAdmin\\vendor\\laravel\\framework\\src\\Illuminate\\Database\\Connection.php(978): Illuminate\\Database\\Connection->runQueryCallback('select count(*)...', Array, Object(Closure))
#1 C:\\Users\\ADMIN\\Desktop\\K2\\projects\\4viewsSocial\\APIAdmin\\vendor\\laravel\\framework\\src\\Illuminate\\Database\\Connection.php(957): Illuminate\\Database\\Connection->tryAgainIfCausedByLostConnection(Object(Illuminate\\Database\\QueryException), 'select count(*)...', Array, Object(Closure))
#2 C:\\Users\\ADMIN\\Desktop\\K2\\projects\\4viewsSocial\\APIAdmin\\vendor\\laravel\\framework\\src\\Illuminate\\Database\\Connection.php(780): Illuminate\\Database\\Connection->handleQueryException(Object(Illuminate\\Database\\QueryException), 'select count(*)...', Array, Object(Closure))
#3 C:\\Users\\ADMIN\\Desktop\\K2\\projects\\4viewsSocial\\APIAdmin\\vendor\\laravel\\framework\\src\\Illuminate\\Database\\Connection.php(397): Illuminate\\Database\\Connection->run('select count(*)...', Array, Object(Closure))
#4 C:\\Users\\ADMIN\\Desktop\\K2\\projects\\4viewsSocial\\APIAdmin\\vendor\\laravel\\framework\\src\\Illuminate\\Database\\Query\\Builder.php(3188): Illuminate\\Database\\Connection->select('select count(*)...', Array, true)
#5 C:\\Users\\ADMIN\\Desktop\\K2\\projects\\4viewsSocial\\APIAdmin\\vendor\\laravel\\framework\\src\\Illuminate\\Database\\Query\\Builder.php(3173): Illuminate\\Database\\Query\\Builder->runSelect()
#6 C:\\Users\\ADMIN\\Desktop\\K2\\projects\\4viewsSocial\\APIAdmin\\vendor\\laravel\\framework\\src\\Illuminate\\Database\\Query\\Builder.php(3763): Illuminate\\Database\\Query\\Builder->Illuminate\\Database\\Query\\{closure}()
#7 C:\\Users\\ADMIN\\Desktop\\K2\\projects\\4viewsSocial\\APIAdmin\\vendor\\laravel\\framework\\src\\Illuminate\\Database\\Query\\Builder.php(3172): Illuminate\\Database\\Query\\Builder->onceWithColumns(Array, Object(Closure))
#8 C:\\Users\\ADMIN\\Desktop\\K2\\projects\\4viewsSocial\\APIAdmin\\vendor\\laravel\\framework\\src\\Illuminate\\Database\\Query\\Builder.php(3687): Illuminate\\Database\\Query\\Builder->get(Array)
#9 C:\\Users\\ADMIN\\Desktop\\K2\\projects\\4viewsSocial\\APIAdmin\\vendor\\laravel\\framework\\src\\Illuminate\\Database\\Query\\Builder.php(3615): Illuminate\\Database\\Query\\Builder->aggregate('count', Array)
#10 C:\\Users\\ADMIN\\Desktop\\K2\\projects\\4viewsSocial\\APIAdmin\\vendor\\laravel\\framework\\src\\Illuminate\\Database\\Eloquent\\Builder.php(2235): Illuminate\\Database\\Query\\Builder->count()
#11 C:\\Users\\ADMIN\\Desktop\\K2\\projects\\4viewsSocial\\APIAdmin\\vendor\\laravel\\framework\\src\\Illuminate\\Support\\Traits\\ForwardsCalls.php(23): Illuminate\\Database\\Eloquent\\Builder->__call('count', Array)
#12 C:\\Users\\ADMIN\\Desktop\\K2\\projects\\4viewsSocial\\APIAdmin\\vendor\\laravel\\framework\\src\\Illuminate\\Database\\Eloquent\\Model.php(2540): Illuminate\\Database\\Eloquent\\Model->forwardCallTo(Object(Illuminate\\Database\\Eloquent\\Builder), 'count', Array)
#13 C:\\Users\\ADMIN\\Desktop\\K2\\projects\\4viewsSocial\\APIAdmin\\vendor\\laravel\\framework\\src\\Illuminate\\Database\\Eloquent\\Model.php(2556): Illuminate\\Database\\Eloquent\\Model->__call('count', Array)
#14 C:\\Users\\ADMIN\\Desktop\\K2\\projects\\4viewsSocial\\APIAdmin\\app\\Http\\Controllers\\DashboardController.php(25): Illuminate\\Database\\Eloquent\\Model::__callStatic('count', Array)
#15 C:\\Users\\ADMIN\\Desktop\\K2\\projects\\4viewsSocial\\APIAdmin\\vendor\\laravel\\framework\\src\\Illuminate\\Routing\\ControllerDispatcher.php(46): App\\Http\\Controllers\\DashboardController->stats(Object(Illuminate\\Http\\Request))
#16 C:\\Users\\ADMIN\\Desktop\\K2\\projects\\4viewsSocial\\APIAdmin\\vendor\\laravel\\framework\\src\\Illuminate\\Routing\\Route.php(265): Illuminate\\Routing\\ControllerDispatcher->dispatch(Object(Illuminate\\Routing\\Route), Object(App\\Http\\Controllers\\DashboardController), 'stats')
#17 C:\\Users\\ADMIN\\Desktop\\K2\\projects\\4viewsSocial\\APIAdmin\\vendor\\laravel\\framework\\src\\Illuminate\\Routing\\Route.php(211): Illuminate\\Routing\\Route->runController()
#18 C:\\Users\\ADMIN\\Desktop\\K2\\projects\\4viewsSocial\\APIAdmin\\vendor\\laravel\\framework\\src\\Illuminate\\Routing\\Router.php(822): Illuminate\\Routing\\Route->run()
#19 C:\\Users\\ADMIN\\Desktop\\K2\\projects\\4viewsSocial\\APIAdmin\\vendor\\laravel\\framework\\src\\Illuminate\\Pipeline\\Pipeline.php(180): Illuminate\\Routing\\Router->Illuminate\\Routing\\{closure}(Object(Illuminate\\Http\\Request))
#20 C:\\Users\\ADMIN\\Desktop\\K2\\projects\\4viewsSocial\\APIAdmin\\vendor\\laravel\\framework\\src\\Illuminate\\Routing\\Middleware\\SubstituteBindings.php(50): Illuminate\\Pipeline\\Pipeline->Illuminate\\Pipeline\\{closure}(Object(Illuminate\\Http\\Request))
#21 C:\\Users\\ADMIN\\Desktop\\K2\\projects\\4viewsSocial\\APIAdmin\\vendor\\laravel\\framework\\src\\Illuminate\\Pipeline\\Pipeline.php(219): Illuminate\\Routing\\Middleware\\SubstituteBindings->handle(Object(Illuminate\\Http\\Request), Object(Closure))
#22 C:\\Users\\ADMIN\\Desktop\\K2\\projects\\4viewsSocial\\APIAdmin\\vendor\\laravel\\framework\\src\\Illuminate\\Pipeline\\Pipeline.php(137): Illuminate\\Pipeline\\Pipeline->Illuminate\\Pipeline\\{closure}(Object(Illuminate\\Http\\Request))
#23 C:\\Users\\ADMIN\\Desktop\\K2\\projects\\4viewsSocial\\APIAdmin\\vendor\\laravel\\framework\\src\\Illuminate\\Routing\\Router.php(821): Illuminate\\Pipeline\\Pipeline->then(Object(Closure))
#24 C:\\Users\\ADMIN\\Desktop\\K2\\projects\\4viewsSocial\\APIAdmin\\vendor\\laravel\\framework\\src\\Illuminate\\Routing\\Router.php(800): Illuminate\\Routing\\Router->runRouteWithinStack(Object(Illuminate\\Routing\\Route), Object(Illuminate\\Http\\Request))
#25 C:\\Users\\ADMIN\\Desktop\\K2\\projects\\4viewsSocial\\APIAdmin\\vendor\\laravel\\framework\\src\\Illuminate\\Routing\\Router.php(764): Illuminate\\Routing\\Router->runRoute(Object(Illuminate\\Http\\Request), Object(Illuminate\\Routing\\Route))
#26 C:\\Users\\ADMIN\\Desktop\\K2\\projects\\4viewsSocial\\APIAdmin\\vendor\\laravel\\framework\\src\\Illuminate\\Routing\\Router.php(753): Illuminate\\Routing\\Router->dispatchToRoute(Object(Illuminate\\Http\\Request))
#27 C:\\Users\\ADMIN\\Desktop\\K2\\projects\\4viewsSocial\\APIAdmin\\vendor\\laravel\\framework\\src\\Illuminate\\Foundation\\Http\\Kernel.php(200): Illuminate\\Routing\\Router->dispatch(Object(Illuminate\\Http\\Request))
#28 C:\\Users\\ADMIN\\Desktop\\K2\\projects\\4viewsSocial\\APIAdmin\\vendor\\laravel\\framework\\src\\Illuminate\\Pipeline\\Pipeline.php(180): Illuminate\\Foundation\\Http\\Kernel->Illuminate\\Foundation\\Http\\{closure}(Object(Illuminate\\Http\\Request))
#29 C:\\Users\\ADMIN\\Desktop\\K2\\projects\\4viewsSocial\\APIAdmin\\vendor\\laravel\\framework\\src\\Illuminate\\Foundation\\Http\\Middleware\\TransformsRequest.php(21): Illuminate\\Pipeline\\Pipeline->Illuminate\\Pipeline\\{closure}(Object(Illuminate\\Http\\Request))
#30 C:\\Users\\ADMIN\\Desktop\\K2\\projects\\4viewsSocial\\APIAdmin\\vendor\\laravel\\framework\\src\\Illuminate\\Foundation\\Http\\Middleware\\ConvertEmptyStringsToNull.php(31): Illuminate\\Foundation\\Http\\Middleware\\TransformsRequest->handle(Object(Illuminate\\Http\\Request), Object(Closure))
#31 C:\\Users\\ADMIN\\Desktop\\K2\\projects\\4viewsSocial\\APIAdmin\\vendor\\laravel\\framework\\src\\Illuminate\\Pipeline\\Pipeline.php(219): Illuminate\\Foundation\\Http\\Middleware\\ConvertEmptyStringsToNull->handle(Object(Illuminate\\Http\\Request), Object(Closure))
#32 C:\\Users\\ADMIN\\Desktop\\K2\\projects\\4viewsSocial\\APIAdmin\\vendor\\laravel\\framework\\src\\Illuminate\\Foundation\\Http\\Middleware\\TransformsRequest.php(21): Illuminate\\Pipeline\\Pipeline->Illuminate\\Pipeline\\{closure}(Object(Illuminate\\Http\\Request))
#33 C:\\Users\\ADMIN\\Desktop\\K2\\projects\\4viewsSocial\\APIAdmin\\vendor\\laravel\\framework\\src\\Illuminate\\Foundation\\Http\\Middleware\\TrimStrings.php(51): Illuminate\\Foundation\\Http\\Middleware\\TransformsRequest->handle(Object(Illuminate\\Http\\Request), Object(Closure))
#34 C:\\Users\\ADMIN\\Desktop\\K2\\projects\\4viewsSocial\\APIAdmin\\vendor\\laravel\\framework\\src\\Illuminate\\Pipeline\\Pipeline.php(219): Illuminate\\Foundation\\Http\\Middleware\\TrimStrings->handle(Object(Illuminate\\Http\\Request), Object(Closure))
#35 C:\\Users\\ADMIN\\Desktop\\K2\\projects\\4viewsSocial\\APIAdmin\\vendor\\laravel\\framework\\src\\Illuminate\\Http\\Middleware\\ValidatePostSize.php(27): Illuminate\\Pipeline\\Pipeline->Illuminate\\Pipeline\\{closure}(Object(Illuminate\\Http\\Request))
#36 C:\\Users\\ADMIN\\Desktop\\K2\\projects\\4viewsSocial\\APIAdmin\\vendor\\laravel\\framework\\src\\Illuminate\\Pipeline\\Pipeline.php(219): Illuminate\\Http\\Middleware\\ValidatePostSize->handle(Object(Illuminate\\Http\\Request), Object(Closure))
#37 C:\\Users\\ADMIN\\Desktop\\K2\\projects\\4viewsSocial\\APIAdmin\\vendor\\laravel\\framework\\src\\Illuminate\\Foundation\\Http\\Middleware\\PreventRequestsDuringMaintenance.php(109): Illuminate\\Pipeline\\Pipeline->Illuminate\\Pipeline\\{closure}(Object(Illuminate\\Http\\Request))
#38 C:\\Users\\ADMIN\\Desktop\\K2\\projects\\4viewsSocial\\APIAdmin\\vendor\\laravel\\framework\\src\\Illuminate\\Pipeline\\Pipeline.php(219): Illuminate\\Foundation\\Http\\Middleware\\PreventRequestsDuringMaintenance->handle(Object(Illuminate\\Http\\Request), Object(Closure))
#39 C:\\Users\\ADMIN\\Desktop\\K2\\projects\\4viewsSocial\\APIAdmin\\vendor\\laravel\\framework\\src\\Illuminate\\Http\\Middleware\\HandleCors.php(61): Illuminate\\Pipeline\\Pipeline->Illuminate\\Pipeline\\{closure}(Object(Illuminate\\Http\\Request))
#40 C:\\Users\\ADMIN\\Desktop\\K2\\projects\\4viewsSocial\\APIAdmin\\vendor\\laravel\\framework\\src\\Illuminate\\Pipeline\\Pipeline.php(219): Illuminate\\Http\\Middleware\\HandleCors->handle(Object(Illuminate\\Http\\Request), Object(Closure))
#41 C:\\Users\\ADMIN\\Desktop\\K2\\projects\\4viewsSocial\\APIAdmin\\vendor\\laravel\\framework\\src\\Illuminate\\Http\\Middleware\\TrustProxies.php(58): Illuminate\\Pipeline\\Pipeline->Illuminate\\Pipeline\\{closure}(Object(Illuminate\\Http\\Request))
#42 C:\\Users\\ADMIN\\Desktop\\K2\\projects\\4viewsSocial\\APIAdmin\\vendor\\laravel\\framework\\src\\Illuminate\\Pipeline\\Pipeline.php(219): Illuminate\\Http\\Middleware\\TrustProxies->handle(Object(Illuminate\\Http\\Request), Object(Closure))
#43 C:\\Users\\ADMIN\\Desktop\\K2\\projects\\4viewsSocial\\APIAdmin\\vendor\\laravel\\framework\\src\\Illuminate\\Foundation\\Http\\Middleware\\InvokeDeferredCallbacks.php(22): Illuminate\\Pipeline\\Pipeline->Illuminate\\Pipeline\\{closure}(Object(Illuminate\\Http\\Request))
#44 C:\\Users\\ADMIN\\Desktop\\K2\\projects\\4viewsSocial\\APIAdmin\\vendor\\laravel\\framework\\src\\Illuminate\\Pipeline\\Pipeline.php(219): Illuminate\\Foundation\\Http\\Middleware\\InvokeDeferredCallbacks->handle(Object(Illuminate\\Http\\Request), Object(Closure))
#45 C:\\Users\\ADMIN\\Desktop\\K2\\projects\\4viewsSocial\\APIAdmin\\vendor\\laravel\\framework\\src\\Illuminate\\Http\\Middleware\\ValidatePathEncoding.php(26): Illuminate\\Pipeline\\Pipeline->Illuminate\\Pipeline\\{closure}(Object(Illuminate\\Http\\Request))
#46 C:\\Users\\ADMIN\\Desktop\\K2\\projects\\4viewsSocial\\APIAdmin\\vendor\\laravel\\framework\\src\\Illuminate\\Pipeline\\Pipeline.php(219): Illuminate\\Http\\Middleware\\ValidatePathEncoding->handle(Object(Illuminate\\Http\\Request), Object(Closure))
#47 C:\\Users\\ADMIN\\Desktop\\K2\\projects\\4viewsSocial\\APIAdmin\\vendor\\laravel\\framework\\src\\Illuminate\\Pipeline\\Pipeline.php(137): Illuminate\\Pipeline\\Pipeline->Illuminate\\Pipeline\\{closure}(Object(Illuminate\\Http\\Request))
#48 C:\\Users\\ADMIN\\Desktop\\K2\\projects\\4viewsSocial\\APIAdmin\\vendor\\laravel\\framework\\src\\Illuminate\\Foundation\\Http\\Kernel.php(175): Illuminate\\Pipeline\\Pipeline->then(Object(Closure))
#49 C:\\Users\\ADMIN\\Desktop\\K2\\projects\\4viewsSocial\\APIAdmin\\vendor\\laravel\\framework\\src\\Illuminate\\Foundation\\Http\\Kernel.php(144): Illuminate\\Foundation\\Http\\Kernel->sendRequestThroughRouter(Object(Illuminate\\Http\\Request))
#50 C:\\Users\\ADMIN\\Desktop\\K2\\projects\\4viewsSocial\\APIAdmin\\vendor\\laravel\\framework\\src\\Illuminate\\Foundation\\Application.php(1220): Illuminate\\Foundation\\Http\\Kernel->handle(Object(Illuminate\\Http\\Request))
#51 C:\\Users\\ADMIN\\Desktop\\K2\\projects\\4viewsSocial\\APIAdmin\\public\\index.php(20): Illuminate\\Foundation\\Application->handleRequest(Object(Illuminate\\Http\\Request))
#52 C:\\Users\\ADMIN\\Desktop\\K2\\projects\\4viewsSocial\\APIAdmin\\vendor\\laravel\\framework\\src\\Illuminate\\Foundation\\resources\\server.php(23): require_once('C:\\\\Users\\\\ADMIN\\\\...')
#53 {main}

[previous exception] [object] (PDOException(code: 2002): SQLSTATE[HY000] [2002] No connection could be made because the target machine actively refused it at C:\\Users\\ADMIN\\Desktop\\K2\\projects\\4viewsSocial\\APIAdmin\\vendor\\laravel\\framework\\src\\Illuminate\\Database\\Connectors\\Connector.php:66)
[stacktrace]
#0 C:\\Users\\ADMIN\\Desktop\\K2\\projects\\4viewsSocial\\APIAdmin\\vendor\\laravel\\framework\\src\\Illuminate\\Database\\Connectors\\Connector.php(66): PDO->__construct('mysql:host=127....', 'root', Object(SensitiveParameterValue), Array)
#1 C:\\Users\\ADMIN\\Desktop\\K2\\projects\\4viewsSocial\\APIAdmin\\vendor\\laravel\\framework\\src\\Illuminate\\Database\\Connectors\\Connector.php(85): Illuminate\\Database\\Connectors\\Connector->createPdoConnection('mysql:host=127....', 'root', Object(SensitiveParameterValue), Array)
#2 C:\\Users\\ADMIN\\Desktop\\K2\\projects\\4viewsSocial\\APIAdmin\\vendor\\laravel\\framework\\src\\Illuminate\\Database\\Connectors\\Connector.php(48): Illuminate\\Database\\Connectors\\Connector->tryAgainIfCausedByLostConnection(Object(PDOException), 'mysql:host=127....', 'root', Object(SensitiveParameterValue), Array)
#3 C:\\Users\\ADMIN\\Desktop\\K2\\projects\\4viewsSocial\\APIAdmin\\vendor\\laravel\\framework\\src\\Illuminate\\Database\\Connectors\\MySqlConnector.php(24): Illuminate\\Database\\Connectors\\Connector->createConnection('mysql:host=127....', Array, Array)
#4 C:\\Users\\ADMIN\\Desktop\\K2\\projects\\4viewsSocial\\APIAdmin\\vendor\\laravel\\framework\\src\\Illuminate\\Database\\Connectors\\ConnectionFactory.php(184): Illuminate\\Database\\Connectors\\MySqlConnector->connect(Array)
#5 [internal function]: Illuminate\\Database\\Connectors\\ConnectionFactory->Illuminate\\Database\\Connectors\\{closure}()
#6 C:\\Users\\ADMIN\\Desktop\\K2\\projects\\4viewsSocial\\APIAdmin\\vendor\\laravel\\framework\\src\\Illuminate\\Database\\Connection.php(1234): call_user_func(Object(Closure))
#7 C:\\Users\\ADMIN\\Desktop\\K2\\projects\\4viewsSocial\\APIAdmin\\vendor\\laravel\\framework\\src\\Illuminate\\Database\\Connection.php(1270): Illuminate\\Database\\Connection->getPdo()
#8 C:\\Users\\ADMIN\\Desktop\\K2\\projects\\4viewsSocial\\APIAdmin\\vendor\\laravel\\framework\\src\\Illuminate\\Database\\Connection.php(511): Illuminate\\Database\\Connection->getReadPdo()
#9 C:\\Users\\ADMIN\\Desktop\\K2\\projects\\4viewsSocial\\APIAdmin\\vendor\\laravel\\framework\\src\\Illuminate\\Database\\Connection.php(406): Illuminate\\Database\\Connection->getPdoForSelect(true)
#10 C:\\Users\\ADMIN\\Desktop\\K2\\projects\\4viewsSocial\\APIAdmin\\vendor\\laravel\\framework\\src\\Illuminate\\Database\\Connection.php(811): Illuminate\\Database\\Connection->Illuminate\\Database\\{closure}('select count(*)...', Array)
#11 C:\\Users\\ADMIN\\Desktop\\K2\\projects\\4viewsSocial\\APIAdmin\\vendor\\laravel\\framework\\src\\Illuminate\\Database\\Connection.php(978): Illuminate\\Database\\Connection->runQueryCallback('select count(*)...', Array, Object(Closure))
#12 C:\\Users\\ADMIN\\Desktop\\K2\\projects\\4viewsSocial\\APIAdmin\\vendor\\laravel\\framework\\src\\Illuminate\\Database\\Connection.php(957): Illuminate\\Database\\Connection->tryAgainIfCausedByLostConnection(Object(Illuminate\\Database\\QueryException), 'select count(*)...', Array, Object(Closure))
#13 C:\\Users\\ADMIN\\Desktop\\K2\\projects\\4viewsSocial\\APIAdmin\\vendor\\laravel\\framework\\src\\Illuminate\\Database\\Connection.php(780): Illuminate\\Database\\Connection->handleQueryException(Object(Illuminate\\Database\\QueryException), 'select count(*)...', Array, Object(Closure))
#14 C:\\Users\\ADMIN\\Desktop\\K2\\projects\\4viewsSocial\\APIAdmin\\vendor\\laravel\\framework\\src\\Illuminate\\Database\\Connection.php(397): Illuminate\\Database\\Connection->run('select count(*)...', Array, Object(Closure))
#15 C:\\Users\\ADMIN\\Desktop\\K2\\projects\\4viewsSocial\\APIAdmin\\vendor\\laravel\\framework\\src\\Illuminate\\Database\\Query\\Builder.php(3188): Illuminate\\Database\\Connection->select('select count(*)...', Array, true)
#16 C:\\Users\\ADMIN\\Desktop\\K2\\projects\\4viewsSocial\\APIAdmin\\vendor\\laravel\\framework\\src\\Illuminate\\Database\\Query\\Builder.php(3173): Illuminate\\Database\\Query\\Builder->runSelect()
#17 C:\\Users\\ADMIN\\Desktop\\K2\\projects\\4viewsSocial\\APIAdmin\\vendor\\laravel\\framework\\src\\Illuminate\\Database\\Query\\Builder.php(3763): Illuminate\\Database\\Query\\Builder->Illuminate\\Database\\Query\\{closure}()
#18 C:\\Users\\ADMIN\\Desktop\\K2\\projects\\4viewsSocial\\APIAdmin\\vendor\\laravel\\framework\\src\\Illuminate\\Database\\Query\\Builder.php(3172): Illuminate\\Database\\Query\\Builder->onceWithColumns(Array, Object(Closure))
#19 C:\\Users\\ADMIN\\Desktop\\K2\\projects\\4viewsSocial\\APIAdmin\\vendor\\laravel\\framework\\src\\Illuminate\\Database\\Query\\Builder.php(3687): Illuminate\\Database\\Query\\Builder->get(Array)
#20 C:\\Users\\ADMIN\\Desktop\\K2\\projects\\4viewsSocial\\APIAdmin\\vendor\\laravel\\framework\\src\\Illuminate\\Database\\Query\\Builder.php(3615): Illuminate\\Database\\Query\\Builder->aggregate('count', Array)
#21 C:\\Users\\ADMIN\\Desktop\\K2\\projects\\4viewsSocial\\APIAdmin\\vendor\\laravel\\framework\\src\\Illuminate\\Database\\Eloquent\\Builder.php(2235): Illuminate\\Database\\Query\\Builder->count()
#22 C:\\Users\\ADMIN\\Desktop\\K2\\projects\\4viewsSocial\\APIAdmin\\vendor\\laravel\\framework\\src\\Illuminate\\Support\\Traits\\ForwardsCalls.php(23): Illuminate\\Database\\Eloquent\\Builder->__call('count', Array)
#23 C:\\Users\\ADMIN\\Desktop\\K2\\projects\\4viewsSocial\\APIAdmin\\vendor\\laravel\\framework\\src\\Illuminate\\Database\\Eloquent\\Model.php(2540): Illuminate\\Database\\Eloquent\\Model->forwardCallTo(Object(Illuminate\\Database\\Eloquent\\Builder), 'count', Array)
#24 C:\\Users\\ADMIN\\Desktop\\K2\\projects\\4viewsSocial\\APIAdmin\\vendor\\laravel\\framework\\src\\Illuminate\\Database\\Eloquent\\Model.php(2556): Illuminate\\Database\\Eloquent\\Model->__call('count', Array)
#25 C:\\Users\\ADMIN\\Desktop\\K2\\projects\\4viewsSocial\\APIAdmin\\app\\Http\\Controllers\\DashboardController.php(25): Illuminate\\Database\\Eloquent\\Model::__callStatic('count', Array)
#26 C:\\Users\\ADMIN\\Desktop\\K2\\projects\\4viewsSocial\\APIAdmin\\vendor\\laravel\\framework\\src\\Illuminate\\Routing\\ControllerDispatcher.php(46): App\\Http\\Controllers\\DashboardController->stats(Object(Illuminate\\Http\\Request))
#27 C:\\Users\\ADMIN\\Desktop\\K2\\projects\\4viewsSocial\\APIAdmin\\vendor\\laravel\\framework\\src\\Illuminate\\Routing\\Route.php(265): Illuminate\\Routing\\ControllerDispatcher->dispatch(Object(Illuminate\\Routing\\Route), Object(App\\Http\\Controllers\\DashboardController), 'stats')
#28 C:\\Users\\ADMIN\\Desktop\\K2\\projects\\4viewsSocial\\APIAdmin\\vendor\\laravel\\framework\\src\\Illuminate\\Routing\\Route.php(211): Illuminate\\Routing\\Route->runController()
#29 C:\\Users\\ADMIN\\Desktop\\K2\\projects\\4viewsSocial\\APIAdmin\\vendor\\laravel\\framework\\src\\Illuminate\\Routing\\Router.php(822): Illuminate\\Routing\\Route->run()
#30 C:\\Users\\ADMIN\\Desktop\\K2\\projects\\4viewsSocial\\APIAdmin\\vendor\\laravel\\framework\\src\\Illuminate\\Pipeline\\Pipeline.php(180): Illuminate\\Routing\\Router->Illuminate\\Routing\\{closure}(Object(Illuminate\\Http\\Request))
#31 C:\\Users\\ADMIN\\Desktop\\K2\\projects\\4viewsSocial\\APIAdmin\\vendor\\laravel\\framework\\src\\Illuminate\\Routing\\Middleware\\SubstituteBindings.php(50): Illuminate\\Pipeline\\Pipeline->Illuminate\\Pipeline\\{closure}(Object(Illuminate\\Http\\Request))
#32 C:\\Users\\ADMIN\\Desktop\\K2\\projects\\4viewsSocial\\APIAdmin\\vendor\\laravel\\framework\\src\\Illuminate\\Pipeline\\Pipeline.php(219): Illuminate\\Routing\\Middleware\\SubstituteBindings->handle(Object(Illuminate\\Http\\Request), Object(Closure))
#33 C:\\Users\\ADMIN\\Desktop\\K2\\projects\\4viewsSocial\\APIAdmin\\vendor\\laravel\\framework\\src\\Illuminate\\Pipeline\\Pipeline.php(137): Illuminate\\Pipeline\\Pipeline->Illuminate\\Pipeline\\{closure}(Object(Illuminate\\Http\\Request))
#34 C:\\Users\\ADMIN\\Desktop\\K2\\projects\\4viewsSocial\\APIAdmin\\vendor\\laravel\\framework\\src\\Illuminate\\Routing\\Router.php(821): Illuminate\\Pipeline\\Pipeline->then(Object(Closure))
#35 C:\\Users\\ADMIN\\Desktop\\K2\\projects\\4viewsSocial\\APIAdmin\\vendor\\laravel\\framework\\src\\Illuminate\\Routing\\Router.php(800): Illuminate\\Routing\\Router->runRouteWithinStack(Object(Illuminate\\Routing\\Route), Object(Illuminate\\Http\\Request))
#36 C:\\Users\\ADMIN\\Desktop\\K2\\projects\\4viewsSocial\\APIAdmin\\vendor\\laravel\\framework\\src\\Illuminate\\Routing\\Router.php(764): Illuminate\\Routing\\Router->runRoute(Object(Illuminate\\Http\\Request), Object(Illuminate\\Routing\\Route))
#37 C:\\Users\\ADMIN\\Desktop\\K2\\projects\\4viewsSocial\\APIAdmin\\vendor\\laravel\\framework\\src\\Illuminate\\Routing\\Router.php(753): Illuminate\\Routing\\Router->dispatchToRoute(Object(Illuminate\\Http\\Request))
#38 C:\\Users\\ADMIN\\Desktop\\K2\\projects\\4viewsSocial\\APIAdmin\\vendor\\laravel\\framework\\src\\Illuminate\\Foundation\\Http\\Kernel.php(200): Illuminate\\Routing\\Router->dispatch(Object(Illuminate\\Http\\Request))
#39 C:\\Users\\ADMIN\\Desktop\\K2\\projects\\4viewsSocial\\APIAdmin\\vendor\\laravel\\framework\\src\\Illuminate\\Pipeline\\Pipeline.php(180): Illuminate\\Foundation\\Http\\Kernel->Illuminate\\Foundation\\Http\\{closure}(Object(Illuminate\\Http\\Request))
#40 C:\\Users\\ADMIN\\Desktop\\K2\\projects\\4viewsSocial\\APIAdmin\\vendor\\laravel\\framework\\src\\Illuminate\\Foundation\\Http\\Middleware\\TransformsRequest.php(21): Illuminate\\Pipeline\\Pipeline->Illuminate\\Pipeline\\{closure}(Object(Illuminate\\Http\\Request))
#41 C:\\Users\\ADMIN\\Desktop\\K2\\projects\\4viewsSocial\\APIAdmin\\vendor\\laravel\\framework\\src\\Illuminate\\Foundation\\Http\\Middleware\\ConvertEmptyStringsToNull.php(31): Illuminate\\Foundation\\Http\\Middleware\\TransformsRequest->handle(Object(Illuminate\\Http\\Request), Object(Closure))
#42 C:\\Users\\ADMIN\\Desktop\\K2\\projects\\4viewsSocial\\APIAdmin\\vendor\\laravel\\framework\\src\\Illuminate\\Pipeline\\Pipeline.php(219): Illuminate\\Foundation\\Http\\Middleware\\ConvertEmptyStringsToNull->handle(Object(Illuminate\\Http\\Request), Object(Closure))
#43 C:\\Users\\ADMIN\\Desktop\\K2\\projects\\4viewsSocial\\APIAdmin\\vendor\\laravel\\framework\\src\\Illuminate\\Foundation\\Http\\Middleware\\TransformsRequest.php(21): Illuminate\\Pipeline\\Pipeline->Illuminate\\Pipeline\\{closure}(Object(Illuminate\\Http\\Request))
#44 C:\\Users\\ADMIN\\Desktop\\K2\\projects\\4viewsSocial\\APIAdmin\\vendor\\laravel\\framework\\src\\Illuminate\\Foundation\\Http\\Middleware\\TrimStrings.php(51): Illuminate\\Foundation\\Http\\Middleware\\TransformsRequest->handle(Object(Illuminate\\Http\\Request), Object(Closure))
#45 C:\\Users\\ADMIN\\Desktop\\K2\\projects\\4viewsSocial\\APIAdmin\\vendor\\laravel\\framework\\src\\Illuminate\\Pipeline\\Pipeline.php(219): Illuminate\\Foundation\\Http\\Middleware\\TrimStrings->handle(Object(Illuminate\\Http\\Request), Object(Closure))
#46 C:\\Users\\ADMIN\\Desktop\\K2\\projects\\4viewsSocial\\APIAdmin\\vendor\\laravel\\framework\\src\\Illuminate\\Http\\Middleware\\ValidatePostSize.php(27): Illuminate\\Pipeline\\Pipeline->Illuminate\\Pipeline\\{closure}(Object(Illuminate\\Http\\Request))
#47 C:\\Users\\ADMIN\\Desktop\\K2\\projects\\4viewsSocial\\APIAdmin\\vendor\\laravel\\framework\\src\\Illuminate\\Pipeline\\Pipeline.php(219): Illuminate\\Http\\Middleware\\ValidatePostSize->handle(Object(Illuminate\\Http\\Request), Object(Closure))
#48 C:\\Users\\ADMIN\\Desktop\\K2\\projects\\4viewsSocial\\APIAdmin\\vendor\\laravel\\framework\\src\\Illuminate\\Foundation\\Http\\Middleware\\PreventRequestsDuringMaintenance.php(109): Illuminate\\Pipeline\\Pipeline->Illuminate\\Pipeline\\{closure}(Object(Illuminate\\Http\\Request))
#49 C:\\Users\\ADMIN\\Desktop\\K2\\projects\\4viewsSocial\\APIAdmin\\vendor\\laravel\\framework\\src\\Illuminate\\Pipeline\\Pipeline.php(219): Illuminate\\Foundation\\Http\\Middleware\\PreventRequestsDuringMaintenance->handle(Object(Illuminate\\Http\\Request), Object(Closure))
#50 C:\\Users\\ADMIN\\Desktop\\K2\\projects\\4viewsSocial\\APIAdmin\\vendor\\laravel\\framework\\src\\Illuminate\\Http\\Middleware\\HandleCors.php(61): Illuminate\\Pipeline\\Pipeline->Illuminate\\Pipeline\\{closure}(Object(Illuminate\\Http\\Request))
#51 C:\\Users\\ADMIN\\Desktop\\K2\\projects\\4viewsSocial\\APIAdmin\\vendor\\laravel\\framework\\src\\Illuminate\\Pipeline\\Pipeline.php(219): Illuminate\\Http\\Middleware\\HandleCors->handle(Object(Illuminate\\Http\\Request), Object(Closure))
#52 C:\\Users\\ADMIN\\Desktop\\K2\\projects\\4viewsSocial\\APIAdmin\\vendor\\laravel\\framework\\src\\Illuminate\\Http\\Middleware\\TrustProxies.php(58): Illuminate\\Pipeline\\Pipeline->Illuminate\\Pipeline\\{closure}(Object(Illuminate\\Http\\Request))
#53 C:\\Users\\ADMIN\\Desktop\\K2\\projects\\4viewsSocial\\APIAdmin\\vendor\\laravel\\framework\\src\\Illuminate\\Pipeline\\Pipeline.php(219): Illuminate\\Http\\Middleware\\TrustProxies->handle(Object(Illuminate\\Http\\Request), Object(Closure))
#54 C:\\Users\\ADMIN\\Desktop\\K2\\projects\\4viewsSocial\\APIAdmin\\vendor\\laravel\\framework\\src\\Illuminate\\Foundation\\Http\\Middleware\\InvokeDeferredCallbacks.php(22): Illuminate\\Pipeline\\Pipeline->Illuminate\\Pipeline\\{closure}(Object(Illuminate\\Http\\Request))
#55 C:\\Users\\ADMIN\\Desktop\\K2\\projects\\4viewsSocial\\APIAdmin\\vendor\\laravel\\framework\\src\\Illuminate\\Pipeline\\Pipeline.php(219): Illuminate\\Foundation\\Http\\Middleware\\InvokeDeferredCallbacks->handle(Object(Illuminate\\Http\\Request), Object(Closure))
#56 C:\\Users\\ADMIN\\Desktop\\K2\\projects\\4viewsSocial\\APIAdmin\\vendor\\laravel\\framework\\src\\Illuminate\\Http\\Middleware\\ValidatePathEncoding.php(26): Illuminate\\Pipeline\\Pipeline->Illuminate\\Pipeline\\{closure}(Object(Illuminate\\Http\\Request))
#57 C:\\Users\\ADMIN\\Desktop\\K2\\projects\\4viewsSocial\\APIAdmin\\vendor\\laravel\\framework\\src\\Illuminate\\Pipeline\\Pipeline.php(219): Illuminate\\Http\\Middleware\\ValidatePathEncoding->handle(Object(Illuminate\\Http\\Request), Object(Closure))
#58 C:\\Users\\ADMIN\\Desktop\\K2\\projects\\4viewsSocial\\APIAdmin\\vendor\\laravel\\framework\\src\\Illuminate\\Pipeline\\Pipeline.php(137): Illuminate\\Pipeline\\Pipeline->Illuminate\\Pipeline\\{closure}(Object(Illuminate\\Http\\Request))
#59 C:\\Users\\ADMIN\\Desktop\\K2\\projects\\4viewsSocial\\APIAdmin\\vendor\\laravel\\framework\\src\\Illuminate\\Foundation\\Http\\Kernel.php(175): Illuminate\\Pipeline\\Pipeline->then(Object(Closure))
#60 C:\\Users\\ADMIN\\Desktop\\K2\\projects\\4viewsSocial\\APIAdmin\\vendor\\laravel\\framework\\src\\Illuminate\\Foundation\\Http\\Kernel.php(144): Illuminate\\Foundation\\Http\\Kernel->sendRequestThroughRouter(Object(Illuminate\\Http\\Request))
#61 C:\\Users\\ADMIN\\Desktop\\K2\\projects\\4viewsSocial\\APIAdmin\\vendor\\laravel\\framework\\src\\Illuminate\\Foundation\\Application.php(1220): Illuminate\\Foundation\\Http\\Kernel->handle(Object(Illuminate\\Http\\Request))
#62 C:\\Users\\ADMIN\\Desktop\\K2\\projects\\4viewsSocial\\APIAdmin\\public\\index.php(20): Illuminate\\Foundation\\Application->handleRequest(Object(Illuminate\\Http\\Request))
#63 C:\\Users\\ADMIN\\Desktop\\K2\\projects\\4viewsSocial\\APIAdmin\\vendor\\laravel\\framework\\src\\Illuminate\\Foundation\\resources\\server.php(23): require_once('C:\\\\Users\\\\ADMIN\\\\...')
#64 {main}
"} 
[2026-01-04 04:27:00] local.ERROR: SQLSTATE[HY000] [2002] No connection could be made because the target machine actively refused it (Connection: mysql, SQL: select DATE(created_at) as date, COUNT(*) as total from `users` where `created_at` >= 2025-12-29 00:00:00 group by `date`) {"exception":"[object] (Illuminate\\Database\\QueryException(code: 2002): SQLSTATE[HY000] [2002] No connection could be made because the target machine actively refused it (Connection: mysql, SQL: select DATE(created_at) as date, COUNT(*) as total from `users` where `created_at` >= 2025-12-29 00:00:00 group by `date`) at C:\\Users\\ADMIN\\Desktop\\K2\\projects\\4viewsSocial\\APIAdmin\\vendor\\laravel\\framework\\src\\Illuminate\\Database\\Connection.php:824)
[stacktrace]
#0 C:\\Users\\ADMIN\\Desktop\\K2\\projects\\4viewsSocial\\APIAdmin\\vendor\\laravel\\framework\\src\\Illuminate\\Database\\Connection.php(978): Illuminate\\Database\\Connection->runQueryCallback('select DATE(cre...', Array, Object(Closure))
#1 C:\\Users\\ADMIN\\Desktop\\K2\\projects\\4viewsSocial\\APIAdmin\\vendor\\laravel\\framework\\src\\Illuminate\\Database\\Connection.php(957): Illuminate\\Database\\Connection->tryAgainIfCausedByLostConnection(Object(Illuminate\\Database\\QueryException), 'select DATE(cre...', Array, Object(Closure))
#2 C:\\Users\\ADMIN\\Desktop\\K2\\projects\\4viewsSocial\\APIAdmin\\vendor\\laravel\\framework\\src\\Illuminate\\Database\\Connection.php(780): Illuminate\\Database\\Connection->handleQueryException(Object(Illuminate\\Database\\QueryException), 'select DATE(cre...', Array, Object(Closure))
#3 C:\\Users\\ADMIN\\Desktop\\K2\\projects\\4viewsSocial\\APIAdmin\\vendor\\laravel\\framework\\src\\Illuminate\\Database\\Connection.php(397): Illuminate\\Database\\Connection->run('select DATE(cre...', Array, Object(Closure))
#4 C:\\Users\\ADMIN\\Desktop\\K2\\projects\\4viewsSocial\\APIAdmin\\vendor\\laravel\\framework\\src\\Illuminate\\Database\\Query\\Builder.php(3188): Illuminate\\Database\\Connection->select('select DATE(cre...', Array, true)
#5 C:\\Users\\ADMIN\\Desktop\\K2\\projects\\4viewsSocial\\APIAdmin\\vendor\\laravel\\framework\\src\\Illuminate\\Database\\Query\\Builder.php(3446): Illuminate\\Database\\Query\\Builder->runSelect()
#6 C:\\Users\\ADMIN\\Desktop\\K2\\projects\\4viewsSocial\\APIAdmin\\vendor\\laravel\\framework\\src\\Illuminate\\Database\\Query\\Builder.php(3763): Illuminate\\Database\\Query\\Builder->Illuminate\\Database\\Query\\{closure}()
#7 C:\\Users\\ADMIN\\Desktop\\K2\\projects\\4viewsSocial\\APIAdmin\\vendor\\laravel\\framework\\src\\Illuminate\\Database\\Query\\Builder.php(3442): Illuminate\\Database\\Query\\Builder->onceWithColumns(Array, Object(Closure))
#8 C:\\Users\\ADMIN\\Desktop\\K2\\projects\\4viewsSocial\\APIAdmin\\vendor\\laravel\\framework\\src\\Illuminate\\Database\\Eloquent\\Builder.php(1082): Illuminate\\Database\\Query\\Builder->pluck('total', 'date')
#9 C:\\Users\\ADMIN\\Desktop\\K2\\projects\\4viewsSocial\\APIAdmin\\app\\Http\\Controllers\\DashboardController.php(45): Illuminate\\Database\\Eloquent\\Builder->pluck('total', 'date')
#10 C:\\Users\\ADMIN\\Desktop\\K2\\projects\\4viewsSocial\\APIAdmin\\vendor\\laravel\\framework\\src\\Illuminate\\Routing\\ControllerDispatcher.php(46): App\\Http\\Controllers\\DashboardController->chart()
#11 C:\\Users\\ADMIN\\Desktop\\K2\\projects\\4viewsSocial\\APIAdmin\\vendor\\laravel\\framework\\src\\Illuminate\\Routing\\Route.php(265): Illuminate\\Routing\\ControllerDispatcher->dispatch(Object(Illuminate\\Routing\\Route), Object(App\\Http\\Controllers\\DashboardController), 'chart')
#12 C:\\Users\\ADMIN\\Desktop\\K2\\projects\\4viewsSocial\\APIAdmin\\vendor\\laravel\\framework\\src\\Illuminate\\Routing\\Route.php(211): Illuminate\\Routing\\Route->runController()
#13 C:\\Users\\ADMIN\\Desktop\\K2\\projects\\4viewsSocial\\APIAdmin\\vendor\\laravel\\framework\\src\\Illuminate\\Routing\\Router.php(822): Illuminate\\Routing\\Route->run()
#14 C:\\Users\\ADMIN\\Desktop\\K2\\projects\\4viewsSocial\\APIAdmin\\vendor\\laravel\\framework\\src\\Illuminate\\Pipeline\\Pipeline.php(180): Illuminate\\Routing\\Router->Illuminate\\Routing\\{closure}(Object(Illuminate\\Http\\Request))
#15 C:\\Users\\ADMIN\\Desktop\\K2\\projects\\4viewsSocial\\APIAdmin\\vendor\\laravel\\framework\\src\\Illuminate\\Routing\\Middleware\\SubstituteBindings.php(50): Illuminate\\Pipeline\\Pipeline->Illuminate\\Pipeline\\{closure}(Object(Illuminate\\Http\\Request))
#16 C:\\Users\\ADMIN\\Desktop\\K2\\projects\\4viewsSocial\\APIAdmin\\vendor\\laravel\\framework\\src\\Illuminate\\Pipeline\\Pipeline.php(219): Illuminate\\Routing\\Middleware\\SubstituteBindings->handle(Object(Illuminate\\Http\\Request), Object(Closure))
#17 C:\\Users\\ADMIN\\Desktop\\K2\\projects\\4viewsSocial\\APIAdmin\\vendor\\laravel\\framework\\src\\Illuminate\\Pipeline\\Pipeline.php(137): Illuminate\\Pipeline\\Pipeline->Illuminate\\Pipeline\\{closure}(Object(Illuminate\\Http\\Request))
#18 C:\\Users\\ADMIN\\Desktop\\K2\\projects\\4viewsSocial\\APIAdmin\\vendor\\laravel\\framework\\src\\Illuminate\\Routing\\Router.php(821): Illuminate\\Pipeline\\Pipeline->then(Object(Closure))
#19 C:\\Users\\ADMIN\\Desktop\\K2\\projects\\4viewsSocial\\APIAdmin\\vendor\\laravel\\framework\\src\\Illuminate\\Routing\\Router.php(800): Illuminate\\Routing\\Router->runRouteWithinStack(Object(Illuminate\\Routing\\Route), Object(Illuminate\\Http\\Request))
#20 C:\\Users\\ADMIN\\Desktop\\K2\\projects\\4viewsSocial\\APIAdmin\\vendor\\laravel\\framework\\src\\Illuminate\\Routing\\Router.php(764): Illuminate\\Routing\\Router->runRoute(Object(Illuminate\\Http\\Request), Object(Illuminate\\Routing\\Route))
#21 C:\\Users\\ADMIN\\Desktop\\K2\\projects\\4viewsSocial\\APIAdmin\\vendor\\laravel\\framework\\src\\Illuminate\\Routing\\Router.php(753): Illuminate\\Routing\\Router->dispatchToRoute(Object(Illuminate\\Http\\Request))
#22 C:\\Users\\ADMIN\\Desktop\\K2\\projects\\4viewsSocial\\APIAdmin\\vendor\\laravel\\framework\\src\\Illuminate\\Foundation\\Http\\Kernel.php(200): Illuminate\\Routing\\Router->dispatch(Object(Illuminate\\Http\\Request))
#23 C:\\Users\\ADMIN\\Desktop\\K2\\projects\\4viewsSocial\\APIAdmin\\vendor\\laravel\\framework\\src\\Illuminate\\Pipeline\\Pipeline.php(180): Illuminate\\Foundation\\Http\\Kernel->Illuminate\\Foundation\\Http\\{closure}(Object(Illuminate\\Http\\Request))
#24 C:\\Users\\ADMIN\\Desktop\\K2\\projects\\4viewsSocial\\APIAdmin\\vendor\\laravel\\framework\\src\\Illuminate\\Foundation\\Http\\Middleware\\TransformsRequest.php(21): Illuminate\\Pipeline\\Pipeline->Illuminate\\Pipeline\\{closure}(Object(Illuminate\\Http\\Request))
#25 C:\\Users\\ADMIN\\Desktop\\K2\\projects\\4viewsSocial\\APIAdmin\\vendor\\laravel\\framework\\src\\Illuminate\\Foundation\\Http\\Middleware\\ConvertEmptyStringsToNull.php(31): Illuminate\\Foundation\\Http\\Middleware\\TransformsRequest->handle(Object(Illuminate\\Http\\Request), Object(Closure))
#26 C:\\Users\\ADMIN\\Desktop\\K2\\projects\\4viewsSocial\\APIAdmin\\vendor\\laravel\\framework\\src\\Illuminate\\Pipeline\\Pipeline.php(219): Illuminate\\Foundation\\Http\\Middleware\\ConvertEmptyStringsToNull->handle(Object(Illuminate\\Http\\Request), Object(Closure))
#27 C:\\Users\\ADMIN\\Desktop\\K2\\projects\\4viewsSocial\\APIAdmin\\vendor\\laravel\\framework\\src\\Illuminate\\Foundation\\Http\\Middleware\\TransformsRequest.php(21): Illuminate\\Pipeline\\Pipeline->Illuminate\\Pipeline\\{closure}(Object(Illuminate\\Http\\Request))
#28 C:\\Users\\ADMIN\\Desktop\\K2\\projects\\4viewsSocial\\APIAdmin\\vendor\\laravel\\framework\\src\\Illuminate\\Foundation\\Http\\Middleware\\TrimStrings.php(51): Illuminate\\Foundation\\Http\\Middleware\\TransformsRequest->handle(Object(Illuminate\\Http\\Request), Object(Closure))
#29 C:\\Users\\ADMIN\\Desktop\\K2\\projects\\4viewsSocial\\APIAdmin\\vendor\\laravel\\framework\\src\\Illuminate\\Pipeline\\Pipeline.php(219): Illuminate\\Foundation\\Http\\Middleware\\TrimStrings->handle(Object(Illuminate\\Http\\Request), Object(Closure))
#30 C:\\Users\\ADMIN\\Desktop\\K2\\projects\\4viewsSocial\\APIAdmin\\vendor\\laravel\\framework\\src\\Illuminate\\Http\\Middleware\\ValidatePostSize.php(27): Illuminate\\Pipeline\\Pipeline->Illuminate\\Pipeline\\{closure}(Object(Illuminate\\Http\\Request))
#31 C:\\Users\\ADMIN\\Desktop\\K2\\projects\\4viewsSocial\\APIAdmin\\vendor\\laravel\\framework\\src\\Illuminate\\Pipeline\\Pipeline.php(219): Illuminate\\Http\\Middleware\\ValidatePostSize->handle(Object(Illuminate\\Http\\Request), Object(Closure))
#32 C:\\Users\\ADMIN\\Desktop\\K2\\projects\\4viewsSocial\\APIAdmin\\vendor\\laravel\\framework\\src\\Illuminate\\Foundation\\Http\\Middleware\\PreventRequestsDuringMaintenance.php(109): Illuminate\\Pipeline\\Pipeline->Illuminate\\Pipeline\\{closure}(Object(Illuminate\\Http\\Request))
#33 C:\\Users\\ADMIN\\Desktop\\K2\\projects\\4viewsSocial\\APIAdmin\\vendor\\laravel\\framework\\src\\Illuminate\\Pipeline\\Pipeline.php(219): Illuminate\\Foundation\\Http\\Middleware\\PreventRequestsDuringMaintenance->handle(Object(Illuminate\\Http\\Request), Object(Closure))
#34 C:\\Users\\ADMIN\\Desktop\\K2\\projects\\4viewsSocial\\APIAdmin\\vendor\\laravel\\framework\\src\\Illuminate\\Http\\Middleware\\HandleCors.php(61): Illuminate\\Pipeline\\Pipeline->Illuminate\\Pipeline\\{closure}(Object(Illuminate\\Http\\Request))
#35 C:\\Users\\ADMIN\\Desktop\\K2\\projects\\4viewsSocial\\APIAdmin\\vendor\\laravel\\framework\\src\\Illuminate\\Pipeline\\Pipeline.php(219): Illuminate\\Http\\Middleware\\HandleCors->handle(Object(Illuminate\\Http\\Request), Object(Closure))
#36 C:\\Users\\ADMIN\\Desktop\\K2\\projects\\4viewsSocial\\APIAdmin\\vendor\\laravel\\framework\\src\\Illuminate\\Http\\Middleware\\TrustProxies.php(58): Illuminate\\Pipeline\\Pipeline->Illuminate\\Pipeline\\{closure}(Object(Illuminate\\Http\\Request))
#37 C:\\Users\\ADMIN\\Desktop\\K2\\projects\\4viewsSocial\\APIAdmin\\vendor\\laravel\\framework\\src\\Illuminate\\Pipeline\\Pipeline.php(219): Illuminate\\Http\\Middleware\\TrustProxies->handle(Object(Illuminate\\Http\\Request), Object(Closure))
#38 C:\\Users\\ADMIN\\Desktop\\K2\\projects\\4viewsSocial\\APIAdmin\\vendor\\laravel\\framework\\src\\Illuminate\\Foundation\\Http\\Middleware\\InvokeDeferredCallbacks.php(22): Illuminate\\Pipeline\\Pipeline->Illuminate\\Pipeline\\{closure}(Object(Illuminate\\Http\\Request))
#39 C:\\Users\\ADMIN\\Desktop\\K2\\projects\\4viewsSocial\\APIAdmin\\vendor\\laravel\\framework\\src\\Illuminate\\Pipeline\\Pipeline.php(219): Illuminate\\Foundation\\Http\\Middleware\\InvokeDeferredCallbacks->handle(Object(Illuminate\\Http\\Request), Object(Closure))
#40 C:\\Users\\ADMIN\\Desktop\\K2\\projects\\4viewsSocial\\APIAdmin\\vendor\\laravel\\framework\\src\\Illuminate\\Http\\Middleware\\ValidatePathEncoding.php(26): Illuminate\\Pipeline\\Pipeline->Illuminate\\Pipeline\\{closure}(Object(Illuminate\\Http\\Request))
#41 C:\\Users\\ADMIN\\Desktop\\K2\\projects\\4viewsSocial\\APIAdmin\\vendor\\laravel\\framework\\src\\Illuminate\\Pipeline\\Pipeline.php(219): Illuminate\\Http\\Middleware\\ValidatePathEncoding->handle(Object(Illuminate\\Http\\Request), Object(Closure))
#42 C:\\Users\\ADMIN\\Desktop\\K2\\projects\\4viewsSocial\\APIAdmin\\vendor\\laravel\\framework\\src\\Illuminate\\Pipeline\\Pipeline.php(137): Illuminate\\Pipeline\\Pipeline->Illuminate\\Pipeline\\{closure}(Object(Illuminate\\Http\\Request))
#43 C:\\Users\\ADMIN\\Desktop\\K2\\projects\\4viewsSocial\\APIAdmin\\vendor\\laravel\\framework\\src\\Illuminate\\Foundation\\Http\\Kernel.php(175): Illuminate\\Pipeline\\Pipeline->then(Object(Closure))
#44 C:\\Users\\ADMIN\\Desktop\\K2\\projects\\4viewsSocial\\APIAdmin\\vendor\\laravel\\framework\\src\\Illuminate\\Foundation\\Http\\Kernel.php(144): Illuminate\\Foundation\\Http\\Kernel->sendRequestThroughRouter(Object(Illuminate\\Http\\Request))
#45 C:\\Users\\ADMIN\\Desktop\\K2\\projects\\4viewsSocial\\APIAdmin\\vendor\\laravel\\framework\\src\\Illuminate\\Foundation\\Application.php(1220): Illuminate\\Foundation\\Http\\Kernel->handle(Object(Illuminate\\Http\\Request))
#46 C:\\Users\\ADMIN\\Desktop\\K2\\projects\\4viewsSocial\\APIAdmin\\public\\index.php(20): Illuminate\\Foundation\\Application->handleRequest(Object(Illuminate\\Http\\Request))
#47 C:\\Users\\ADMIN\\Desktop\\K2\\projects\\4viewsSocial\\APIAdmin\\vendor\\laravel\\framework\\src\\Illuminate\\Foundation\\resources\\server.php(23): require_once('C:\\\\Users\\\\ADMIN\\\\...')
#48 {main}

[previous exception] [object] (PDOException(code: 2002): SQLSTATE[HY000] [2002] No connection could be made because the target machine actively refused it at C:\\Users\\ADMIN\\Desktop\\K2\\projects\\4viewsSocial\\APIAdmin\\vendor\\laravel\\framework\\src\\Illuminate\\Database\\Connectors\\Connector.php:66)
[stacktrace]
#0 C:\\Users\\ADMIN\\Desktop\\K2\\projects\\4viewsSocial\\APIAdmin\\vendor\\laravel\\framework\\src\\Illuminate\\Database\\Connectors\\Connector.php(66): PDO->__construct('mysql:host=127....', 'root', Object(SensitiveParameterValue), Array)
#1 C:\\Users\\ADMIN\\Desktop\\K2\\projects\\4viewsSocial\\APIAdmin\\vendor\\laravel\\framework\\src\\Illuminate\\Database\\Connectors\\Connector.php(85): Illuminate\\Database\\Connectors\\Connector->createPdoConnection('mysql:host=127....', 'root', Object(SensitiveParameterValue), Array)
#2 C:\\Users\\ADMIN\\Desktop\\K2\\projects\\4viewsSocial\\APIAdmin\\vendor\\laravel\\framework\\src\\Illuminate\\Database\\Connectors\\Connector.php(48): Illuminate\\Database\\Connectors\\Connector->tryAgainIfCausedByLostConnection(Object(PDOException), 'mysql:host=127....', 'root', Object(SensitiveParameterValue), Array)
#3 C:\\Users\\ADMIN\\Desktop\\K2\\projects\\4viewsSocial\\APIAdmin\\vendor\\laravel\\framework\\src\\Illuminate\\Database\\Connectors\\MySqlConnector.php(24): Illuminate\\Database\\Connectors\\Connector->createConnection('mysql:host=127....', Array, Array)
#4 C:\\Users\\ADMIN\\Desktop\\K2\\projects\\4viewsSocial\\APIAdmin\\vendor\\laravel\\framework\\src\\Illuminate\\Database\\Connectors\\ConnectionFactory.php(184): Illuminate\\Database\\Connectors\\MySqlConnector->connect(Array)
#5 [internal function]: Illuminate\\Database\\Connectors\\ConnectionFactory->Illuminate\\Database\\Connectors\\{closure}()
#6 C:\\Users\\ADMIN\\Desktop\\K2\\projects\\4viewsSocial\\APIAdmin\\vendor\\laravel\\framework\\src\\Illuminate\\Database\\Connection.php(1234): call_user_func(Object(Closure))
#7 C:\\Users\\ADMIN\\Desktop\\K2\\projects\\4viewsSocial\\APIAdmin\\vendor\\laravel\\framework\\src\\Illuminate\\Database\\Connection.php(1270): Illuminate\\Database\\Connection->getPdo()
#8 C:\\Users\\ADMIN\\Desktop\\K2\\projects\\4viewsSocial\\APIAdmin\\vendor\\laravel\\framework\\src\\Illuminate\\Database\\Connection.php(511): Illuminate\\Database\\Connection->getReadPdo()
#9 C:\\Users\\ADMIN\\Desktop\\K2\\projects\\4viewsSocial\\APIAdmin\\vendor\\laravel\\framework\\src\\Illuminate\\Database\\Connection.php(406): Illuminate\\Database\\Connection->getPdoForSelect(true)
#10 C:\\Users\\ADMIN\\Desktop\\K2\\projects\\4viewsSocial\\APIAdmin\\vendor\\laravel\\framework\\src\\Illuminate\\Database\\Connection.php(811): Illuminate\\Database\\Connection->Illuminate\\Database\\{closure}('select DATE(cre...', Array)
#11 C:\\Users\\ADMIN\\Desktop\\K2\\projects\\4viewsSocial\\APIAdmin\\vendor\\laravel\\framework\\src\\Illuminate\\Database\\Connection.php(978): Illuminate\\Database\\Connection->runQueryCallback('select DATE(cre...', Array, Object(Closure))
#12 C:\\Users\\ADMIN\\Desktop\\K2\\projects\\4viewsSocial\\APIAdmin\\vendor\\laravel\\framework\\src\\Illuminate\\Database\\Connection.php(957): Illuminate\\Database\\Connection->tryAgainIfCausedByLostConnection(Object(Illuminate\\Database\\QueryException), 'select DATE(cre...', Array, Object(Closure))
#13 C:\\Users\\ADMIN\\Desktop\\K2\\projects\\4viewsSocial\\APIAdmin\\vendor\\laravel\\framework\\src\\Illuminate\\Database\\Connection.php(780): Illuminate\\Database\\Connection->handleQueryException(Object(Illuminate\\Database\\QueryException), 'select DATE(cre...', Array, Object(Closure))
#14 C:\\Users\\ADMIN\\Desktop\\K2\\projects\\4viewsSocial\\APIAdmin\\vendor\\laravel\\framework\\src\\Illuminate\\Database\\Connection.php(397): Illuminate\\Database\\Connection->run('select DATE(cre...', Array, Object(Closure))
#15 C:\\Users\\ADMIN\\Desktop\\K2\\projects\\4viewsSocial\\APIAdmin\\vendor\\laravel\\framework\\src\\Illuminate\\Database\\Query\\Builder.php(3188): Illuminate\\Database\\Connection->select('select DATE(cre...', Array, true)
#16 C:\\Users\\ADMIN\\Desktop\\K2\\projects\\4viewsSocial\\APIAdmin\\vendor\\laravel\\framework\\src\\Illuminate\\Database\\Query\\Builder.php(3446): Illuminate\\Database\\Query\\Builder->runSelect()
#17 C:\\Users\\ADMIN\\Desktop\\K2\\projects\\4viewsSocial\\APIAdmin\\vendor\\laravel\\framework\\src\\Illuminate\\Database\\Query\\Builder.php(3763): Illuminate\\Database\\Query\\Builder->Illuminate\\Database\\Query\\{closure}()
#18 C:\\Users\\ADMIN\\Desktop\\K2\\projects\\4viewsSocial\\APIAdmin\\vendor\\laravel\\framework\\src\\Illuminate\\Database\\Query\\Builder.php(3442): Illuminate\\Database\\Query\\Builder->onceWithColumns(Array, Object(Closure))
#19 C:\\Users\\ADMIN\\Desktop\\K2\\projects\\4viewsSocial\\APIAdmin\\vendor\\laravel\\framework\\src\\Illuminate\\Database\\Eloquent\\Builder.php(1082): Illuminate\\Database\\Query\\Builder->pluck('total', 'date')
#20 C:\\Users\\ADMIN\\Desktop\\K2\\projects\\4viewsSocial\\APIAdmin\\app\\Http\\Controllers\\DashboardController.php(45): Illuminate\\Database\\Eloquent\\Builder->pluck('total', 'date')
#21 C:\\Users\\ADMIN\\Desktop\\K2\\projects\\4viewsSocial\\APIAdmin\\vendor\\laravel\\framework\\src\\Illuminate\\Routing\\ControllerDispatcher.php(46): App\\Http\\Controllers\\DashboardController->chart()
#22 C:\\Users\\ADMIN\\Desktop\\K2\\projects\\4viewsSocial\\APIAdmin\\vendor\\laravel\\framework\\src\\Illuminate\\Routing\\Route.php(265): Illuminate\\Routing\\ControllerDispatcher->dispatch(Object(Illuminate\\Routing\\Route), Object(App\\Http\\Controllers\\DashboardController), 'chart')
#23 C:\\Users\\ADMIN\\Desktop\\K2\\projects\\4viewsSocial\\APIAdmin\\vendor\\laravel\\framework\\src\\Illuminate\\Routing\\Route.php(211): Illuminate\\Routing\\Route->runController()
#24 C:\\Users\\ADMIN\\Desktop\\K2\\projects\\4viewsSocial\\APIAdmin\\vendor\\laravel\\framework\\src\\Illuminate\\Routing\\Router.php(822): Illuminate\\Routing\\Route->run()
#25 C:\\Users\\ADMIN\\Desktop\\K2\\projects\\4viewsSocial\\APIAdmin\\vendor\\laravel\\framework\\src\\Illuminate\\Pipeline\\Pipeline.php(180): Illuminate\\Routing\\Router->Illuminate\\Routing\\{closure}(Object(Illuminate\\Http\\Request))
#26 C:\\Users\\ADMIN\\Desktop\\K2\\projects\\4viewsSocial\\APIAdmin\\vendor\\laravel\\framework\\src\\Illuminate\\Routing\\Middleware\\SubstituteBindings.php(50): Illuminate\\Pipeline\\Pipeline->Illuminate\\Pipeline\\{closure}(Object(Illuminate\\Http\\Request))
#27 C:\\Users\\ADMIN\\Desktop\\K2\\projects\\4viewsSocial\\APIAdmin\\vendor\\laravel\\framework\\src\\Illuminate\\Pipeline\\Pipeline.php(219): Illuminate\\Routing\\Middleware\\SubstituteBindings->handle(Object(Illuminate\\Http\\Request), Object(Closure))
#28 C:\\Users\\ADMIN\\Desktop\\K2\\projects\\4viewsSocial\\APIAdmin\\vendor\\laravel\\framework\\src\\Illuminate\\Pipeline\\Pipeline.php(137): Illuminate\\Pipeline\\Pipeline->Illuminate\\Pipeline\\{closure}(Object(Illuminate\\Http\\Request))
#29 C:\\Users\\ADMIN\\Desktop\\K2\\projects\\4viewsSocial\\APIAdmin\\vendor\\laravel\\framework\\src\\Illuminate\\Routing\\Router.php(821): Illuminate\\Pipeline\\Pipeline->then(Object(Closure))
#30 C:\\Users\\ADMIN\\Desktop\\K2\\projects\\4viewsSocial\\APIAdmin\\vendor\\laravel\\framework\\src\\Illuminate\\Routing\\Router.php(800): Illuminate\\Routing\\Router->runRouteWithinStack(Object(Illuminate\\Routing\\Route), Object(Illuminate\\Http\\Request))
#31 C:\\Users\\ADMIN\\Desktop\\K2\\projects\\4viewsSocial\\APIAdmin\\vendor\\laravel\\framework\\src\\Illuminate\\Routing\\Router.php(764): Illuminate\\Routing\\Router->runRoute(Object(Illuminate\\Http\\Request), Object(Illuminate\\Routing\\Route))
#32 C:\\Users\\ADMIN\\Desktop\\K2\\projects\\4viewsSocial\\APIAdmin\\vendor\\laravel\\framework\\src\\Illuminate\\Routing\\Router.php(753): Illuminate\\Routing\\Router->dispatchToRoute(Object(Illuminate\\Http\\Request))
#33 C:\\Users\\ADMIN\\Desktop\\K2\\projects\\4viewsSocial\\APIAdmin\\vendor\\laravel\\framework\\src\\Illuminate\\Foundation\\Http\\Kernel.php(200): Illuminate\\Routing\\Router->dispatch(Object(Illuminate\\Http\\Request))
#34 C:\\Users\\ADMIN\\Desktop\\K2\\projects\\4viewsSocial\\APIAdmin\\vendor\\laravel\\framework\\src\\Illuminate\\Pipeline\\Pipeline.php(180): Illuminate\\Foundation\\Http\\Kernel->Illuminate\\Foundation\\Http\\{closure}(Object(Illuminate\\Http\\Request))
#35 C:\\Users\\ADMIN\\Desktop\\K2\\projects\\4viewsSocial\\APIAdmin\\vendor\\laravel\\framework\\src\\Illuminate\\Foundation\\Http\\Middleware\\TransformsRequest.php(21): Illuminate\\Pipeline\\Pipeline->Illuminate\\Pipeline\\{closure}(Object(Illuminate\\Http\\Request))
#36 C:\\Users\\ADMIN\\Desktop\\K2\\projects\\4viewsSocial\\APIAdmin\\vendor\\laravel\\framework\\src\\Illuminate\\Foundation\\Http\\Middleware\\ConvertEmptyStringsToNull.php(31): Illuminate\\Foundation\\Http\\Middleware\\TransformsRequest->handle(Object(Illuminate\\Http\\Request), Object(Closure))
#37 C:\\Users\\ADMIN\\Desktop\\K2\\projects\\4viewsSocial\\APIAdmin\\vendor\\laravel\\framework\\src\\Illuminate\\Pipeline\\Pipeline.php(219): Illuminate\\Foundation\\Http\\Middleware\\ConvertEmptyStringsToNull->handle(Object(Illuminate\\Http\\Request), Object(Closure))
#38 C:\\Users\\ADMIN\\Desktop\\K2\\projects\\4viewsSocial\\APIAdmin\\vendor\\laravel\\framework\\src\\Illuminate\\Foundation\\Http\\Middleware\\TransformsRequest.php(21): Illuminate\\Pipeline\\Pipeline->Illuminate\\Pipeline\\{closure}(Object(Illuminate\\Http\\Request))
#39 C:\\Users\\ADMIN\\Desktop\\K2\\projects\\4viewsSocial\\APIAdmin\\vendor\\laravel\\framework\\src\\Illuminate\\Foundation\\Http\\Middleware\\TrimStrings.php(51): Illuminate\\Foundation\\Http\\Middleware\\TransformsRequest->handle(Object(Illuminate\\Http\\Request), Object(Closure))
#40 C:\\Users\\ADMIN\\Desktop\\K2\\projects\\4viewsSocial\\APIAdmin\\vendor\\laravel\\framework\\src\\Illuminate\\Pipeline\\Pipeline.php(219): Illuminate\\Foundation\\Http\\Middleware\\TrimStrings->handle(Object(Illuminate\\Http\\Request), Object(Closure))
#41 C:\\Users\\ADMIN\\Desktop\\K2\\projects\\4viewsSocial\\APIAdmin\\vendor\\laravel\\framework\\src\\Illuminate\\Http\\Middleware\\ValidatePostSize.php(27): Illuminate\\Pipeline\\Pipeline->Illuminate\\Pipeline\\{closure}(Object(Illuminate\\Http\\Request))
#42 C:\\Users\\ADMIN\\Desktop\\K2\\projects\\4viewsSocial\\APIAdmin\\vendor\\laravel\\framework\\src\\Illuminate\\Pipeline\\Pipeline.php(219): Illuminate\\Http\\Middleware\\ValidatePostSize->handle(Object(Illuminate\\Http\\Request), Object(Closure))
#43 C:\\Users\\ADMIN\\Desktop\\K2\\projects\\4viewsSocial\\APIAdmin\\vendor\\laravel\\framework\\src\\Illuminate\\Foundation\\Http\\Middleware\\PreventRequestsDuringMaintenance.php(109): Illuminate\\Pipeline\\Pipeline->Illuminate\\Pipeline\\{closure}(Object(Illuminate\\Http\\Request))
#44 C:\\Users\\ADMIN\\Desktop\\K2\\projects\\4viewsSocial\\APIAdmin\\vendor\\laravel\\framework\\src\\Illuminate\\Pipeline\\Pipeline.php(219): Illuminate\\Foundation\\Http\\Middleware\\PreventRequestsDuringMaintenance->handle(Object(Illuminate\\Http\\Request), Object(Closure))
#45 C:\\Users\\ADMIN\\Desktop\\K2\\projects\\4viewsSocial\\APIAdmin\\vendor\\laravel\\framework\\src\\Illuminate\\Http\\Middleware\\HandleCors.php(61): Illuminate\\Pipeline\\Pipeline->Illuminate\\Pipeline\\{closure}(Object(Illuminate\\Http\\Request))
#46 C:\\Users\\ADMIN\\Desktop\\K2\\projects\\4viewsSocial\\APIAdmin\\vendor\\laravel\\framework\\src\\Illuminate\\Pipeline\\Pipeline.php(219): Illuminate\\Http\\Middleware\\HandleCors->handle(Object(Illuminate\\Http\\Request), Object(Closure))
#47 C:\\Users\\ADMIN\\Desktop\\K2\\projects\\4viewsSocial\\APIAdmin\\vendor\\laravel\\framework\\src\\Illuminate\\Http\\Middleware\\TrustProxies.php(58): Illuminate\\Pipeline\\Pipeline->Illuminate\\Pipeline\\{closure}(Object(Illuminate\\Http\\Request))
#48 C:\\Users\\ADMIN\\Desktop\\K2\\projects\\4viewsSocial\\APIAdmin\\vendor\\laravel\\framework\\src\\Illuminate\\Pipeline\\Pipeline.php(219): Illuminate\\Http\\Middleware\\TrustProxies->handle(Object(Illuminate\\Http\\Request), Object(Closure))
#49 C:\\Users\\ADMIN\\Desktop\\K2\\projects\\4viewsSocial\\APIAdmin\\vendor\\laravel\\framework\\src\\Illuminate\\Foundation\\Http\\Middleware\\InvokeDeferredCallbacks.php(22): Illuminate\\Pipeline\\Pipeline->Illuminate\\Pipeline\\{closure}(Object(Illuminate\\Http\\Request))
#50 C:\\Users\\ADMIN\\Desktop\\K2\\projects\\4viewsSocial\\APIAdmin\\vendor\\laravel\\framework\\src\\Illuminate\\Pipeline\\Pipeline.php(219): Illuminate\\Foundation\\Http\\Middleware\\InvokeDeferredCallbacks->handle(Object(Illuminate\\Http\\Request), Object(Closure))
#51 C:\\Users\\ADMIN\\Desktop\\K2\\projects\\4viewsSocial\\APIAdmin\\vendor\\laravel\\framework\\src\\Illuminate\\Http\\Middleware\\ValidatePathEncoding.php(26): Illuminate\\Pipeline\\Pipeline->Illuminate\\Pipeline\\{closure}(Object(Illuminate\\Http\\Request))
#52 C:\\Users\\ADMIN\\Desktop\\K2\\projects\\4viewsSocial\\APIAdmin\\vendor\\laravel\\framework\\src\\Illuminate\\Pipeline\\Pipeline.php(219): Illuminate\\Http\\Middleware\\ValidatePathEncoding->handle(Object(Illuminate\\Http\\Request), Object(Closure))
#53 C:\\Users\\ADMIN\\Desktop\\K2\\projects\\4viewsSocial\\APIAdmin\\vendor\\laravel\\framework\\src\\Illuminate\\Pipeline\\Pipeline.php(137): Illuminate\\Pipeline\\Pipeline->Illuminate\\Pipeline\\{closure}(Object(Illuminate\\Http\\Request))
#54 C:\\Users\\ADMIN\\Desktop\\K2\\projects\\4viewsSocial\\APIAdmin\\vendor\\laravel\\framework\\src\\Illuminate\\Foundation\\Http\\Kernel.php(175): Illuminate\\Pipeline\\Pipeline->then(Object(Closure))
#55 C:\\Users\\ADMIN\\Desktop\\K2\\projects\\4viewsSocial\\APIAdmin\\vendor\\laravel\\framework\\src\\Illuminate\\Foundation\\Http\\Kernel.php(144): Illuminate\\Foundation\\Http\\Kernel->sendRequestThroughRouter(Object(Illuminate\\Http\\Request))
#56 C:\\Users\\ADMIN\\Desktop\\K2\\projects\\4viewsSocial\\APIAdmin\\vendor\\laravel\\framework\\src\\Illuminate\\Foundation\\Application.php(1220): Illuminate\\Foundation\\Http\\Kernel->handle(Object(Illuminate\\Http\\Request))
#57 C:\\Users\\ADMIN\\Desktop\\K2\\projects\\4viewsSocial\\APIAdmin\\public\\index.php(20): Illuminate\\Foundation\\Application->handleRequest(Object(Illuminate\\Http\\Request))
#58 C:\\Users\\ADMIN\\Desktop\\K2\\projects\\4viewsSocial\\APIAdmin\\vendor\\laravel\\framework\\src\\Illuminate\\Foundation\\resources\\server.php(23): require_once('C:\\\\Users\\\\ADMIN\\\\...')
#59 {main}
"} 
[2026-01-04 04:27:21] local.ERROR: SQLSTATE[HY000] [2002] No connection could be made because the target machine actively refused it (Connection: mysql, SQL: select `id`, `user_name`, `full_name`, `email`, `role`, `online_status`, `status` from `users` order by `id` desc) {"exception":"[object] (Illuminate\\Database\\QueryException(code: 2002): SQLSTATE[HY000] [2002] No connection could be made because the target machine actively refused it (Connection: mysql, SQL: select `id`, `user_name`, `full_name`, `email`, `role`, `online_status`, `status` from `users` order by `id` desc) at C:\\Users\\ADMIN\\Desktop\\K2\\projects\\4viewsSocial\\APIAdmin\\vendor\\laravel\\framework\\src\\Illuminate\\Database\\Connection.php:824)
[stacktrace]
#0 C:\\Users\\ADMIN\\Desktop\\K2\\projects\\4viewsSocial\\APIAdmin\\vendor\\laravel\\framework\\src\\Illuminate\\Database\\Connection.php(978): Illuminate\\Database\\Connection->runQueryCallback('select `id`, `u...', Array, Object(Closure))
#1 C:\\Users\\ADMIN\\Desktop\\K2\\projects\\4viewsSocial\\APIAdmin\\vendor\\laravel\\framework\\src\\Illuminate\\Database\\Connection.php(957): Illuminate\\Database\\Connection->tryAgainIfCausedByLostConnection(Object(Illuminate\\Database\\QueryException), 'select `id`, `u...', Array, Object(Closure))
#2 C:\\Users\\ADMIN\\Desktop\\K2\\projects\\4viewsSocial\\APIAdmin\\vendor\\laravel\\framework\\src\\Illuminate\\Database\\Connection.php(780): Illuminate\\Database\\Connection->handleQueryException(Object(Illuminate\\Database\\QueryException), 'select `id`, `u...', Array, Object(Closure))
#3 C:\\Users\\ADMIN\\Desktop\\K2\\projects\\4viewsSocial\\APIAdmin\\vendor\\laravel\\framework\\src\\Illuminate\\Database\\Connection.php(397): Illuminate\\Database\\Connection->run('select `id`, `u...', Array, Object(Closure))
#4 C:\\Users\\ADMIN\\Desktop\\K2\\projects\\4viewsSocial\\APIAdmin\\vendor\\laravel\\framework\\src\\Illuminate\\Database\\Query\\Builder.php(3188): Illuminate\\Database\\Connection->select('select `id`, `u...', Array, true)
#5 C:\\Users\\ADMIN\\Desktop\\K2\\projects\\4viewsSocial\\APIAdmin\\vendor\\laravel\\framework\\src\\Illuminate\\Database\\Query\\Builder.php(3173): Illuminate\\Database\\Query\\Builder->runSelect()
#6 C:\\Users\\ADMIN\\Desktop\\K2\\projects\\4viewsSocial\\APIAdmin\\vendor\\laravel\\framework\\src\\Illuminate\\Database\\Query\\Builder.php(3763): Illuminate\\Database\\Query\\Builder->Illuminate\\Database\\Query\\{closure}()
#7 C:\\Users\\ADMIN\\Desktop\\K2\\projects\\4viewsSocial\\APIAdmin\\vendor\\laravel\\framework\\src\\Illuminate\\Database\\Query\\Builder.php(3172): Illuminate\\Database\\Query\\Builder->onceWithColumns(Array, Object(Closure))
#8 C:\\Users\\ADMIN\\Desktop\\K2\\projects\\4viewsSocial\\APIAdmin\\vendor\\laravel\\framework\\src\\Illuminate\\Database\\Eloquent\\Builder.php(902): Illuminate\\Database\\Query\\Builder->get(Array)
#9 C:\\Users\\ADMIN\\Desktop\\K2\\projects\\4viewsSocial\\APIAdmin\\vendor\\laravel\\framework\\src\\Illuminate\\Database\\Eloquent\\Builder.php(884): Illuminate\\Database\\Eloquent\\Builder->getModels(Array)
#10 C:\\Users\\ADMIN\\Desktop\\K2\\projects\\4viewsSocial\\APIAdmin\\app\\Http\\Controllers\\UserController.php(44): Illuminate\\Database\\Eloquent\\Builder->get()
#11 C:\\Users\\ADMIN\\Desktop\\K2\\projects\\4viewsSocial\\APIAdmin\\vendor\\laravel\\framework\\src\\Illuminate\\Routing\\ControllerDispatcher.php(46): App\\Http\\Controllers\\UserController->listUsers(Object(Illuminate\\Http\\Request))
#12 C:\\Users\\ADMIN\\Desktop\\K2\\projects\\4viewsSocial\\APIAdmin\\vendor\\laravel\\framework\\src\\Illuminate\\Routing\\Route.php(265): Illuminate\\Routing\\ControllerDispatcher->dispatch(Object(Illuminate\\Routing\\Route), Object(App\\Http\\Controllers\\UserController), 'listUsers')
#13 C:\\Users\\ADMIN\\Desktop\\K2\\projects\\4viewsSocial\\APIAdmin\\vendor\\laravel\\framework\\src\\Illuminate\\Routing\\Route.php(211): Illuminate\\Routing\\Route->runController()
#14 C:\\Users\\ADMIN\\Desktop\\K2\\projects\\4viewsSocial\\APIAdmin\\vendor\\laravel\\framework\\src\\Illuminate\\Routing\\Router.php(822): Illuminate\\Routing\\Route->run()
#15 C:\\Users\\ADMIN\\Desktop\\K2\\projects\\4viewsSocial\\APIAdmin\\vendor\\laravel\\framework\\src\\Illuminate\\Pipeline\\Pipeline.php(180): Illuminate\\Routing\\Router->Illuminate\\Routing\\{closure}(Object(Illuminate\\Http\\Request))
#16 C:\\Users\\ADMIN\\Desktop\\K2\\projects\\4viewsSocial\\APIAdmin\\vendor\\laravel\\framework\\src\\Illuminate\\Routing\\Middleware\\SubstituteBindings.php(50): Illuminate\\Pipeline\\Pipeline->Illuminate\\Pipeline\\{closure}(Object(Illuminate\\Http\\Request))
#17 C:\\Users\\ADMIN\\Desktop\\K2\\projects\\4viewsSocial\\APIAdmin\\vendor\\laravel\\framework\\src\\Illuminate\\Pipeline\\Pipeline.php(219): Illuminate\\Routing\\Middleware\\SubstituteBindings->handle(Object(Illuminate\\Http\\Request), Object(Closure))
#18 C:\\Users\\ADMIN\\Desktop\\K2\\projects\\4viewsSocial\\APIAdmin\\vendor\\laravel\\framework\\src\\Illuminate\\Pipeline\\Pipeline.php(137): Illuminate\\Pipeline\\Pipeline->Illuminate\\Pipeline\\{closure}(Object(Illuminate\\Http\\Request))
#19 C:\\Users\\ADMIN\\Desktop\\K2\\projects\\4viewsSocial\\APIAdmin\\vendor\\laravel\\framework\\src\\Illuminate\\Routing\\Router.php(821): Illuminate\\Pipeline\\Pipeline->then(Object(Closure))
#20 C:\\Users\\ADMIN\\Desktop\\K2\\projects\\4viewsSocial\\APIAdmin\\vendor\\laravel\\framework\\src\\Illuminate\\Routing\\Router.php(800): Illuminate\\Routing\\Router->runRouteWithinStack(Object(Illuminate\\Routing\\Route), Object(Illuminate\\Http\\Request))
#21 C:\\Users\\ADMIN\\Desktop\\K2\\projects\\4viewsSocial\\APIAdmin\\vendor\\laravel\\framework\\src\\Illuminate\\Routing\\Router.php(764): Illuminate\\Routing\\Router->runRoute(Object(Illuminate\\Http\\Request), Object(Illuminate\\Routing\\Route))
#22 C:\\Users\\ADMIN\\Desktop\\K2\\projects\\4viewsSocial\\APIAdmin\\vendor\\laravel\\framework\\src\\Illuminate\\Routing\\Router.php(753): Illuminate\\Routing\\Router->dispatchToRoute(Object(Illuminate\\Http\\Request))
#23 C:\\Users\\ADMIN\\Desktop\\K2\\projects\\4viewsSocial\\APIAdmin\\vendor\\laravel\\framework\\src\\Illuminate\\Foundation\\Http\\Kernel.php(200): Illuminate\\Routing\\Router->dispatch(Object(Illuminate\\Http\\Request))
#24 C:\\Users\\ADMIN\\Desktop\\K2\\projects\\4viewsSocial\\APIAdmin\\vendor\\laravel\\framework\\src\\Illuminate\\Pipeline\\Pipeline.php(180): Illuminate\\Foundation\\Http\\Kernel->Illuminate\\Foundation\\Http\\{closure}(Object(Illuminate\\Http\\Request))
#25 C:\\Users\\ADMIN\\Desktop\\K2\\projects\\4viewsSocial\\APIAdmin\\vendor\\laravel\\framework\\src\\Illuminate\\Foundation\\Http\\Middleware\\TransformsRequest.php(21): Illuminate\\Pipeline\\Pipeline->Illuminate\\Pipeline\\{closure}(Object(Illuminate\\Http\\Request))
#26 C:\\Users\\ADMIN\\Desktop\\K2\\projects\\4viewsSocial\\APIAdmin\\vendor\\laravel\\framework\\src\\Illuminate\\Foundation\\Http\\Middleware\\ConvertEmptyStringsToNull.php(31): Illuminate\\Foundation\\Http\\Middleware\\TransformsRequest->handle(Object(Illuminate\\Http\\Request), Object(Closure))
#27 C:\\Users\\ADMIN\\Desktop\\K2\\projects\\4viewsSocial\\APIAdmin\\vendor\\laravel\\framework\\src\\Illuminate\\Pipeline\\Pipeline.php(219): Illuminate\\Foundation\\Http\\Middleware\\ConvertEmptyStringsToNull->handle(Object(Illuminate\\Http\\Request), Object(Closure))
#28 C:\\Users\\ADMIN\\Desktop\\K2\\projects\\4viewsSocial\\APIAdmin\\vendor\\laravel\\framework\\src\\Illuminate\\Foundation\\Http\\Middleware\\TransformsRequest.php(21): Illuminate\\Pipeline\\Pipeline->Illuminate\\Pipeline\\{closure}(Object(Illuminate\\Http\\Request))
#29 C:\\Users\\ADMIN\\Desktop\\K2\\projects\\4viewsSocial\\APIAdmin\\vendor\\laravel\\framework\\src\\Illuminate\\Foundation\\Http\\Middleware\\TrimStrings.php(51): Illuminate\\Foundation\\Http\\Middleware\\TransformsRequest->handle(Object(Illuminate\\Http\\Request), Object(Closure))
#30 C:\\Users\\ADMIN\\Desktop\\K2\\projects\\4viewsSocial\\APIAdmin\\vendor\\laravel\\framework\\src\\Illuminate\\Pipeline\\Pipeline.php(219): Illuminate\\Foundation\\Http\\Middleware\\TrimStrings->handle(Object(Illuminate\\Http\\Request), Object(Closure))
#31 C:\\Users\\ADMIN\\Desktop\\K2\\projects\\4viewsSocial\\APIAdmin\\vendor\\laravel\\framework\\src\\Illuminate\\Http\\Middleware\\ValidatePostSize.php(27): Illuminate\\Pipeline\\Pipeline->Illuminate\\Pipeline\\{closure}(Object(Illuminate\\Http\\Request))
#32 C:\\Users\\ADMIN\\Desktop\\K2\\projects\\4viewsSocial\\APIAdmin\\vendor\\laravel\\framework\\src\\Illuminate\\Pipeline\\Pipeline.php(219): Illuminate\\Http\\Middleware\\ValidatePostSize->handle(Object(Illuminate\\Http\\Request), Object(Closure))
#33 C:\\Users\\ADMIN\\Desktop\\K2\\projects\\4viewsSocial\\APIAdmin\\vendor\\laravel\\framework\\src\\Illuminate\\Foundation\\Http\\Middleware\\PreventRequestsDuringMaintenance.php(109): Illuminate\\Pipeline\\Pipeline->Illuminate\\Pipeline\\{closure}(Object(Illuminate\\Http\\Request))
#34 C:\\Users\\ADMIN\\Desktop\\K2\\projects\\4viewsSocial\\APIAdmin\\vendor\\laravel\\framework\\src\\Illuminate\\Pipeline\\Pipeline.php(219): Illuminate\\Foundation\\Http\\Middleware\\PreventRequestsDuringMaintenance->handle(Object(Illuminate\\Http\\Request), Object(Closure))
#35 C:\\Users\\ADMIN\\Desktop\\K2\\projects\\4viewsSocial\\APIAdmin\\vendor\\laravel\\framework\\src\\Illuminate\\Http\\Middleware\\HandleCors.php(61): Illuminate\\Pipeline\\Pipeline->Illuminate\\Pipeline\\{closure}(Object(Illuminate\\Http\\Request))
#36 C:\\Users\\ADMIN\\Desktop\\K2\\projects\\4viewsSocial\\APIAdmin\\vendor\\laravel\\framework\\src\\Illuminate\\Pipeline\\Pipeline.php(219): Illuminate\\Http\\Middleware\\HandleCors->handle(Object(Illuminate\\Http\\Request), Object(Closure))
#37 C:\\Users\\ADMIN\\Desktop\\K2\\projects\\4viewsSocial\\APIAdmin\\vendor\\laravel\\framework\\src\\Illuminate\\Http\\Middleware\\TrustProxies.php(58): Illuminate\\Pipeline\\Pipeline->Illuminate\\Pipeline\\{closure}(Object(Illuminate\\Http\\Request))
#38 C:\\Users\\ADMIN\\Desktop\\K2\\projects\\4viewsSocial\\APIAdmin\\vendor\\laravel\\framework\\src\\Illuminate\\Pipeline\\Pipeline.php(219): Illuminate\\Http\\Middleware\\TrustProxies->handle(Object(Illuminate\\Http\\Request), Object(Closure))
#39 C:\\Users\\ADMIN\\Desktop\\K2\\projects\\4viewsSocial\\APIAdmin\\vendor\\laravel\\framework\\src\\Illuminate\\Foundation\\Http\\Middleware\\InvokeDeferredCallbacks.php(22): Illuminate\\Pipeline\\Pipeline->Illuminate\\Pipeline\\{closure}(Object(Illuminate\\Http\\Request))
#40 C:\\Users\\ADMIN\\Desktop\\K2\\projects\\4viewsSocial\\APIAdmin\\vendor\\laravel\\framework\\src\\Illuminate\\Pipeline\\Pipeline.php(219): Illuminate\\Foundation\\Http\\Middleware\\InvokeDeferredCallbacks->handle(Object(Illuminate\\Http\\Request), Object(Closure))
#41 C:\\Users\\ADMIN\\Desktop\\K2\\projects\\4viewsSocial\\APIAdmin\\vendor\\laravel\\framework\\src\\Illuminate\\Http\\Middleware\\ValidatePathEncoding.php(26): Illuminate\\Pipeline\\Pipeline->Illuminate\\Pipeline\\{closure}(Object(Illuminate\\Http\\Request))
#42 C:\\Users\\ADMIN\\Desktop\\K2\\projects\\4viewsSocial\\APIAdmin\\vendor\\laravel\\framework\\src\\Illuminate\\Pipeline\\Pipeline.php(219): Illuminate\\Http\\Middleware\\ValidatePathEncoding->handle(Object(Illuminate\\Http\\Request), Object(Closure))
#43 C:\\Users\\ADMIN\\Desktop\\K2\\projects\\4viewsSocial\\APIAdmin\\vendor\\laravel\\framework\\src\\Illuminate\\Pipeline\\Pipeline.php(137): Illuminate\\Pipeline\\Pipeline->Illuminate\\Pipeline\\{closure}(Object(Illuminate\\Http\\Request))
#44 C:\\Users\\ADMIN\\Desktop\\K2\\projects\\4viewsSocial\\APIAdmin\\vendor\\laravel\\framework\\src\\Illuminate\\Foundation\\Http\\Kernel.php(175): Illuminate\\Pipeline\\Pipeline->then(Object(Closure))
#45 C:\\Users\\ADMIN\\Desktop\\K2\\projects\\4viewsSocial\\APIAdmin\\vendor\\laravel\\framework\\src\\Illuminate\\Foundation\\Http\\Kernel.php(144): Illuminate\\Foundation\\Http\\Kernel->sendRequestThroughRouter(Object(Illuminate\\Http\\Request))
#46 C:\\Users\\ADMIN\\Desktop\\K2\\projects\\4viewsSocial\\APIAdmin\\vendor\\laravel\\framework\\src\\Illuminate\\Foundation\\Application.php(1220): Illuminate\\Foundation\\Http\\Kernel->handle(Object(Illuminate\\Http\\Request))
#47 C:\\Users\\ADMIN\\Desktop\\K2\\projects\\4viewsSocial\\APIAdmin\\public\\index.php(20): Illuminate\\Foundation\\Application->handleRequest(Object(Illuminate\\Http\\Request))
#48 C:\\Users\\ADMIN\\Desktop\\K2\\projects\\4viewsSocial\\APIAdmin\\vendor\\laravel\\framework\\src\\Illuminate\\Foundation\\resources\\server.php(23): require_once('C:\\\\Users\\\\ADMIN\\\\...')
#49 {main}

[previous exception] [object] (PDOException(code: 2002): SQLSTATE[HY000] [2002] No connection could be made because the target machine actively refused it at C:\\Users\\ADMIN\\Desktop\\K2\\projects\\4viewsSocial\\APIAdmin\\vendor\\laravel\\framework\\src\\Illuminate\\Database\\Connectors\\Connector.php:66)
[stacktrace]
#0 C:\\Users\\ADMIN\\Desktop\\K2\\projects\\4viewsSocial\\APIAdmin\\vendor\\laravel\\framework\\src\\Illuminate\\Database\\Connectors\\Connector.php(66): PDO->__construct('mysql:host=127....', 'root', Object(SensitiveParameterValue), Array)
#1 C:\\Users\\ADMIN\\Desktop\\K2\\projects\\4viewsSocial\\APIAdmin\\vendor\\laravel\\framework\\src\\Illuminate\\Database\\Connectors\\Connector.php(85): Illuminate\\Database\\Connectors\\Connector->createPdoConnection('mysql:host=127....', 'root', Object(SensitiveParameterValue), Array)
#2 C:\\Users\\ADMIN\\Desktop\\K2\\projects\\4viewsSocial\\APIAdmin\\vendor\\laravel\\framework\\src\\Illuminate\\Database\\Connectors\\Connector.php(48): Illuminate\\Database\\Connectors\\Connector->tryAgainIfCausedByLostConnection(Object(PDOException), 'mysql:host=127....', 'root', Object(SensitiveParameterValue), Array)
#3 C:\\Users\\ADMIN\\Desktop\\K2\\projects\\4viewsSocial\\APIAdmin\\vendor\\laravel\\framework\\src\\Illuminate\\Database\\Connectors\\MySqlConnector.php(24): Illuminate\\Database\\Connectors\\Connector->createConnection('mysql:host=127....', Array, Array)
#4 C:\\Users\\ADMIN\\Desktop\\K2\\projects\\4viewsSocial\\APIAdmin\\vendor\\laravel\\framework\\src\\Illuminate\\Database\\Connectors\\ConnectionFactory.php(184): Illuminate\\Database\\Connectors\\MySqlConnector->connect(Array)
#5 [internal function]: Illuminate\\Database\\Connectors\\ConnectionFactory->Illuminate\\Database\\Connectors\\{closure}()
#6 C:\\Users\\ADMIN\\Desktop\\K2\\projects\\4viewsSocial\\APIAdmin\\vendor\\laravel\\framework\\src\\Illuminate\\Database\\Connection.php(1234): call_user_func(Object(Closure))
#7 C:\\Users\\ADMIN\\Desktop\\K2\\projects\\4viewsSocial\\APIAdmin\\vendor\\laravel\\framework\\src\\Illuminate\\Database\\Connection.php(1270): Illuminate\\Database\\Connection->getPdo()
#8 C:\\Users\\ADMIN\\Desktop\\K2\\projects\\4viewsSocial\\APIAdmin\\vendor\\laravel\\framework\\src\\Illuminate\\Database\\Connection.php(511): Illuminate\\Database\\Connection->getReadPdo()
#9 C:\\Users\\ADMIN\\Desktop\\K2\\projects\\4viewsSocial\\APIAdmin\\vendor\\laravel\\framework\\src\\Illuminate\\Database\\Connection.php(406): Illuminate\\Database\\Connection->getPdoForSelect(true)
#10 C:\\Users\\ADMIN\\Desktop\\K2\\projects\\4viewsSocial\\APIAdmin\\vendor\\laravel\\framework\\src\\Illuminate\\Database\\Connection.php(811): Illuminate\\Database\\Connection->Illuminate\\Database\\{closure}('select `id`, `u...', Array)
#11 C:\\Users\\ADMIN\\Desktop\\K2\\projects\\4viewsSocial\\APIAdmin\\vendor\\laravel\\framework\\src\\Illuminate\\Database\\Connection.php(978): Illuminate\\Database\\Connection->runQueryCallback('select `id`, `u...', Array, Object(Closure))
#12 C:\\Users\\ADMIN\\Desktop\\K2\\projects\\4viewsSocial\\APIAdmin\\vendor\\laravel\\framework\\src\\Illuminate\\Database\\Connection.php(957): Illuminate\\Database\\Connection->tryAgainIfCausedByLostConnection(Object(Illuminate\\Database\\QueryException), 'select `id`, `u...', Array, Object(Closure))
#13 C:\\Users\\ADMIN\\Desktop\\K2\\projects\\4viewsSocial\\APIAdmin\\vendor\\laravel\\framework\\src\\Illuminate\\Database\\Connection.php(780): Illuminate\\Database\\Connection->handleQueryException(Object(Illuminate\\Database\\QueryException), 'select `id`, `u...', Array, Object(Closure))
#14 C:\\Users\\ADMIN\\Desktop\\K2\\projects\\4viewsSocial\\APIAdmin\\vendor\\laravel\\framework\\src\\Illuminate\\Database\\Connection.php(397): Illuminate\\Database\\Connection->run('select `id`, `u...', Array, Object(Closure))
#15 C:\\Users\\ADMIN\\Desktop\\K2\\projects\\4viewsSocial\\APIAdmin\\vendor\\laravel\\framework\\src\\Illuminate\\Database\\Query\\Builder.php(3188): Illuminate\\Database\\Connection->select('select `id`, `u...', Array, true)
#16 C:\\Users\\ADMIN\\Desktop\\K2\\projects\\4viewsSocial\\APIAdmin\\vendor\\laravel\\framework\\src\\Illuminate\\Database\\Query\\Builder.php(3173): Illuminate\\Database\\Query\\Builder->runSelect()
#17 C:\\Users\\ADMIN\\Desktop\\K2\\projects\\4viewsSocial\\APIAdmin\\vendor\\laravel\\framework\\src\\Illuminate\\Database\\Query\\Builder.php(3763): Illuminate\\Database\\Query\\Builder->Illuminate\\Database\\Query\\{closure}()
#18 C:\\Users\\ADMIN\\Desktop\\K2\\projects\\4viewsSocial\\APIAdmin\\vendor\\laravel\\framework\\src\\Illuminate\\Database\\Query\\Builder.php(3172): Illuminate\\Database\\Query\\Builder->onceWithColumns(Array, Object(Closure))
#19 C:\\Users\\ADMIN\\Desktop\\K2\\projects\\4viewsSocial\\APIAdmin\\vendor\\laravel\\framework\\src\\Illuminate\\Database\\Eloquent\\Builder.php(902): Illuminate\\Database\\Query\\Builder->get(Array)
#20 C:\\Users\\ADMIN\\Desktop\\K2\\projects\\4viewsSocial\\APIAdmin\\vendor\\laravel\\framework\\src\\Illuminate\\Database\\Eloquent\\Builder.php(884): Illuminate\\Database\\Eloquent\\Builder->getModels(Array)
#21 C:\\Users\\ADMIN\\Desktop\\K2\\projects\\4viewsSocial\\APIAdmin\\app\\Http\\Controllers\\UserController.php(44): Illuminate\\Database\\Eloquent\\Builder->get()
#22 C:\\Users\\ADMIN\\Desktop\\K2\\projects\\4viewsSocial\\APIAdmin\\vendor\\laravel\\framework\\src\\Illuminate\\Routing\\ControllerDispatcher.php(46): App\\Http\\Controllers\\UserController->listUsers(Object(Illuminate\\Http\\Request))
#23 C:\\Users\\ADMIN\\Desktop\\K2\\projects\\4viewsSocial\\APIAdmin\\vendor\\laravel\\framework\\src\\Illuminate\\Routing\\Route.php(265): Illuminate\\Routing\\ControllerDispatcher->dispatch(Object(Illuminate\\Routing\\Route), Object(App\\Http\\Controllers\\UserController), 'listUsers')
#24 C:\\Users\\ADMIN\\Desktop\\K2\\projects\\4viewsSocial\\APIAdmin\\vendor\\laravel\\framework\\src\\Illuminate\\Routing\\Route.php(211): Illuminate\\Routing\\Route->runController()
#25 C:\\Users\\ADMIN\\Desktop\\K2\\projects\\4viewsSocial\\APIAdmin\\vendor\\laravel\\framework\\src\\Illuminate\\Routing\\Router.php(822): Illuminate\\Routing\\Route->run()
#26 C:\\Users\\ADMIN\\Desktop\\K2\\projects\\4viewsSocial\\APIAdmin\\vendor\\laravel\\framework\\src\\Illuminate\\Pipeline\\Pipeline.php(180): Illuminate\\Routing\\Router->Illuminate\\Routing\\{closure}(Object(Illuminate\\Http\\Request))
#27 C:\\Users\\ADMIN\\Desktop\\K2\\projects\\4viewsSocial\\APIAdmin\\vendor\\laravel\\framework\\src\\Illuminate\\Routing\\Middleware\\SubstituteBindings.php(50): Illuminate\\Pipeline\\Pipeline->Illuminate\\Pipeline\\{closure}(Object(Illuminate\\Http\\Request))
#28 C:\\Users\\ADMIN\\Desktop\\K2\\projects\\4viewsSocial\\APIAdmin\\vendor\\laravel\\framework\\src\\Illuminate\\Pipeline\\Pipeline.php(219): Illuminate\\Routing\\Middleware\\SubstituteBindings->handle(Object(Illuminate\\Http\\Request), Object(Closure))
#29 C:\\Users\\ADMIN\\Desktop\\K2\\projects\\4viewsSocial\\APIAdmin\\vendor\\laravel\\framework\\src\\Illuminate\\Pipeline\\Pipeline.php(137): Illuminate\\Pipeline\\Pipeline->Illuminate\\Pipeline\\{closure}(Object(Illuminate\\Http\\Request))
#30 C:\\Users\\ADMIN\\Desktop\\K2\\projects\\4viewsSocial\\APIAdmin\\vendor\\laravel\\framework\\src\\Illuminate\\Routing\\Router.php(821): Illuminate\\Pipeline\\Pipeline->then(Object(Closure))
#31 C:\\Users\\ADMIN\\Desktop\\K2\\projects\\4viewsSocial\\APIAdmin\\vendor\\laravel\\framework\\src\\Illuminate\\Routing\\Router.php(800): Illuminate\\Routing\\Router->runRouteWithinStack(Object(Illuminate\\Routing\\Route), Object(Illuminate\\Http\\Request))
#32 C:\\Users\\ADMIN\\Desktop\\K2\\projects\\4viewsSocial\\APIAdmin\\vendor\\laravel\\framework\\src\\Illuminate\\Routing\\Router.php(764): Illuminate\\Routing\\Router->runRoute(Object(Illuminate\\Http\\Request), Object(Illuminate\\Routing\\Route))
#33 C:\\Users\\ADMIN\\Desktop\\K2\\projects\\4viewsSocial\\APIAdmin\\vendor\\laravel\\framework\\src\\Illuminate\\Routing\\Router.php(753): Illuminate\\Routing\\Router->dispatchToRoute(Object(Illuminate\\Http\\Request))
#34 C:\\Users\\ADMIN\\Desktop\\K2\\projects\\4viewsSocial\\APIAdmin\\vendor\\laravel\\framework\\src\\Illuminate\\Foundation\\Http\\Kernel.php(200): Illuminate\\Routing\\Router->dispatch(Object(Illuminate\\Http\\Request))
#35 C:\\Users\\ADMIN\\Desktop\\K2\\projects\\4viewsSocial\\APIAdmin\\vendor\\laravel\\framework\\src\\Illuminate\\Pipeline\\Pipeline.php(180): Illuminate\\Foundation\\Http\\Kernel->Illuminate\\Foundation\\Http\\{closure}(Object(Illuminate\\Http\\Request))
#36 C:\\Users\\ADMIN\\Desktop\\K2\\projects\\4viewsSocial\\APIAdmin\\vendor\\laravel\\framework\\src\\Illuminate\\Foundation\\Http\\Middleware\\TransformsRequest.php(21): Illuminate\\Pipeline\\Pipeline->Illuminate\\Pipeline\\{closure}(Object(Illuminate\\Http\\Request))
#37 C:\\Users\\ADMIN\\Desktop\\K2\\projects\\4viewsSocial\\APIAdmin\\vendor\\laravel\\framework\\src\\Illuminate\\Foundation\\Http\\Middleware\\ConvertEmptyStringsToNull.php(31): Illuminate\\Foundation\\Http\\Middleware\\TransformsRequest->handle(Object(Illuminate\\Http\\Request), Object(Closure))
#38 C:\\Users\\ADMIN\\Desktop\\K2\\projects\\4viewsSocial\\APIAdmin\\vendor\\laravel\\framework\\src\\Illuminate\\Pipeline\\Pipeline.php(219): Illuminate\\Foundation\\Http\\Middleware\\ConvertEmptyStringsToNull->handle(Object(Illuminate\\Http\\Request), Object(Closure))
#39 C:\\Users\\ADMIN\\Desktop\\K2\\projects\\4viewsSocial\\APIAdmin\\vendor\\laravel\\framework\\src\\Illuminate\\Foundation\\Http\\Middleware\\TransformsRequest.php(21): Illuminate\\Pipeline\\Pipeline->Illuminate\\Pipeline\\{closure}(Object(Illuminate\\Http\\Request))
#40 C:\\Users\\ADMIN\\Desktop\\K2\\projects\\4viewsSocial\\APIAdmin\\vendor\\laravel\\framework\\src\\Illuminate\\Foundation\\Http\\Middleware\\TrimStrings.php(51): Illuminate\\Foundation\\Http\\Middleware\\TransformsRequest->handle(Object(Illuminate\\Http\\Request), Object(Closure))
#41 C:\\Users\\ADMIN\\Desktop\\K2\\projects\\4viewsSocial\\APIAdmin\\vendor\\laravel\\framework\\src\\Illuminate\\Pipeline\\Pipeline.php(219): Illuminate\\Foundation\\Http\\Middleware\\TrimStrings->handle(Object(Illuminate\\Http\\Request), Object(Closure))
#42 C:\\Users\\ADMIN\\Desktop\\K2\\projects\\4viewsSocial\\APIAdmin\\vendor\\laravel\\framework\\src\\Illuminate\\Http\\Middleware\\ValidatePostSize.php(27): Illuminate\\Pipeline\\Pipeline->Illuminate\\Pipeline\\{closure}(Object(Illuminate\\Http\\Request))
#43 C:\\Users\\ADMIN\\Desktop\\K2\\projects\\4viewsSocial\\APIAdmin\\vendor\\laravel\\framework\\src\\Illuminate\\Pipeline\\Pipeline.php(219): Illuminate\\Http\\Middleware\\ValidatePostSize->handle(Object(Illuminate\\Http\\Request), Object(Closure))
#44 C:\\Users\\ADMIN\\Desktop\\K2\\projects\\4viewsSocial\\APIAdmin\\vendor\\laravel\\framework\\src\\Illuminate\\Foundation\\Http\\Middleware\\PreventRequestsDuringMaintenance.php(109): Illuminate\\Pipeline\\Pipeline->Illuminate\\Pipeline\\{closure}(Object(Illuminate\\Http\\Request))
#45 C:\\Users\\ADMIN\\Desktop\\K2\\projects\\4viewsSocial\\APIAdmin\\vendor\\laravel\\framework\\src\\Illuminate\\Pipeline\\Pipeline.php(219): Illuminate\\Foundation\\Http\\Middleware\\PreventRequestsDuringMaintenance->handle(Object(Illuminate\\Http\\Request), Object(Closure))
#46 C:\\Users\\ADMIN\\Desktop\\K2\\projects\\4viewsSocial\\APIAdmin\\vendor\\laravel\\framework\\src\\Illuminate\\Http\\Middleware\\HandleCors.php(61): Illuminate\\Pipeline\\Pipeline->Illuminate\\Pipeline\\{closure}(Object(Illuminate\\Http\\Request))
#47 C:\\Users\\ADMIN\\Desktop\\K2\\projects\\4viewsSocial\\APIAdmin\\vendor\\laravel\\framework\\src\\Illuminate\\Pipeline\\Pipeline.php(219): Illuminate\\Http\\Middleware\\HandleCors->handle(Object(Illuminate\\Http\\Request), Object(Closure))
#48 C:\\Users\\ADMIN\\Desktop\\K2\\projects\\4viewsSocial\\APIAdmin\\vendor\\laravel\\framework\\src\\Illuminate\\Http\\Middleware\\TrustProxies.php(58): Illuminate\\Pipeline\\Pipeline->Illuminate\\Pipeline\\{closure}(Object(Illuminate\\Http\\Request))
#49 C:\\Users\\ADMIN\\Desktop\\K2\\projects\\4viewsSocial\\APIAdmin\\vendor\\laravel\\framework\\src\\Illuminate\\Pipeline\\Pipeline.php(219): Illuminate\\Http\\Middleware\\TrustProxies->handle(Object(Illuminate\\Http\\Request), Object(Closure))
#50 C:\\Users\\ADMIN\\Desktop\\K2\\projects\\4viewsSocial\\APIAdmin\\vendor\\laravel\\framework\\src\\Illuminate\\Foundation\\Http\\Middleware\\InvokeDeferredCallbacks.php(22): Illuminate\\Pipeline\\Pipeline->Illuminate\\Pipeline\\{closure}(Object(Illuminate\\Http\\Request))
#51 C:\\Users\\ADMIN\\Desktop\\K2\\projects\\4viewsSocial\\APIAdmin\\vendor\\laravel\\framework\\src\\Illuminate\\Pipeline\\Pipeline.php(219): Illuminate\\Foundation\\Http\\Middleware\\InvokeDeferredCallbacks->handle(Object(Illuminate\\Http\\Request), Object(Closure))
#52 C:\\Users\\ADMIN\\Desktop\\K2\\projects\\4viewsSocial\\APIAdmin\\vendor\\laravel\\framework\\src\\Illuminate\\Http\\Middleware\\ValidatePathEncoding.php(26): Illuminate\\Pipeline\\Pipeline->Illuminate\\Pipeline\\{closure}(Object(Illuminate\\Http\\Request))
#53 C:\\Users\\ADMIN\\Desktop\\K2\\projects\\4viewsSocial\\APIAdmin\\vendor\\laravel\\framework\\src\\Illuminate\\Pipeline\\Pipeline.php(219): Illuminate\\Http\\Middleware\\ValidatePathEncoding->handle(Object(Illuminate\\Http\\Request), Object(Closure))
#54 C:\\Users\\ADMIN\\Desktop\\K2\\projects\\4viewsSocial\\APIAdmin\\vendor\\laravel\\framework\\src\\Illuminate\\Pipeline\\Pipeline.php(137): Illuminate\\Pipeline\\Pipeline->Illuminate\\Pipeline\\{closure}(Object(Illuminate\\Http\\Request))
#55 C:\\Users\\ADMIN\\Desktop\\K2\\projects\\4viewsSocial\\APIAdmin\\vendor\\laravel\\framework\\src\\Illuminate\\Foundation\\Http\\Kernel.php(175): Illuminate\\Pipeline\\Pipeline->then(Object(Closure))
#56 C:\\Users\\ADMIN\\Desktop\\K2\\projects\\4viewsSocial\\APIAdmin\\vendor\\laravel\\framework\\src\\Illuminate\\Foundation\\Http\\Kernel.php(144): Illuminate\\Foundation\\Http\\Kernel->sendRequestThroughRouter(Object(Illuminate\\Http\\Request))
#57 C:\\Users\\ADMIN\\Desktop\\K2\\projects\\4viewsSocial\\APIAdmin\\vendor\\laravel\\framework\\src\\Illuminate\\Foundation\\Application.php(1220): Illuminate\\Foundation\\Http\\Kernel->handle(Object(Illuminate\\Http\\Request))
#58 C:\\Users\\ADMIN\\Desktop\\K2\\projects\\4viewsSocial\\APIAdmin\\public\\index.php(20): Illuminate\\Foundation\\Application->handleRequest(Object(Illuminate\\Http\\Request))
#59 C:\\Users\\ADMIN\\Desktop\\K2\\projects\\4viewsSocial\\APIAdmin\\vendor\\laravel\\framework\\src\\Illuminate\\Foundation\\resources\\server.php(23): require_once('C:\\\\Users\\\\ADMIN\\\\...')
#60 {main}
"} 
[2026-01-04 04:27:30] local.ERROR: SQLSTATE[HY000] [2002] No connection could be made because the target machine actively refused it (Connection: mysql, SQL: select `id`, `user_name`, `full_name`, `email`, `role`, `online_status`, `status` from `users` order by `id` desc) {"exception":"[object] (Illuminate\\Database\\QueryException(code: 2002): SQLSTATE[HY000] [2002] No connection could be made because the target machine actively refused it (Connection: mysql, SQL: select `id`, `user_name`, `full_name`, `email`, `role`, `online_status`, `status` from `users` order by `id` desc) at C:\\Users\\ADMIN\\Desktop\\K2\\projects\\4viewsSocial\\APIAdmin\\vendor\\laravel\\framework\\src\\Illuminate\\Database\\Connection.php:824)
[stacktrace]
#0 C:\\Users\\ADMIN\\Desktop\\K2\\projects\\4viewsSocial\\APIAdmin\\vendor\\laravel\\framework\\src\\Illuminate\\Database\\Connection.php(978): Illuminate\\Database\\Connection->runQueryCallback('select `id`, `u...', Array, Object(Closure))
#1 C:\\Users\\ADMIN\\Desktop\\K2\\projects\\4viewsSocial\\APIAdmin\\vendor\\laravel\\framework\\src\\Illuminate\\Database\\Connection.php(957): Illuminate\\Database\\Connection->tryAgainIfCausedByLostConnection(Object(Illuminate\\Database\\QueryException), 'select `id`, `u...', Array, Object(Closure))
#2 C:\\Users\\ADMIN\\Desktop\\K2\\projects\\4viewsSocial\\APIAdmin\\vendor\\laravel\\framework\\src\\Illuminate\\Database\\Connection.php(780): Illuminate\\Database\\Connection->handleQueryException(Object(Illuminate\\Database\\QueryException), 'select `id`, `u...', Array, Object(Closure))
#3 C:\\Users\\ADMIN\\Desktop\\K2\\projects\\4viewsSocial\\APIAdmin\\vendor\\laravel\\framework\\src\\Illuminate\\Database\\Connection.php(397): Illuminate\\Database\\Connection->run('select `id`, `u...', Array, Object(Closure))
#4 C:\\Users\\ADMIN\\Desktop\\K2\\projects\\4viewsSocial\\APIAdmin\\vendor\\laravel\\framework\\src\\Illuminate\\Database\\Query\\Builder.php(3188): Illuminate\\Database\\Connection->select('select `id`, `u...', Array, true)
#5 C:\\Users\\ADMIN\\Desktop\\K2\\projects\\4viewsSocial\\APIAdmin\\vendor\\laravel\\framework\\src\\Illuminate\\Database\\Query\\Builder.php(3173): Illuminate\\Database\\Query\\Builder->runSelect()
#6 C:\\Users\\ADMIN\\Desktop\\K2\\projects\\4viewsSocial\\APIAdmin\\vendor\\laravel\\framework\\src\\Illuminate\\Database\\Query\\Builder.php(3763): Illuminate\\Database\\Query\\Builder->Illuminate\\Database\\Query\\{closure}()
#7 C:\\Users\\ADMIN\\Desktop\\K2\\projects\\4viewsSocial\\APIAdmin\\vendor\\laravel\\framework\\src\\Illuminate\\Database\\Query\\Builder.php(3172): Illuminate\\Database\\Query\\Builder->onceWithColumns(Array, Object(Closure))
#8 C:\\Users\\ADMIN\\Desktop\\K2\\projects\\4viewsSocial\\APIAdmin\\vendor\\laravel\\framework\\src\\Illuminate\\Database\\Eloquent\\Builder.php(902): Illuminate\\Database\\Query\\Builder->get(Array)
#9 C:\\Users\\ADMIN\\Desktop\\K2\\projects\\4viewsSocial\\APIAdmin\\vendor\\laravel\\framework\\src\\Illuminate\\Database\\Eloquent\\Builder.php(884): Illuminate\\Database\\Eloquent\\Builder->getModels(Array)
#10 C:\\Users\\ADMIN\\Desktop\\K2\\projects\\4viewsSocial\\APIAdmin\\app\\Http\\Controllers\\UserController.php(44): Illuminate\\Database\\Eloquent\\Builder->get()
#11 C:\\Users\\ADMIN\\Desktop\\K2\\projects\\4viewsSocial\\APIAdmin\\vendor\\laravel\\framework\\src\\Illuminate\\Routing\\ControllerDispatcher.php(46): App\\Http\\Controllers\\UserController->listUsers(Object(Illuminate\\Http\\Request))
#12 C:\\Users\\ADMIN\\Desktop\\K2\\projects\\4viewsSocial\\APIAdmin\\vendor\\laravel\\framework\\src\\Illuminate\\Routing\\Route.php(265): Illuminate\\Routing\\ControllerDispatcher->dispatch(Object(Illuminate\\Routing\\Route), Object(App\\Http\\Controllers\\UserController), 'listUsers')
#13 C:\\Users\\ADMIN\\Desktop\\K2\\projects\\4viewsSocial\\APIAdmin\\vendor\\laravel\\framework\\src\\Illuminate\\Routing\\Route.php(211): Illuminate\\Routing\\Route->runController()
#14 C:\\Users\\ADMIN\\Desktop\\K2\\projects\\4viewsSocial\\APIAdmin\\vendor\\laravel\\framework\\src\\Illuminate\\Routing\\Router.php(822): Illuminate\\Routing\\Route->run()
#15 C:\\Users\\ADMIN\\Desktop\\K2\\projects\\4viewsSocial\\APIAdmin\\vendor\\laravel\\framework\\src\\Illuminate\\Pipeline\\Pipeline.php(180): Illuminate\\Routing\\Router->Illuminate\\Routing\\{closure}(Object(Illuminate\\Http\\Request))
#16 C:\\Users\\ADMIN\\Desktop\\K2\\projects\\4viewsSocial\\APIAdmin\\vendor\\laravel\\framework\\src\\Illuminate\\Routing\\Middleware\\SubstituteBindings.php(50): Illuminate\\Pipeline\\Pipeline->Illuminate\\Pipeline\\{closure}(Object(Illuminate\\Http\\Request))
#17 C:\\Users\\ADMIN\\Desktop\\K2\\projects\\4viewsSocial\\APIAdmin\\vendor\\laravel\\framework\\src\\Illuminate\\Pipeline\\Pipeline.php(219): Illuminate\\Routing\\Middleware\\SubstituteBindings->handle(Object(Illuminate\\Http\\Request), Object(Closure))
#18 C:\\Users\\ADMIN\\Desktop\\K2\\projects\\4viewsSocial\\APIAdmin\\vendor\\laravel\\framework\\src\\Illuminate\\Pipeline\\Pipeline.php(137): Illuminate\\Pipeline\\Pipeline->Illuminate\\Pipeline\\{closure}(Object(Illuminate\\Http\\Request))
#19 C:\\Users\\ADMIN\\Desktop\\K2\\projects\\4viewsSocial\\APIAdmin\\vendor\\laravel\\framework\\src\\Illuminate\\Routing\\Router.php(821): Illuminate\\Pipeline\\Pipeline->then(Object(Closure))
#20 C:\\Users\\ADMIN\\Desktop\\K2\\projects\\4viewsSocial\\APIAdmin\\vendor\\laravel\\framework\\src\\Illuminate\\Routing\\Router.php(800): Illuminate\\Routing\\Router->runRouteWithinStack(Object(Illuminate\\Routing\\Route), Object(Illuminate\\Http\\Request))
#21 C:\\Users\\ADMIN\\Desktop\\K2\\projects\\4viewsSocial\\APIAdmin\\vendor\\laravel\\framework\\src\\Illuminate\\Routing\\Router.php(764): Illuminate\\Routing\\Router->runRoute(Object(Illuminate\\Http\\Request), Object(Illuminate\\Routing\\Route))
#22 C:\\Users\\ADMIN\\Desktop\\K2\\projects\\4viewsSocial\\APIAdmin\\vendor\\laravel\\framework\\src\\Illuminate\\Routing\\Router.php(753): Illuminate\\Routing\\Router->dispatchToRoute(Object(Illuminate\\Http\\Request))
#23 C:\\Users\\ADMIN\\Desktop\\K2\\projects\\4viewsSocial\\APIAdmin\\vendor\\laravel\\framework\\src\\Illuminate\\Foundation\\Http\\Kernel.php(200): Illuminate\\Routing\\Router->dispatch(Object(Illuminate\\Http\\Request))
#24 C:\\Users\\ADMIN\\Desktop\\K2\\projects\\4viewsSocial\\APIAdmin\\vendor\\laravel\\framework\\src\\Illuminate\\Pipeline\\Pipeline.php(180): Illuminate\\Foundation\\Http\\Kernel->Illuminate\\Foundation\\Http\\{closure}(Object(Illuminate\\Http\\Request))
#25 C:\\Users\\ADMIN\\Desktop\\K2\\projects\\4viewsSocial\\APIAdmin\\vendor\\laravel\\framework\\src\\Illuminate\\Foundation\\Http\\Middleware\\TransformsRequest.php(21): Illuminate\\Pipeline\\Pipeline->Illuminate\\Pipeline\\{closure}(Object(Illuminate\\Http\\Request))
#26 C:\\Users\\ADMIN\\Desktop\\K2\\projects\\4viewsSocial\\APIAdmin\\vendor\\laravel\\framework\\src\\Illuminate\\Foundation\\Http\\Middleware\\ConvertEmptyStringsToNull.php(31): Illuminate\\Foundation\\Http\\Middleware\\TransformsRequest->handle(Object(Illuminate\\Http\\Request), Object(Closure))
#27 C:\\Users\\ADMIN\\Desktop\\K2\\projects\\4viewsSocial\\APIAdmin\\vendor\\laravel\\framework\\src\\Illuminate\\Pipeline\\Pipeline.php(219): Illuminate\\Foundation\\Http\\Middleware\\ConvertEmptyStringsToNull->handle(Object(Illuminate\\Http\\Request), Object(Closure))
#28 C:\\Users\\ADMIN\\Desktop\\K2\\projects\\4viewsSocial\\APIAdmin\\vendor\\laravel\\framework\\src\\Illuminate\\Foundation\\Http\\Middleware\\TransformsRequest.php(21): Illuminate\\Pipeline\\Pipeline->Illuminate\\Pipeline\\{closure}(Object(Illuminate\\Http\\Request))
#29 C:\\Users\\ADMIN\\Desktop\\K2\\projects\\4viewsSocial\\APIAdmin\\vendor\\laravel\\framework\\src\\Illuminate\\Foundation\\Http\\Middleware\\TrimStrings.php(51): Illuminate\\Foundation\\Http\\Middleware\\TransformsRequest->handle(Object(Illuminate\\Http\\Request), Object(Closure))
#30 C:\\Users\\ADMIN\\Desktop\\K2\\projects\\4viewsSocial\\APIAdmin\\vendor\\laravel\\framework\\src\\Illuminate\\Pipeline\\Pipeline.php(219): Illuminate\\Foundation\\Http\\Middleware\\TrimStrings->handle(Object(Illuminate\\Http\\Request), Object(Closure))
#31 C:\\Users\\ADMIN\\Desktop\\K2\\projects\\4viewsSocial\\APIAdmin\\vendor\\laravel\\framework\\src\\Illuminate\\Http\\Middleware\\ValidatePostSize.php(27): Illuminate\\Pipeline\\Pipeline->Illuminate\\Pipeline\\{closure}(Object(Illuminate\\Http\\Request))
#32 C:\\Users\\ADMIN\\Desktop\\K2\\projects\\4viewsSocial\\APIAdmin\\vendor\\laravel\\framework\\src\\Illuminate\\Pipeline\\Pipeline.php(219): Illuminate\\Http\\Middleware\\ValidatePostSize->handle(Object(Illuminate\\Http\\Request), Object(Closure))
#33 C:\\Users\\ADMIN\\Desktop\\K2\\projects\\4viewsSocial\\APIAdmin\\vendor\\laravel\\framework\\src\\Illuminate\\Foundation\\Http\\Middleware\\PreventRequestsDuringMaintenance.php(109): Illuminate\\Pipeline\\Pipeline->Illuminate\\Pipeline\\{closure}(Object(Illuminate\\Http\\Request))
#34 C:\\Users\\ADMIN\\Desktop\\K2\\projects\\4viewsSocial\\APIAdmin\\vendor\\laravel\\framework\\src\\Illuminate\\Pipeline\\Pipeline.php(219): Illuminate\\Foundation\\Http\\Middleware\\PreventRequestsDuringMaintenance->handle(Object(Illuminate\\Http\\Request), Object(Closure))
#35 C:\\Users\\ADMIN\\Desktop\\K2\\projects\\4viewsSocial\\APIAdmin\\vendor\\laravel\\framework\\src\\Illuminate\\Http\\Middleware\\HandleCors.php(61): Illuminate\\Pipeline\\Pipeline->Illuminate\\Pipeline\\{closure}(Object(Illuminate\\Http\\Request))
#36 C:\\Users\\ADMIN\\Desktop\\K2\\projects\\4viewsSocial\\APIAdmin\\vendor\\laravel\\framework\\src\\Illuminate\\Pipeline\\Pipeline.php(219): Illuminate\\Http\\Middleware\\HandleCors->handle(Object(Illuminate\\Http\\Request), Object(Closure))
#37 C:\\Users\\ADMIN\\Desktop\\K2\\projects\\4viewsSocial\\APIAdmin\\vendor\\laravel\\framework\\src\\Illuminate\\Http\\Middleware\\TrustProxies.php(58): Illuminate\\Pipeline\\Pipeline->Illuminate\\Pipeline\\{closure}(Object(Illuminate\\Http\\Request))
#38 C:\\Users\\ADMIN\\Desktop\\K2\\projects\\4viewsSocial\\APIAdmin\\vendor\\laravel\\framework\\src\\Illuminate\\Pipeline\\Pipeline.php(219): Illuminate\\Http\\Middleware\\TrustProxies->handle(Object(Illuminate\\Http\\Request), Object(Closure))
#39 C:\\Users\\ADMIN\\Desktop\\K2\\projects\\4viewsSocial\\APIAdmin\\vendor\\laravel\\framework\\src\\Illuminate\\Foundation\\Http\\Middleware\\InvokeDeferredCallbacks.php(22): Illuminate\\Pipeline\\Pipeline->Illuminate\\Pipeline\\{closure}(Object(Illuminate\\Http\\Request))
#40 C:\\Users\\ADMIN\\Desktop\\K2\\projects\\4viewsSocial\\APIAdmin\\vendor\\laravel\\framework\\src\\Illuminate\\Pipeline\\Pipeline.php(219): Illuminate\\Foundation\\Http\\Middleware\\InvokeDeferredCallbacks->handle(Object(Illuminate\\Http\\Request), Object(Closure))
#41 C:\\Users\\ADMIN\\Desktop\\K2\\projects\\4viewsSocial\\APIAdmin\\vendor\\laravel\\framework\\src\\Illuminate\\Http\\Middleware\\ValidatePathEncoding.php(26): Illuminate\\Pipeline\\Pipeline->Illuminate\\Pipeline\\{closure}(Object(Illuminate\\Http\\Request))
#42 C:\\Users\\ADMIN\\Desktop\\K2\\projects\\4viewsSocial\\APIAdmin\\vendor\\laravel\\framework\\src\\Illuminate\\Pipeline\\Pipeline.php(219): Illuminate\\Http\\Middleware\\ValidatePathEncoding->handle(Object(Illuminate\\Http\\Request), Object(Closure))
#43 C:\\Users\\ADMIN\\Desktop\\K2\\projects\\4viewsSocial\\APIAdmin\\vendor\\laravel\\framework\\src\\Illuminate\\Pipeline\\Pipeline.php(137): Illuminate\\Pipeline\\Pipeline->Illuminate\\Pipeline\\{closure}(Object(Illuminate\\Http\\Request))
#44 C:\\Users\\ADMIN\\Desktop\\K2\\projects\\4viewsSocial\\APIAdmin\\vendor\\laravel\\framework\\src\\Illuminate\\Foundation\\Http\\Kernel.php(175): Illuminate\\Pipeline\\Pipeline->then(Object(Closure))
#45 C:\\Users\\ADMIN\\Desktop\\K2\\projects\\4viewsSocial\\APIAdmin\\vendor\\laravel\\framework\\src\\Illuminate\\Foundation\\Http\\Kernel.php(144): Illuminate\\Foundation\\Http\\Kernel->sendRequestThroughRouter(Object(Illuminate\\Http\\Request))
#46 C:\\Users\\ADMIN\\Desktop\\K2\\projects\\4viewsSocial\\APIAdmin\\vendor\\laravel\\framework\\src\\Illuminate\\Foundation\\Application.php(1220): Illuminate\\Foundation\\Http\\Kernel->handle(Object(Illuminate\\Http\\Request))
#47 C:\\Users\\ADMIN\\Desktop\\K2\\projects\\4viewsSocial\\APIAdmin\\public\\index.php(20): Illuminate\\Foundation\\Application->handleRequest(Object(Illuminate\\Http\\Request))
#48 C:\\Users\\ADMIN\\Desktop\\K2\\projects\\4viewsSocial\\APIAdmin\\vendor\\laravel\\framework\\src\\Illuminate\\Foundation\\resources\\server.php(23): require_once('C:\\\\Users\\\\ADMIN\\\\...')
#49 {main}

[previous exception] [object] (PDOException(code: 2002): SQLSTATE[HY000] [2002] No connection could be made because the target machine actively refused it at C:\\Users\\ADMIN\\Desktop\\K2\\projects\\4viewsSocial\\APIAdmin\\vendor\\laravel\\framework\\src\\Illuminate\\Database\\Connectors\\Connector.php:66)
[stacktrace]
#0 C:\\Users\\ADMIN\\Desktop\\K2\\projects\\4viewsSocial\\APIAdmin\\vendor\\laravel\\framework\\src\\Illuminate\\Database\\Connectors\\Connector.php(66): PDO->__construct('mysql:host=127....', 'root', Object(SensitiveParameterValue), Array)
#1 C:\\Users\\ADMIN\\Desktop\\K2\\projects\\4viewsSocial\\APIAdmin\\vendor\\laravel\\framework\\src\\Illuminate\\Database\\Connectors\\Connector.php(85): Illuminate\\Database\\Connectors\\Connector->createPdoConnection('mysql:host=127....', 'root', Object(SensitiveParameterValue), Array)
#2 C:\\Users\\ADMIN\\Desktop\\K2\\projects\\4viewsSocial\\APIAdmin\\vendor\\laravel\\framework\\src\\Illuminate\\Database\\Connectors\\Connector.php(48): Illuminate\\Database\\Connectors\\Connector->tryAgainIfCausedByLostConnection(Object(PDOException), 'mysql:host=127....', 'root', Object(SensitiveParameterValue), Array)
#3 C:\\Users\\ADMIN\\Desktop\\K2\\projects\\4viewsSocial\\APIAdmin\\vendor\\laravel\\framework\\src\\Illuminate\\Database\\Connectors\\MySqlConnector.php(24): Illuminate\\Database\\Connectors\\Connector->createConnection('mysql:host=127....', Array, Array)
#4 C:\\Users\\ADMIN\\Desktop\\K2\\projects\\4viewsSocial\\APIAdmin\\vendor\\laravel\\framework\\src\\Illuminate\\Database\\Connectors\\ConnectionFactory.php(184): Illuminate\\Database\\Connectors\\MySqlConnector->connect(Array)
#5 [internal function]: Illuminate\\Database\\Connectors\\ConnectionFactory->Illuminate\\Database\\Connectors\\{closure}()
#6 C:\\Users\\ADMIN\\Desktop\\K2\\projects\\4viewsSocial\\APIAdmin\\vendor\\laravel\\framework\\src\\Illuminate\\Database\\Connection.php(1234): call_user_func(Object(Closure))
#7 C:\\Users\\ADMIN\\Desktop\\K2\\projects\\4viewsSocial\\APIAdmin\\vendor\\laravel\\framework\\src\\Illuminate\\Database\\Connection.php(1270): Illuminate\\Database\\Connection->getPdo()
#8 C:\\Users\\ADMIN\\Desktop\\K2\\projects\\4viewsSocial\\APIAdmin\\vendor\\laravel\\framework\\src\\Illuminate\\Database\\Connection.php(511): Illuminate\\Database\\Connection->getReadPdo()
#9 C:\\Users\\ADMIN\\Desktop\\K2\\projects\\4viewsSocial\\APIAdmin\\vendor\\laravel\\framework\\src\\Illuminate\\Database\\Connection.php(406): Illuminate\\Database\\Connection->getPdoForSelect(true)
#10 C:\\Users\\ADMIN\\Desktop\\K2\\projects\\4viewsSocial\\APIAdmin\\vendor\\laravel\\framework\\src\\Illuminate\\Database\\Connection.php(811): Illuminate\\Database\\Connection->Illuminate\\Database\\{closure}('select `id`, `u...', Array)
#11 C:\\Users\\ADMIN\\Desktop\\K2\\projects\\4viewsSocial\\APIAdmin\\vendor\\laravel\\framework\\src\\Illuminate\\Database\\Connection.php(978): Illuminate\\Database\\Connection->runQueryCallback('select `id`, `u...', Array, Object(Closure))
#12 C:\\Users\\ADMIN\\Desktop\\K2\\projects\\4viewsSocial\\APIAdmin\\vendor\\laravel\\framework\\src\\Illuminate\\Database\\Connection.php(957): Illuminate\\Database\\Connection->tryAgainIfCausedByLostConnection(Object(Illuminate\\Database\\QueryException), 'select `id`, `u...', Array, Object(Closure))
#13 C:\\Users\\ADMIN\\Desktop\\K2\\projects\\4viewsSocial\\APIAdmin\\vendor\\laravel\\framework\\src\\Illuminate\\Database\\Connection.php(780): Illuminate\\Database\\Connection->handleQueryException(Object(Illuminate\\Database\\QueryException), 'select `id`, `u...', Array, Object(Closure))
#14 C:\\Users\\ADMIN\\Desktop\\K2\\projects\\4viewsSocial\\APIAdmin\\vendor\\laravel\\framework\\src\\Illuminate\\Database\\Connection.php(397): Illuminate\\Database\\Connection->run('select `id`, `u...', Array, Object(Closure))
#15 C:\\Users\\ADMIN\\Desktop\\K2\\projects\\4viewsSocial\\APIAdmin\\vendor\\laravel\\framework\\src\\Illuminate\\Database\\Query\\Builder.php(3188): Illuminate\\Database\\Connection->select('select `id`, `u...', Array, true)
#16 C:\\Users\\ADMIN\\Desktop\\K2\\projects\\4viewsSocial\\APIAdmin\\vendor\\laravel\\framework\\src\\Illuminate\\Database\\Query\\Builder.php(3173): Illuminate\\Database\\Query\\Builder->runSelect()
#17 C:\\Users\\ADMIN\\Desktop\\K2\\projects\\4viewsSocial\\APIAdmin\\vendor\\laravel\\framework\\src\\Illuminate\\Database\\Query\\Builder.php(3763): Illuminate\\Database\\Query\\Builder->Illuminate\\Database\\Query\\{closure}()
#18 C:\\Users\\ADMIN\\Desktop\\K2\\projects\\4viewsSocial\\APIAdmin\\vendor\\laravel\\framework\\src\\Illuminate\\Database\\Query\\Builder.php(3172): Illuminate\\Database\\Query\\Builder->onceWithColumns(Array, Object(Closure))
#19 C:\\Users\\ADMIN\\Desktop\\K2\\projects\\4viewsSocial\\APIAdmin\\vendor\\laravel\\framework\\src\\Illuminate\\Database\\Eloquent\\Builder.php(902): Illuminate\\Database\\Query\\Builder->get(Array)
#20 C:\\Users\\ADMIN\\Desktop\\K2\\projects\\4viewsSocial\\APIAdmin\\vendor\\laravel\\framework\\src\\Illuminate\\Database\\Eloquent\\Builder.php(884): Illuminate\\Database\\Eloquent\\Builder->getModels(Array)
#21 C:\\Users\\ADMIN\\Desktop\\K2\\projects\\4viewsSocial\\APIAdmin\\app\\Http\\Controllers\\UserController.php(44): Illuminate\\Database\\Eloquent\\Builder->get()
#22 C:\\Users\\ADMIN\\Desktop\\K2\\projects\\4viewsSocial\\APIAdmin\\vendor\\laravel\\framework\\src\\Illuminate\\Routing\\ControllerDispatcher.php(46): App\\Http\\Controllers\\UserController->listUsers(Object(Illuminate\\Http\\Request))
#23 C:\\Users\\ADMIN\\Desktop\\K2\\projects\\4viewsSocial\\APIAdmin\\vendor\\laravel\\framework\\src\\Illuminate\\Routing\\Route.php(265): Illuminate\\Routing\\ControllerDispatcher->dispatch(Object(Illuminate\\Routing\\Route), Object(App\\Http\\Controllers\\UserController), 'listUsers')
#24 C:\\Users\\ADMIN\\Desktop\\K2\\projects\\4viewsSocial\\APIAdmin\\vendor\\laravel\\framework\\src\\Illuminate\\Routing\\Route.php(211): Illuminate\\Routing\\Route->runController()
#25 C:\\Users\\ADMIN\\Desktop\\K2\\projects\\4viewsSocial\\APIAdmin\\vendor\\laravel\\framework\\src\\Illuminate\\Routing\\Router.php(822): Illuminate\\Routing\\Route->run()
#26 C:\\Users\\ADMIN\\Desktop\\K2\\projects\\4viewsSocial\\APIAdmin\\vendor\\laravel\\framework\\src\\Illuminate\\Pipeline\\Pipeline.php(180): Illuminate\\Routing\\Router->Illuminate\\Routing\\{closure}(Object(Illuminate\\Http\\Request))
#27 C:\\Users\\ADMIN\\Desktop\\K2\\projects\\4viewsSocial\\APIAdmin\\vendor\\laravel\\framework\\src\\Illuminate\\Routing\\Middleware\\SubstituteBindings.php(50): Illuminate\\Pipeline\\Pipeline->Illuminate\\Pipeline\\{closure}(Object(Illuminate\\Http\\Request))
#28 C:\\Users\\ADMIN\\Desktop\\K2\\projects\\4viewsSocial\\APIAdmin\\vendor\\laravel\\framework\\src\\Illuminate\\Pipeline\\Pipeline.php(219): Illuminate\\Routing\\Middleware\\SubstituteBindings->handle(Object(Illuminate\\Http\\Request), Object(Closure))
#29 C:\\Users\\ADMIN\\Desktop\\K2\\projects\\4viewsSocial\\APIAdmin\\vendor\\laravel\\framework\\src\\Illuminate\\Pipeline\\Pipeline.php(137): Illuminate\\Pipeline\\Pipeline->Illuminate\\Pipeline\\{closure}(Object(Illuminate\\Http\\Request))
#30 C:\\Users\\ADMIN\\Desktop\\K2\\projects\\4viewsSocial\\APIAdmin\\vendor\\laravel\\framework\\src\\Illuminate\\Routing\\Router.php(821): Illuminate\\Pipeline\\Pipeline->then(Object(Closure))
#31 C:\\Users\\ADMIN\\Desktop\\K2\\projects\\4viewsSocial\\APIAdmin\\vendor\\laravel\\framework\\src\\Illuminate\\Routing\\Router.php(800): Illuminate\\Routing\\Router->runRouteWithinStack(Object(Illuminate\\Routing\\Route), Object(Illuminate\\Http\\Request))
#32 C:\\Users\\ADMIN\\Desktop\\K2\\projects\\4viewsSocial\\APIAdmin\\vendor\\laravel\\framework\\src\\Illuminate\\Routing\\Router.php(764): Illuminate\\Routing\\Router->runRoute(Object(Illuminate\\Http\\Request), Object(Illuminate\\Routing\\Route))
#33 C:\\Users\\ADMIN\\Desktop\\K2\\projects\\4viewsSocial\\APIAdmin\\vendor\\laravel\\framework\\src\\Illuminate\\Routing\\Router.php(753): Illuminate\\Routing\\Router->dispatchToRoute(Object(Illuminate\\Http\\Request))
#34 C:\\Users\\ADMIN\\Desktop\\K2\\projects\\4viewsSocial\\APIAdmin\\vendor\\laravel\\framework\\src\\Illuminate\\Foundation\\Http\\Kernel.php(200): Illuminate\\Routing\\Router->dispatch(Object(Illuminate\\Http\\Request))
#35 C:\\Users\\ADMIN\\Desktop\\K2\\projects\\4viewsSocial\\APIAdmin\\vendor\\laravel\\framework\\src\\Illuminate\\Pipeline\\Pipeline.php(180): Illuminate\\Foundation\\Http\\Kernel->Illuminate\\Foundation\\Http\\{closure}(Object(Illuminate\\Http\\Request))
#36 C:\\Users\\ADMIN\\Desktop\\K2\\projects\\4viewsSocial\\APIAdmin\\vendor\\laravel\\framework\\src\\Illuminate\\Foundation\\Http\\Middleware\\TransformsRequest.php(21): Illuminate\\Pipeline\\Pipeline->Illuminate\\Pipeline\\{closure}(Object(Illuminate\\Http\\Request))
#37 C:\\Users\\ADMIN\\Desktop\\K2\\projects\\4viewsSocial\\APIAdmin\\vendor\\laravel\\framework\\src\\Illuminate\\Foundation\\Http\\Middleware\\ConvertEmptyStringsToNull.php(31): Illuminate\\Foundation\\Http\\Middleware\\TransformsRequest->handle(Object(Illuminate\\Http\\Request), Object(Closure))
#38 C:\\Users\\ADMIN\\Desktop\\K2\\projects\\4viewsSocial\\APIAdmin\\vendor\\laravel\\framework\\src\\Illuminate\\Pipeline\\Pipeline.php(219): Illuminate\\Foundation\\Http\\Middleware\\ConvertEmptyStringsToNull->handle(Object(Illuminate\\Http\\Request), Object(Closure))
#39 C:\\Users\\ADMIN\\Desktop\\K2\\projects\\4viewsSocial\\APIAdmin\\vendor\\laravel\\framework\\src\\Illuminate\\Foundation\\Http\\Middleware\\TransformsRequest.php(21): Illuminate\\Pipeline\\Pipeline->Illuminate\\Pipeline\\{closure}(Object(Illuminate\\Http\\Request))
#40 C:\\Users\\ADMIN\\Desktop\\K2\\projects\\4viewsSocial\\APIAdmin\\vendor\\laravel\\framework\\src\\Illuminate\\Foundation\\Http\\Middleware\\TrimStrings.php(51): Illuminate\\Foundation\\Http\\Middleware\\TransformsRequest->handle(Object(Illuminate\\Http\\Request), Object(Closure))
#41 C:\\Users\\ADMIN\\Desktop\\K2\\projects\\4viewsSocial\\APIAdmin\\vendor\\laravel\\framework\\src\\Illuminate\\Pipeline\\Pipeline.php(219): Illuminate\\Foundation\\Http\\Middleware\\TrimStrings->handle(Object(Illuminate\\Http\\Request), Object(Closure))
#42 C:\\Users\\ADMIN\\Desktop\\K2\\projects\\4viewsSocial\\APIAdmin\\vendor\\laravel\\framework\\src\\Illuminate\\Http\\Middleware\\ValidatePostSize.php(27): Illuminate\\Pipeline\\Pipeline->Illuminate\\Pipeline\\{closure}(Object(Illuminate\\Http\\Request))
#43 C:\\Users\\ADMIN\\Desktop\\K2\\projects\\4viewsSocial\\APIAdmin\\vendor\\laravel\\framework\\src\\Illuminate\\Pipeline\\Pipeline.php(219): Illuminate\\Http\\Middleware\\ValidatePostSize->handle(Object(Illuminate\\Http\\Request), Object(Closure))
#44 C:\\Users\\ADMIN\\Desktop\\K2\\projects\\4viewsSocial\\APIAdmin\\vendor\\laravel\\framework\\src\\Illuminate\\Foundation\\Http\\Middleware\\PreventRequestsDuringMaintenance.php(109): Illuminate\\Pipeline\\Pipeline->Illuminate\\Pipeline\\{closure}(Object(Illuminate\\Http\\Request))
#45 C:\\Users\\ADMIN\\Desktop\\K2\\projects\\4viewsSocial\\APIAdmin\\vendor\\laravel\\framework\\src\\Illuminate\\Pipeline\\Pipeline.php(219): Illuminate\\Foundation\\Http\\Middleware\\PreventRequestsDuringMaintenance->handle(Object(Illuminate\\Http\\Request), Object(Closure))
#46 C:\\Users\\ADMIN\\Desktop\\K2\\projects\\4viewsSocial\\APIAdmin\\vendor\\laravel\\framework\\src\\Illuminate\\Http\\Middleware\\HandleCors.php(61): Illuminate\\Pipeline\\Pipeline->Illuminate\\Pipeline\\{closure}(Object(Illuminate\\Http\\Request))
#47 C:\\Users\\ADMIN\\Desktop\\K2\\projects\\4viewsSocial\\APIAdmin\\vendor\\laravel\\framework\\src\\Illuminate\\Pipeline\\Pipeline.php(219): Illuminate\\Http\\Middleware\\HandleCors->handle(Object(Illuminate\\Http\\Request), Object(Closure))
#48 C:\\Users\\ADMIN\\Desktop\\K2\\projects\\4viewsSocial\\APIAdmin\\vendor\\laravel\\framework\\src\\Illuminate\\Http\\Middleware\\TrustProxies.php(58): Illuminate\\Pipeline\\Pipeline->Illuminate\\Pipeline\\{closure}(Object(Illuminate\\Http\\Request))
#49 C:\\Users\\ADMIN\\Desktop\\K2\\projects\\4viewsSocial\\APIAdmin\\vendor\\laravel\\framework\\src\\Illuminate\\Pipeline\\Pipeline.php(219): Illuminate\\Http\\Middleware\\TrustProxies->handle(Object(Illuminate\\Http\\Request), Object(Closure))
#50 C:\\Users\\ADMIN\\Desktop\\K2\\projects\\4viewsSocial\\APIAdmin\\vendor\\laravel\\framework\\src\\Illuminate\\Foundation\\Http\\Middleware\\InvokeDeferredCallbacks.php(22): Illuminate\\Pipeline\\Pipeline->Illuminate\\Pipeline\\{closure}(Object(Illuminate\\Http\\Request))
#51 C:\\Users\\ADMIN\\Desktop\\K2\\projects\\4viewsSocial\\APIAdmin\\vendor\\laravel\\framework\\src\\Illuminate\\Pipeline\\Pipeline.php(219): Illuminate\\Foundation\\Http\\Middleware\\InvokeDeferredCallbacks->handle(Object(Illuminate\\Http\\Request), Object(Closure))
#52 C:\\Users\\ADMIN\\Desktop\\K2\\projects\\4viewsSocial\\APIAdmin\\vendor\\laravel\\framework\\src\\Illuminate\\Http\\Middleware\\ValidatePathEncoding.php(26): Illuminate\\Pipeline\\Pipeline->Illuminate\\Pipeline\\{closure}(Object(Illuminate\\Http\\Request))
#53 C:\\Users\\ADMIN\\Desktop\\K2\\projects\\4viewsSocial\\APIAdmin\\vendor\\laravel\\framework\\src\\Illuminate\\Pipeline\\Pipeline.php(219): Illuminate\\Http\\Middleware\\ValidatePathEncoding->handle(Object(Illuminate\\Http\\Request), Object(Closure))
#54 C:\\Users\\ADMIN\\Desktop\\K2\\projects\\4viewsSocial\\APIAdmin\\vendor\\laravel\\framework\\src\\Illuminate\\Pipeline\\Pipeline.php(137): Illuminate\\Pipeline\\Pipeline->Illuminate\\Pipeline\\{closure}(Object(Illuminate\\Http\\Request))
#55 C:\\Users\\ADMIN\\Desktop\\K2\\projects\\4viewsSocial\\APIAdmin\\vendor\\laravel\\framework\\src\\Illuminate\\Foundation\\Http\\Kernel.php(175): Illuminate\\Pipeline\\Pipeline->then(Object(Closure))
#56 C:\\Users\\ADMIN\\Desktop\\K2\\projects\\4viewsSocial\\APIAdmin\\vendor\\laravel\\framework\\src\\Illuminate\\Foundation\\Http\\Kernel.php(144): Illuminate\\Foundation\\Http\\Kernel->sendRequestThroughRouter(Object(Illuminate\\Http\\Request))
#57 C:\\Users\\ADMIN\\Desktop\\K2\\projects\\4viewsSocial\\APIAdmin\\vendor\\laravel\\framework\\src\\Illuminate\\Foundation\\Application.php(1220): Illuminate\\Foundation\\Http\\Kernel->handle(Object(Illuminate\\Http\\Request))
#58 C:\\Users\\ADMIN\\Desktop\\K2\\projects\\4viewsSocial\\APIAdmin\\public\\index.php(20): Illuminate\\Foundation\\Application->handleRequest(Object(Illuminate\\Http\\Request))
#59 C:\\Users\\ADMIN\\Desktop\\K2\\projects\\4viewsSocial\\APIAdmin\\vendor\\laravel\\framework\\src\\Illuminate\\Foundation\\resources\\server.php(23): require_once('C:\\\\Users\\\\ADMIN\\\\...')
#60 {main}
"} 
[2026-01-04 04:28:08] local.ERROR: SQLSTATE[HY000] [2002] No connection could be made because the target machine actively refused it (Connection: mysql, SQL: select count(*) as aggregate from `users`) {"exception":"[object] (Illuminate\\Database\\QueryException(code: 2002): SQLSTATE[HY000] [2002] No connection could be made because the target machine actively refused it (Connection: mysql, SQL: select count(*) as aggregate from `users`) at C:\\Users\\ADMIN\\Desktop\\K2\\projects\\4viewsSocial\\APIAdmin\\vendor\\laravel\\framework\\src\\Illuminate\\Database\\Connection.php:824)
[stacktrace]
#0 C:\\Users\\ADMIN\\Desktop\\K2\\projects\\4viewsSocial\\APIAdmin\\vendor\\laravel\\framework\\src\\Illuminate\\Database\\Connection.php(978): Illuminate\\Database\\Connection->runQueryCallback('select count(*)...', Array, Object(Closure))
#1 C:\\Users\\ADMIN\\Desktop\\K2\\projects\\4viewsSocial\\APIAdmin\\vendor\\laravel\\framework\\src\\Illuminate\\Database\\Connection.php(957): Illuminate\\Database\\Connection->tryAgainIfCausedByLostConnection(Object(Illuminate\\Database\\QueryException), 'select count(*)...', Array, Object(Closure))
#2 C:\\Users\\ADMIN\\Desktop\\K2\\projects\\4viewsSocial\\APIAdmin\\vendor\\laravel\\framework\\src\\Illuminate\\Database\\Connection.php(780): Illuminate\\Database\\Connection->handleQueryException(Object(Illuminate\\Database\\QueryException), 'select count(*)...', Array, Object(Closure))
#3 C:\\Users\\ADMIN\\Desktop\\K2\\projects\\4viewsSocial\\APIAdmin\\vendor\\laravel\\framework\\src\\Illuminate\\Database\\Connection.php(397): Illuminate\\Database\\Connection->run('select count(*)...', Array, Object(Closure))
#4 C:\\Users\\ADMIN\\Desktop\\K2\\projects\\4viewsSocial\\APIAdmin\\vendor\\laravel\\framework\\src\\Illuminate\\Database\\Query\\Builder.php(3188): Illuminate\\Database\\Connection->select('select count(*)...', Array, true)
#5 C:\\Users\\ADMIN\\Desktop\\K2\\projects\\4viewsSocial\\APIAdmin\\vendor\\laravel\\framework\\src\\Illuminate\\Database\\Query\\Builder.php(3173): Illuminate\\Database\\Query\\Builder->runSelect()
#6 C:\\Users\\ADMIN\\Desktop\\K2\\projects\\4viewsSocial\\APIAdmin\\vendor\\laravel\\framework\\src\\Illuminate\\Database\\Query\\Builder.php(3763): Illuminate\\Database\\Query\\Builder->Illuminate\\Database\\Query\\{closure}()
#7 C:\\Users\\ADMIN\\Desktop\\K2\\projects\\4viewsSocial\\APIAdmin\\vendor\\laravel\\framework\\src\\Illuminate\\Database\\Query\\Builder.php(3172): Illuminate\\Database\\Query\\Builder->onceWithColumns(Array, Object(Closure))
#8 C:\\Users\\ADMIN\\Desktop\\K2\\projects\\4viewsSocial\\APIAdmin\\vendor\\laravel\\framework\\src\\Illuminate\\Database\\Query\\Builder.php(3687): Illuminate\\Database\\Query\\Builder->get(Array)
#9 C:\\Users\\ADMIN\\Desktop\\K2\\projects\\4viewsSocial\\APIAdmin\\vendor\\laravel\\framework\\src\\Illuminate\\Database\\Query\\Builder.php(3615): Illuminate\\Database\\Query\\Builder->aggregate('count', Array)
#10 C:\\Users\\ADMIN\\Desktop\\K2\\projects\\4viewsSocial\\APIAdmin\\vendor\\laravel\\framework\\src\\Illuminate\\Database\\Eloquent\\Builder.php(2235): Illuminate\\Database\\Query\\Builder->count()
#11 C:\\Users\\ADMIN\\Desktop\\K2\\projects\\4viewsSocial\\APIAdmin\\vendor\\laravel\\framework\\src\\Illuminate\\Support\\Traits\\ForwardsCalls.php(23): Illuminate\\Database\\Eloquent\\Builder->__call('count', Array)
#12 C:\\Users\\ADMIN\\Desktop\\K2\\projects\\4viewsSocial\\APIAdmin\\vendor\\laravel\\framework\\src\\Illuminate\\Database\\Eloquent\\Model.php(2540): Illuminate\\Database\\Eloquent\\Model->forwardCallTo(Object(Illuminate\\Database\\Eloquent\\Builder), 'count', Array)
#13 C:\\Users\\ADMIN\\Desktop\\K2\\projects\\4viewsSocial\\APIAdmin\\vendor\\laravel\\framework\\src\\Illuminate\\Database\\Eloquent\\Model.php(2556): Illuminate\\Database\\Eloquent\\Model->__call('count', Array)
#14 C:\\Users\\ADMIN\\Desktop\\K2\\projects\\4viewsSocial\\APIAdmin\\app\\Http\\Controllers\\DashboardController.php(25): Illuminate\\Database\\Eloquent\\Model::__callStatic('count', Array)
#15 C:\\Users\\ADMIN\\Desktop\\K2\\projects\\4viewsSocial\\APIAdmin\\vendor\\laravel\\framework\\src\\Illuminate\\Routing\\ControllerDispatcher.php(46): App\\Http\\Controllers\\DashboardController->stats(Object(Illuminate\\Http\\Request))
#16 C:\\Users\\ADMIN\\Desktop\\K2\\projects\\4viewsSocial\\APIAdmin\\vendor\\laravel\\framework\\src\\Illuminate\\Routing\\Route.php(265): Illuminate\\Routing\\ControllerDispatcher->dispatch(Object(Illuminate\\Routing\\Route), Object(App\\Http\\Controllers\\DashboardController), 'stats')
#17 C:\\Users\\ADMIN\\Desktop\\K2\\projects\\4viewsSocial\\APIAdmin\\vendor\\laravel\\framework\\src\\Illuminate\\Routing\\Route.php(211): Illuminate\\Routing\\Route->runController()
#18 C:\\Users\\ADMIN\\Desktop\\K2\\projects\\4viewsSocial\\APIAdmin\\vendor\\laravel\\framework\\src\\Illuminate\\Routing\\Router.php(822): Illuminate\\Routing\\Route->run()
#19 C:\\Users\\ADMIN\\Desktop\\K2\\projects\\4viewsSocial\\APIAdmin\\vendor\\laravel\\framework\\src\\Illuminate\\Pipeline\\Pipeline.php(180): Illuminate\\Routing\\Router->Illuminate\\Routing\\{closure}(Object(Illuminate\\Http\\Request))
#20 C:\\Users\\ADMIN\\Desktop\\K2\\projects\\4viewsSocial\\APIAdmin\\vendor\\laravel\\framework\\src\\Illuminate\\Routing\\Middleware\\SubstituteBindings.php(50): Illuminate\\Pipeline\\Pipeline->Illuminate\\Pipeline\\{closure}(Object(Illuminate\\Http\\Request))
#21 C:\\Users\\ADMIN\\Desktop\\K2\\projects\\4viewsSocial\\APIAdmin\\vendor\\laravel\\framework\\src\\Illuminate\\Pipeline\\Pipeline.php(219): Illuminate\\Routing\\Middleware\\SubstituteBindings->handle(Object(Illuminate\\Http\\Request), Object(Closure))
#22 C:\\Users\\ADMIN\\Desktop\\K2\\projects\\4viewsSocial\\APIAdmin\\vendor\\laravel\\framework\\src\\Illuminate\\Pipeline\\Pipeline.php(137): Illuminate\\Pipeline\\Pipeline->Illuminate\\Pipeline\\{closure}(Object(Illuminate\\Http\\Request))
#23 C:\\Users\\ADMIN\\Desktop\\K2\\projects\\4viewsSocial\\APIAdmin\\vendor\\laravel\\framework\\src\\Illuminate\\Routing\\Router.php(821): Illuminate\\Pipeline\\Pipeline->then(Object(Closure))
#24 C:\\Users\\ADMIN\\Desktop\\K2\\projects\\4viewsSocial\\APIAdmin\\vendor\\laravel\\framework\\src\\Illuminate\\Routing\\Router.php(800): Illuminate\\Routing\\Router->runRouteWithinStack(Object(Illuminate\\Routing\\Route), Object(Illuminate\\Http\\Request))
#25 C:\\Users\\ADMIN\\Desktop\\K2\\projects\\4viewsSocial\\APIAdmin\\vendor\\laravel\\framework\\src\\Illuminate\\Routing\\Router.php(764): Illuminate\\Routing\\Router->runRoute(Object(Illuminate\\Http\\Request), Object(Illuminate\\Routing\\Route))
#26 C:\\Users\\ADMIN\\Desktop\\K2\\projects\\4viewsSocial\\APIAdmin\\vendor\\laravel\\framework\\src\\Illuminate\\Routing\\Router.php(753): Illuminate\\Routing\\Router->dispatchToRoute(Object(Illuminate\\Http\\Request))
#27 C:\\Users\\ADMIN\\Desktop\\K2\\projects\\4viewsSocial\\APIAdmin\\vendor\\laravel\\framework\\src\\Illuminate\\Foundation\\Http\\Kernel.php(200): Illuminate\\Routing\\Router->dispatch(Object(Illuminate\\Http\\Request))
#28 C:\\Users\\ADMIN\\Desktop\\K2\\projects\\4viewsSocial\\APIAdmin\\vendor\\laravel\\framework\\src\\Illuminate\\Pipeline\\Pipeline.php(180): Illuminate\\Foundation\\Http\\Kernel->Illuminate\\Foundation\\Http\\{closure}(Object(Illuminate\\Http\\Request))
#29 C:\\Users\\ADMIN\\Desktop\\K2\\projects\\4viewsSocial\\APIAdmin\\vendor\\laravel\\framework\\src\\Illuminate\\Foundation\\Http\\Middleware\\TransformsRequest.php(21): Illuminate\\Pipeline\\Pipeline->Illuminate\\Pipeline\\{closure}(Object(Illuminate\\Http\\Request))
#30 C:\\Users\\ADMIN\\Desktop\\K2\\projects\\4viewsSocial\\APIAdmin\\vendor\\laravel\\framework\\src\\Illuminate\\Foundation\\Http\\Middleware\\ConvertEmptyStringsToNull.php(31): Illuminate\\Foundation\\Http\\Middleware\\TransformsRequest->handle(Object(Illuminate\\Http\\Request), Object(Closure))
#31 C:\\Users\\ADMIN\\Desktop\\K2\\projects\\4viewsSocial\\APIAdmin\\vendor\\laravel\\framework\\src\\Illuminate\\Pipeline\\Pipeline.php(219): Illuminate\\Foundation\\Http\\Middleware\\ConvertEmptyStringsToNull->handle(Object(Illuminate\\Http\\Request), Object(Closure))
#32 C:\\Users\\ADMIN\\Desktop\\K2\\projects\\4viewsSocial\\APIAdmin\\vendor\\laravel\\framework\\src\\Illuminate\\Foundation\\Http\\Middleware\\TransformsRequest.php(21): Illuminate\\Pipeline\\Pipeline->Illuminate\\Pipeline\\{closure}(Object(Illuminate\\Http\\Request))
#33 C:\\Users\\ADMIN\\Desktop\\K2\\projects\\4viewsSocial\\APIAdmin\\vendor\\laravel\\framework\\src\\Illuminate\\Foundation\\Http\\Middleware\\TrimStrings.php(51): Illuminate\\Foundation\\Http\\Middleware\\TransformsRequest->handle(Object(Illuminate\\Http\\Request), Object(Closure))
#34 C:\\Users\\ADMIN\\Desktop\\K2\\projects\\4viewsSocial\\APIAdmin\\vendor\\laravel\\framework\\src\\Illuminate\\Pipeline\\Pipeline.php(219): Illuminate\\Foundation\\Http\\Middleware\\TrimStrings->handle(Object(Illuminate\\Http\\Request), Object(Closure))
#35 C:\\Users\\ADMIN\\Desktop\\K2\\projects\\4viewsSocial\\APIAdmin\\vendor\\laravel\\framework\\src\\Illuminate\\Http\\Middleware\\ValidatePostSize.php(27): Illuminate\\Pipeline\\Pipeline->Illuminate\\Pipeline\\{closure}(Object(Illuminate\\Http\\Request))
#36 C:\\Users\\ADMIN\\Desktop\\K2\\projects\\4viewsSocial\\APIAdmin\\vendor\\laravel\\framework\\src\\Illuminate\\Pipeline\\Pipeline.php(219): Illuminate\\Http\\Middleware\\ValidatePostSize->handle(Object(Illuminate\\Http\\Request), Object(Closure))
#37 C:\\Users\\ADMIN\\Desktop\\K2\\projects\\4viewsSocial\\APIAdmin\\vendor\\laravel\\framework\\src\\Illuminate\\Foundation\\Http\\Middleware\\PreventRequestsDuringMaintenance.php(109): Illuminate\\Pipeline\\Pipeline->Illuminate\\Pipeline\\{closure}(Object(Illuminate\\Http\\Request))
#38 C:\\Users\\ADMIN\\Desktop\\K2\\projects\\4viewsSocial\\APIAdmin\\vendor\\laravel\\framework\\src\\Illuminate\\Pipeline\\Pipeline.php(219): Illuminate\\Foundation\\Http\\Middleware\\PreventRequestsDuringMaintenance->handle(Object(Illuminate\\Http\\Request), Object(Closure))
#39 C:\\Users\\ADMIN\\Desktop\\K2\\projects\\4viewsSocial\\APIAdmin\\vendor\\laravel\\framework\\src\\Illuminate\\Http\\Middleware\\HandleCors.php(61): Illuminate\\Pipeline\\Pipeline->Illuminate\\Pipeline\\{closure}(Object(Illuminate\\Http\\Request))
#40 C:\\Users\\ADMIN\\Desktop\\K2\\projects\\4viewsSocial\\APIAdmin\\vendor\\laravel\\framework\\src\\Illuminate\\Pipeline\\Pipeline.php(219): Illuminate\\Http\\Middleware\\HandleCors->handle(Object(Illuminate\\Http\\Request), Object(Closure))
#41 C:\\Users\\ADMIN\\Desktop\\K2\\projects\\4viewsSocial\\APIAdmin\\vendor\\laravel\\framework\\src\\Illuminate\\Http\\Middleware\\TrustProxies.php(58): Illuminate\\Pipeline\\Pipeline->Illuminate\\Pipeline\\{closure}(Object(Illuminate\\Http\\Request))
#42 C:\\Users\\ADMIN\\Desktop\\K2\\projects\\4viewsSocial\\APIAdmin\\vendor\\laravel\\framework\\src\\Illuminate\\Pipeline\\Pipeline.php(219): Illuminate\\Http\\Middleware\\TrustProxies->handle(Object(Illuminate\\Http\\Request), Object(Closure))
#43 C:\\Users\\ADMIN\\Desktop\\K2\\projects\\4viewsSocial\\APIAdmin\\vendor\\laravel\\framework\\src\\Illuminate\\Foundation\\Http\\Middleware\\InvokeDeferredCallbacks.php(22): Illuminate\\Pipeline\\Pipeline->Illuminate\\Pipeline\\{closure}(Object(Illuminate\\Http\\Request))
#44 C:\\Users\\ADMIN\\Desktop\\K2\\projects\\4viewsSocial\\APIAdmin\\vendor\\laravel\\framework\\src\\Illuminate\\Pipeline\\Pipeline.php(219): Illuminate\\Foundation\\Http\\Middleware\\InvokeDeferredCallbacks->handle(Object(Illuminate\\Http\\Request), Object(Closure))
#45 C:\\Users\\ADMIN\\Desktop\\K2\\projects\\4viewsSocial\\APIAdmin\\vendor\\laravel\\framework\\src\\Illuminate\\Http\\Middleware\\ValidatePathEncoding.php(26): Illuminate\\Pipeline\\Pipeline->Illuminate\\Pipeline\\{closure}(Object(Illuminate\\Http\\Request))
#46 C:\\Users\\ADMIN\\Desktop\\K2\\projects\\4viewsSocial\\APIAdmin\\vendor\\laravel\\framework\\src\\Illuminate\\Pipeline\\Pipeline.php(219): Illuminate\\Http\\Middleware\\ValidatePathEncoding->handle(Object(Illuminate\\Http\\Request), Object(Closure))
#47 C:\\Users\\ADMIN\\Desktop\\K2\\projects\\4viewsSocial\\APIAdmin\\vendor\\laravel\\framework\\src\\Illuminate\\Pipeline\\Pipeline.php(137): Illuminate\\Pipeline\\Pipeline->Illuminate\\Pipeline\\{closure}(Object(Illuminate\\Http\\Request))
#48 C:\\Users\\ADMIN\\Desktop\\K2\\projects\\4viewsSocial\\APIAdmin\\vendor\\laravel\\framework\\src\\Illuminate\\Foundation\\Http\\Kernel.php(175): Illuminate\\Pipeline\\Pipeline->then(Object(Closure))
#49 C:\\Users\\ADMIN\\Desktop\\K2\\projects\\4viewsSocial\\APIAdmin\\vendor\\laravel\\framework\\src\\Illuminate\\Foundation\\Http\\Kernel.php(144): Illuminate\\Foundation\\Http\\Kernel->sendRequestThroughRouter(Object(Illuminate\\Http\\Request))
#50 C:\\Users\\ADMIN\\Desktop\\K2\\projects\\4viewsSocial\\APIAdmin\\vendor\\laravel\\framework\\src\\Illuminate\\Foundation\\Application.php(1220): Illuminate\\Foundation\\Http\\Kernel->handle(Object(Illuminate\\Http\\Request))
#51 C:\\Users\\ADMIN\\Desktop\\K2\\projects\\4viewsSocial\\APIAdmin\\public\\index.php(20): Illuminate\\Foundation\\Application->handleRequest(Object(Illuminate\\Http\\Request))
#52 C:\\Users\\ADMIN\\Desktop\\K2\\projects\\4viewsSocial\\APIAdmin\\vendor\\laravel\\framework\\src\\Illuminate\\Foundation\\resources\\server.php(23): require_once('C:\\\\Users\\\\ADMIN\\\\...')
#53 {main}

[previous exception] [object] (PDOException(code: 2002): SQLSTATE[HY000] [2002] No connection could be made because the target machine actively refused it at C:\\Users\\ADMIN\\Desktop\\K2\\projects\\4viewsSocial\\APIAdmin\\vendor\\laravel\\framework\\src\\Illuminate\\Database\\Connectors\\Connector.php:66)
[stacktrace]
#0 C:\\Users\\ADMIN\\Desktop\\K2\\projects\\4viewsSocial\\APIAdmin\\vendor\\laravel\\framework\\src\\Illuminate\\Database\\Connectors\\Connector.php(66): PDO->__construct('mysql:host=127....', 'root', Object(SensitiveParameterValue), Array)
#1 C:\\Users\\ADMIN\\Desktop\\K2\\projects\\4viewsSocial\\APIAdmin\\vendor\\laravel\\framework\\src\\Illuminate\\Database\\Connectors\\Connector.php(85): Illuminate\\Database\\Connectors\\Connector->createPdoConnection('mysql:host=127....', 'root', Object(SensitiveParameterValue), Array)
#2 C:\\Users\\ADMIN\\Desktop\\K2\\projects\\4viewsSocial\\APIAdmin\\vendor\\laravel\\framework\\src\\Illuminate\\Database\\Connectors\\Connector.php(48): Illuminate\\Database\\Connectors\\Connector->tryAgainIfCausedByLostConnection(Object(PDOException), 'mysql:host=127....', 'root', Object(SensitiveParameterValue), Array)
#3 C:\\Users\\ADMIN\\Desktop\\K2\\projects\\4viewsSocial\\APIAdmin\\vendor\\laravel\\framework\\src\\Illuminate\\Database\\Connectors\\MySqlConnector.php(24): Illuminate\\Database\\Connectors\\Connector->createConnection('mysql:host=127....', Array, Array)
#4 C:\\Users\\ADMIN\\Desktop\\K2\\projects\\4viewsSocial\\APIAdmin\\vendor\\laravel\\framework\\src\\Illuminate\\Database\\Connectors\\ConnectionFactory.php(184): Illuminate\\Database\\Connectors\\MySqlConnector->connect(Array)
#5 [internal function]: Illuminate\\Database\\Connectors\\ConnectionFactory->Illuminate\\Database\\Connectors\\{closure}()
#6 C:\\Users\\ADMIN\\Desktop\\K2\\projects\\4viewsSocial\\APIAdmin\\vendor\\laravel\\framework\\src\\Illuminate\\Database\\Connection.php(1234): call_user_func(Object(Closure))
#7 C:\\Users\\ADMIN\\Desktop\\K2\\projects\\4viewsSocial\\APIAdmin\\vendor\\laravel\\framework\\src\\Illuminate\\Database\\Connection.php(1270): Illuminate\\Database\\Connection->getPdo()
#8 C:\\Users\\ADMIN\\Desktop\\K2\\projects\\4viewsSocial\\APIAdmin\\vendor\\laravel\\framework\\src\\Illuminate\\Database\\Connection.php(511): Illuminate\\Database\\Connection->getReadPdo()
#9 C:\\Users\\ADMIN\\Desktop\\K2\\projects\\4viewsSocial\\APIAdmin\\vendor\\laravel\\framework\\src\\Illuminate\\Database\\Connection.php(406): Illuminate\\Database\\Connection->getPdoForSelect(true)
#10 C:\\Users\\ADMIN\\Desktop\\K2\\projects\\4viewsSocial\\APIAdmin\\vendor\\laravel\\framework\\src\\Illuminate\\Database\\Connection.php(811): Illuminate\\Database\\Connection->Illuminate\\Database\\{closure}('select count(*)...', Array)
#11 C:\\Users\\ADMIN\\Desktop\\K2\\projects\\4viewsSocial\\APIAdmin\\vendor\\laravel\\framework\\src\\Illuminate\\Database\\Connection.php(978): Illuminate\\Database\\Connection->runQueryCallback('select count(*)...', Array, Object(Closure))
#12 C:\\Users\\ADMIN\\Desktop\\K2\\projects\\4viewsSocial\\APIAdmin\\vendor\\laravel\\framework\\src\\Illuminate\\Database\\Connection.php(957): Illuminate\\Database\\Connection->tryAgainIfCausedByLostConnection(Object(Illuminate\\Database\\QueryException), 'select count(*)...', Array, Object(Closure))
#13 C:\\Users\\ADMIN\\Desktop\\K2\\projects\\4viewsSocial\\APIAdmin\\vendor\\laravel\\framework\\src\\Illuminate\\Database\\Connection.php(780): Illuminate\\Database\\Connection->handleQueryException(Object(Illuminate\\Database\\QueryException), 'select count(*)...', Array, Object(Closure))
#14 C:\\Users\\ADMIN\\Desktop\\K2\\projects\\4viewsSocial\\APIAdmin\\vendor\\laravel\\framework\\src\\Illuminate\\Database\\Connection.php(397): Illuminate\\Database\\Connection->run('select count(*)...', Array, Object(Closure))
#15 C:\\Users\\ADMIN\\Desktop\\K2\\projects\\4viewsSocial\\APIAdmin\\vendor\\laravel\\framework\\src\\Illuminate\\Database\\Query\\Builder.php(3188): Illuminate\\Database\\Connection->select('select count(*)...', Array, true)
#16 C:\\Users\\ADMIN\\Desktop\\K2\\projects\\4viewsSocial\\APIAdmin\\vendor\\laravel\\framework\\src\\Illuminate\\Database\\Query\\Builder.php(3173): Illuminate\\Database\\Query\\Builder->runSelect()
#17 C:\\Users\\ADMIN\\Desktop\\K2\\projects\\4viewsSocial\\APIAdmin\\vendor\\laravel\\framework\\src\\Illuminate\\Database\\Query\\Builder.php(3763): Illuminate\\Database\\Query\\Builder->Illuminate\\Database\\Query\\{closure}()
#18 C:\\Users\\ADMIN\\Desktop\\K2\\projects\\4viewsSocial\\APIAdmin\\vendor\\laravel\\framework\\src\\Illuminate\\Database\\Query\\Builder.php(3172): Illuminate\\Database\\Query\\Builder->onceWithColumns(Array, Object(Closure))
#19 C:\\Users\\ADMIN\\Desktop\\K2\\projects\\4viewsSocial\\APIAdmin\\vendor\\laravel\\framework\\src\\Illuminate\\Database\\Query\\Builder.php(3687): Illuminate\\Database\\Query\\Builder->get(Array)
#20 C:\\Users\\ADMIN\\Desktop\\K2\\projects\\4viewsSocial\\APIAdmin\\vendor\\laravel\\framework\\src\\Illuminate\\Database\\Query\\Builder.php(3615): Illuminate\\Database\\Query\\Builder->aggregate('count', Array)
#21 C:\\Users\\ADMIN\\Desktop\\K2\\projects\\4viewsSocial\\APIAdmin\\vendor\\laravel\\framework\\src\\Illuminate\\Database\\Eloquent\\Builder.php(2235): Illuminate\\Database\\Query\\Builder->count()
#22 C:\\Users\\ADMIN\\Desktop\\K2\\projects\\4viewsSocial\\APIAdmin\\vendor\\laravel\\framework\\src\\Illuminate\\Support\\Traits\\ForwardsCalls.php(23): Illuminate\\Database\\Eloquent\\Builder->__call('count', Array)
#23 C:\\Users\\ADMIN\\Desktop\\K2\\projects\\4viewsSocial\\APIAdmin\\vendor\\laravel\\framework\\src\\Illuminate\\Database\\Eloquent\\Model.php(2540): Illuminate\\Database\\Eloquent\\Model->forwardCallTo(Object(Illuminate\\Database\\Eloquent\\Builder), 'count', Array)
#24 C:\\Users\\ADMIN\\Desktop\\K2\\projects\\4viewsSocial\\APIAdmin\\vendor\\laravel\\framework\\src\\Illuminate\\Database\\Eloquent\\Model.php(2556): Illuminate\\Database\\Eloquent\\Model->__call('count', Array)
#25 C:\\Users\\ADMIN\\Desktop\\K2\\projects\\4viewsSocial\\APIAdmin\\app\\Http\\Controllers\\DashboardController.php(25): Illuminate\\Database\\Eloquent\\Model::__callStatic('count', Array)
#26 C:\\Users\\ADMIN\\Desktop\\K2\\projects\\4viewsSocial\\APIAdmin\\vendor\\laravel\\framework\\src\\Illuminate\\Routing\\ControllerDispatcher.php(46): App\\Http\\Controllers\\DashboardController->stats(Object(Illuminate\\Http\\Request))
#27 C:\\Users\\ADMIN\\Desktop\\K2\\projects\\4viewsSocial\\APIAdmin\\vendor\\laravel\\framework\\src\\Illuminate\\Routing\\Route.php(265): Illuminate\\Routing\\ControllerDispatcher->dispatch(Object(Illuminate\\Routing\\Route), Object(App\\Http\\Controllers\\DashboardController), 'stats')
#28 C:\\Users\\ADMIN\\Desktop\\K2\\projects\\4viewsSocial\\APIAdmin\\vendor\\laravel\\framework\\src\\Illuminate\\Routing\\Route.php(211): Illuminate\\Routing\\Route->runController()
#29 C:\\Users\\ADMIN\\Desktop\\K2\\projects\\4viewsSocial\\APIAdmin\\vendor\\laravel\\framework\\src\\Illuminate\\Routing\\Router.php(822): Illuminate\\Routing\\Route->run()
#30 C:\\Users\\ADMIN\\Desktop\\K2\\projects\\4viewsSocial\\APIAdmin\\vendor\\laravel\\framework\\src\\Illuminate\\Pipeline\\Pipeline.php(180): Illuminate\\Routing\\Router->Illuminate\\Routing\\{closure}(Object(Illuminate\\Http\\Request))
#31 C:\\Users\\ADMIN\\Desktop\\K2\\projects\\4viewsSocial\\APIAdmin\\vendor\\laravel\\framework\\src\\Illuminate\\Routing\\Middleware\\SubstituteBindings.php(50): Illuminate\\Pipeline\\Pipeline->Illuminate\\Pipeline\\{closure}(Object(Illuminate\\Http\\Request))
#32 C:\\Users\\ADMIN\\Desktop\\K2\\projects\\4viewsSocial\\APIAdmin\\vendor\\laravel\\framework\\src\\Illuminate\\Pipeline\\Pipeline.php(219): Illuminate\\Routing\\Middleware\\SubstituteBindings->handle(Object(Illuminate\\Http\\Request), Object(Closure))
#33 C:\\Users\\ADMIN\\Desktop\\K2\\projects\\4viewsSocial\\APIAdmin\\vendor\\laravel\\framework\\src\\Illuminate\\Pipeline\\Pipeline.php(137): Illuminate\\Pipeline\\Pipeline->Illuminate\\Pipeline\\{closure}(Object(Illuminate\\Http\\Request))
#34 C:\\Users\\ADMIN\\Desktop\\K2\\projects\\4viewsSocial\\APIAdmin\\vendor\\laravel\\framework\\src\\Illuminate\\Routing\\Router.php(821): Illuminate\\Pipeline\\Pipeline->then(Object(Closure))
#35 C:\\Users\\ADMIN\\Desktop\\K2\\projects\\4viewsSocial\\APIAdmin\\vendor\\laravel\\framework\\src\\Illuminate\\Routing\\Router.php(800): Illuminate\\Routing\\Router->runRouteWithinStack(Object(Illuminate\\Routing\\Route), Object(Illuminate\\Http\\Request))
#36 C:\\Users\\ADMIN\\Desktop\\K2\\projects\\4viewsSocial\\APIAdmin\\vendor\\laravel\\framework\\src\\Illuminate\\Routing\\Router.php(764): Illuminate\\Routing\\Router->runRoute(Object(Illuminate\\Http\\Request), Object(Illuminate\\Routing\\Route))
#37 C:\\Users\\ADMIN\\Desktop\\K2\\projects\\4viewsSocial\\APIAdmin\\vendor\\laravel\\framework\\src\\Illuminate\\Routing\\Router.php(753): Illuminate\\Routing\\Router->dispatchToRoute(Object(Illuminate\\Http\\Request))
#38 C:\\Users\\ADMIN\\Desktop\\K2\\projects\\4viewsSocial\\APIAdmin\\vendor\\laravel\\framework\\src\\Illuminate\\Foundation\\Http\\Kernel.php(200): Illuminate\\Routing\\Router->dispatch(Object(Illuminate\\Http\\Request))
#39 C:\\Users\\ADMIN\\Desktop\\K2\\projects\\4viewsSocial\\APIAdmin\\vendor\\laravel\\framework\\src\\Illuminate\\Pipeline\\Pipeline.php(180): Illuminate\\Foundation\\Http\\Kernel->Illuminate\\Foundation\\Http\\{closure}(Object(Illuminate\\Http\\Request))
#40 C:\\Users\\ADMIN\\Desktop\\K2\\projects\\4viewsSocial\\APIAdmin\\vendor\\laravel\\framework\\src\\Illuminate\\Foundation\\Http\\Middleware\\TransformsRequest.php(21): Illuminate\\Pipeline\\Pipeline->Illuminate\\Pipeline\\{closure}(Object(Illuminate\\Http\\Request))
#41 C:\\Users\\ADMIN\\Desktop\\K2\\projects\\4viewsSocial\\APIAdmin\\vendor\\laravel\\framework\\src\\Illuminate\\Foundation\\Http\\Middleware\\ConvertEmptyStringsToNull.php(31): Illuminate\\Foundation\\Http\\Middleware\\TransformsRequest->handle(Object(Illuminate\\Http\\Request), Object(Closure))
#42 C:\\Users\\ADMIN\\Desktop\\K2\\projects\\4viewsSocial\\APIAdmin\\vendor\\laravel\\framework\\src\\Illuminate\\Pipeline\\Pipeline.php(219): Illuminate\\Foundation\\Http\\Middleware\\ConvertEmptyStringsToNull->handle(Object(Illuminate\\Http\\Request), Object(Closure))
#43 C:\\Users\\ADMIN\\Desktop\\K2\\projects\\4viewsSocial\\APIAdmin\\vendor\\laravel\\framework\\src\\Illuminate\\Foundation\\Http\\Middleware\\TransformsRequest.php(21): Illuminate\\Pipeline\\Pipeline->Illuminate\\Pipeline\\{closure}(Object(Illuminate\\Http\\Request))
#44 C:\\Users\\ADMIN\\Desktop\\K2\\projects\\4viewsSocial\\APIAdmin\\vendor\\laravel\\framework\\src\\Illuminate\\Foundation\\Http\\Middleware\\TrimStrings.php(51): Illuminate\\Foundation\\Http\\Middleware\\TransformsRequest->handle(Object(Illuminate\\Http\\Request), Object(Closure))
#45 C:\\Users\\ADMIN\\Desktop\\K2\\projects\\4viewsSocial\\APIAdmin\\vendor\\laravel\\framework\\src\\Illuminate\\Pipeline\\Pipeline.php(219): Illuminate\\Foundation\\Http\\Middleware\\TrimStrings->handle(Object(Illuminate\\Http\\Request), Object(Closure))
#46 C:\\Users\\ADMIN\\Desktop\\K2\\projects\\4viewsSocial\\APIAdmin\\vendor\\laravel\\framework\\src\\Illuminate\\Http\\Middleware\\ValidatePostSize.php(27): Illuminate\\Pipeline\\Pipeline->Illuminate\\Pipeline\\{closure}(Object(Illuminate\\Http\\Request))
#47 C:\\Users\\ADMIN\\Desktop\\K2\\projects\\4viewsSocial\\APIAdmin\\vendor\\laravel\\framework\\src\\Illuminate\\Pipeline\\Pipeline.php(219): Illuminate\\Http\\Middleware\\ValidatePostSize->handle(Object(Illuminate\\Http\\Request), Object(Closure))
#48 C:\\Users\\ADMIN\\Desktop\\K2\\projects\\4viewsSocial\\APIAdmin\\vendor\\laravel\\framework\\src\\Illuminate\\Foundation\\Http\\Middleware\\PreventRequestsDuringMaintenance.php(109): Illuminate\\Pipeline\\Pipeline->Illuminate\\Pipeline\\{closure}(Object(Illuminate\\Http\\Request))
#49 C:\\Users\\ADMIN\\Desktop\\K2\\projects\\4viewsSocial\\APIAdmin\\vendor\\laravel\\framework\\src\\Illuminate\\Pipeline\\Pipeline.php(219): Illuminate\\Foundation\\Http\\Middleware\\PreventRequestsDuringMaintenance->handle(Object(Illuminate\\Http\\Request), Object(Closure))
#50 C:\\Users\\ADMIN\\Desktop\\K2\\projects\\4viewsSocial\\APIAdmin\\vendor\\laravel\\framework\\src\\Illuminate\\Http\\Middleware\\HandleCors.php(61): Illuminate\\Pipeline\\Pipeline->Illuminate\\Pipeline\\{closure}(Object(Illuminate\\Http\\Request))
#51 C:\\Users\\ADMIN\\Desktop\\K2\\projects\\4viewsSocial\\APIAdmin\\vendor\\laravel\\framework\\src\\Illuminate\\Pipeline\\Pipeline.php(219): Illuminate\\Http\\Middleware\\HandleCors->handle(Object(Illuminate\\Http\\Request), Object(Closure))
#52 C:\\Users\\ADMIN\\Desktop\\K2\\projects\\4viewsSocial\\APIAdmin\\vendor\\laravel\\framework\\src\\Illuminate\\Http\\Middleware\\TrustProxies.php(58): Illuminate\\Pipeline\\Pipeline->Illuminate\\Pipeline\\{closure}(Object(Illuminate\\Http\\Request))
#53 C:\\Users\\ADMIN\\Desktop\\K2\\projects\\4viewsSocial\\APIAdmin\\vendor\\laravel\\framework\\src\\Illuminate\\Pipeline\\Pipeline.php(219): Illuminate\\Http\\Middleware\\TrustProxies->handle(Object(Illuminate\\Http\\Request), Object(Closure))
#54 C:\\Users\\ADMIN\\Desktop\\K2\\projects\\4viewsSocial\\APIAdmin\\vendor\\laravel\\framework\\src\\Illuminate\\Foundation\\Http\\Middleware\\InvokeDeferredCallbacks.php(22): Illuminate\\Pipeline\\Pipeline->Illuminate\\Pipeline\\{closure}(Object(Illuminate\\Http\\Request))
#55 C:\\Users\\ADMIN\\Desktop\\K2\\projects\\4viewsSocial\\APIAdmin\\vendor\\laravel\\framework\\src\\Illuminate\\Pipeline\\Pipeline.php(219): Illuminate\\Foundation\\Http\\Middleware\\InvokeDeferredCallbacks->handle(Object(Illuminate\\Http\\Request), Object(Closure))
#56 C:\\Users\\ADMIN\\Desktop\\K2\\projects\\4viewsSocial\\APIAdmin\\vendor\\laravel\\framework\\src\\Illuminate\\Http\\Middleware\\ValidatePathEncoding.php(26): Illuminate\\Pipeline\\Pipeline->Illuminate\\Pipeline\\{closure}(Object(Illuminate\\Http\\Request))
#57 C:\\Users\\ADMIN\\Desktop\\K2\\projects\\4viewsSocial\\APIAdmin\\vendor\\laravel\\framework\\src\\Illuminate\\Pipeline\\Pipeline.php(219): Illuminate\\Http\\Middleware\\ValidatePathEncoding->handle(Object(Illuminate\\Http\\Request), Object(Closure))
#58 C:\\Users\\ADMIN\\Desktop\\K2\\projects\\4viewsSocial\\APIAdmin\\vendor\\laravel\\framework\\src\\Illuminate\\Pipeline\\Pipeline.php(137): Illuminate\\Pipeline\\Pipeline->Illuminate\\Pipeline\\{closure}(Object(Illuminate\\Http\\Request))
#59 C:\\Users\\ADMIN\\Desktop\\K2\\projects\\4viewsSocial\\APIAdmin\\vendor\\laravel\\framework\\src\\Illuminate\\Foundation\\Http\\Kernel.php(175): Illuminate\\Pipeline\\Pipeline->then(Object(Closure))
#60 C:\\Users\\ADMIN\\Desktop\\K2\\projects\\4viewsSocial\\APIAdmin\\vendor\\laravel\\framework\\src\\Illuminate\\Foundation\\Http\\Kernel.php(144): Illuminate\\Foundation\\Http\\Kernel->sendRequestThroughRouter(Object(Illuminate\\Http\\Request))
#61 C:\\Users\\ADMIN\\Desktop\\K2\\projects\\4viewsSocial\\APIAdmin\\vendor\\laravel\\framework\\src\\Illuminate\\Foundation\\Application.php(1220): Illuminate\\Foundation\\Http\\Kernel->handle(Object(Illuminate\\Http\\Request))
#62 C:\\Users\\ADMIN\\Desktop\\K2\\projects\\4viewsSocial\\APIAdmin\\public\\index.php(20): Illuminate\\Foundation\\Application->handleRequest(Object(Illuminate\\Http\\Request))
#63 C:\\Users\\ADMIN\\Desktop\\K2\\projects\\4viewsSocial\\APIAdmin\\vendor\\laravel\\framework\\src\\Illuminate\\Foundation\\resources\\server.php(23): require_once('C:\\\\Users\\\\ADMIN\\\\...')
#64 {main}
"} 
[2026-01-04 04:28:16] local.ERROR: SQLSTATE[HY000] [2002] No connection could be made because the target machine actively refused it (Connection: mysql, SQL: select DATE(created_at) as date, COUNT(*) as total from `users` where `created_at` >= 2025-12-29 00:00:00 group by `date`) {"exception":"[object] (Illuminate\\Database\\QueryException(code: 2002): SQLSTATE[HY000] [2002] No connection could be made because the target machine actively refused it (Connection: mysql, SQL: select DATE(created_at) as date, COUNT(*) as total from `users` where `created_at` >= 2025-12-29 00:00:00 group by `date`) at C:\\Users\\ADMIN\\Desktop\\K2\\projects\\4viewsSocial\\APIAdmin\\vendor\\laravel\\framework\\src\\Illuminate\\Database\\Connection.php:824)
[stacktrace]
#0 C:\\Users\\ADMIN\\Desktop\\K2\\projects\\4viewsSocial\\APIAdmin\\vendor\\laravel\\framework\\src\\Illuminate\\Database\\Connection.php(978): Illuminate\\Database\\Connection->runQueryCallback('select DATE(cre...', Array, Object(Closure))
#1 C:\\Users\\ADMIN\\Desktop\\K2\\projects\\4viewsSocial\\APIAdmin\\vendor\\laravel\\framework\\src\\Illuminate\\Database\\Connection.php(957): Illuminate\\Database\\Connection->tryAgainIfCausedByLostConnection(Object(Illuminate\\Database\\QueryException), 'select DATE(cre...', Array, Object(Closure))
#2 C:\\Users\\ADMIN\\Desktop\\K2\\projects\\4viewsSocial\\APIAdmin\\vendor\\laravel\\framework\\src\\Illuminate\\Database\\Connection.php(780): Illuminate\\Database\\Connection->handleQueryException(Object(Illuminate\\Database\\QueryException), 'select DATE(cre...', Array, Object(Closure))
#3 C:\\Users\\ADMIN\\Desktop\\K2\\projects\\4viewsSocial\\APIAdmin\\vendor\\laravel\\framework\\src\\Illuminate\\Database\\Connection.php(397): Illuminate\\Database\\Connection->run('select DATE(cre...', Array, Object(Closure))
#4 C:\\Users\\ADMIN\\Desktop\\K2\\projects\\4viewsSocial\\APIAdmin\\vendor\\laravel\\framework\\src\\Illuminate\\Database\\Query\\Builder.php(3188): Illuminate\\Database\\Connection->select('select DATE(cre...', Array, true)
#5 C:\\Users\\ADMIN\\Desktop\\K2\\projects\\4viewsSocial\\APIAdmin\\vendor\\laravel\\framework\\src\\Illuminate\\Database\\Query\\Builder.php(3446): Illuminate\\Database\\Query\\Builder->runSelect()
#6 C:\\Users\\ADMIN\\Desktop\\K2\\projects\\4viewsSocial\\APIAdmin\\vendor\\laravel\\framework\\src\\Illuminate\\Database\\Query\\Builder.php(3763): Illuminate\\Database\\Query\\Builder->Illuminate\\Database\\Query\\{closure}()
#7 C:\\Users\\ADMIN\\Desktop\\K2\\projects\\4viewsSocial\\APIAdmin\\vendor\\laravel\\framework\\src\\Illuminate\\Database\\Query\\Builder.php(3442): Illuminate\\Database\\Query\\Builder->onceWithColumns(Array, Object(Closure))
#8 C:\\Users\\ADMIN\\Desktop\\K2\\projects\\4viewsSocial\\APIAdmin\\vendor\\laravel\\framework\\src\\Illuminate\\Database\\Eloquent\\Builder.php(1082): Illuminate\\Database\\Query\\Builder->pluck('total', 'date')
#9 C:\\Users\\ADMIN\\Desktop\\K2\\projects\\4viewsSocial\\APIAdmin\\app\\Http\\Controllers\\DashboardController.php(45): Illuminate\\Database\\Eloquent\\Builder->pluck('total', 'date')
#10 C:\\Users\\ADMIN\\Desktop\\K2\\projects\\4viewsSocial\\APIAdmin\\vendor\\laravel\\framework\\src\\Illuminate\\Routing\\ControllerDispatcher.php(46): App\\Http\\Controllers\\DashboardController->chart()
#11 C:\\Users\\ADMIN\\Desktop\\K2\\projects\\4viewsSocial\\APIAdmin\\vendor\\laravel\\framework\\src\\Illuminate\\Routing\\Route.php(265): Illuminate\\Routing\\ControllerDispatcher->dispatch(Object(Illuminate\\Routing\\Route), Object(App\\Http\\Controllers\\DashboardController), 'chart')
#12 C:\\Users\\ADMIN\\Desktop\\K2\\projects\\4viewsSocial\\APIAdmin\\vendor\\laravel\\framework\\src\\Illuminate\\Routing\\Route.php(211): Illuminate\\Routing\\Route->runController()
#13 C:\\Users\\ADMIN\\Desktop\\K2\\projects\\4viewsSocial\\APIAdmin\\vendor\\laravel\\framework\\src\\Illuminate\\Routing\\Router.php(822): Illuminate\\Routing\\Route->run()
#14 C:\\Users\\ADMIN\\Desktop\\K2\\projects\\4viewsSocial\\APIAdmin\\vendor\\laravel\\framework\\src\\Illuminate\\Pipeline\\Pipeline.php(180): Illuminate\\Routing\\Router->Illuminate\\Routing\\{closure}(Object(Illuminate\\Http\\Request))
#15 C:\\Users\\ADMIN\\Desktop\\K2\\projects\\4viewsSocial\\APIAdmin\\vendor\\laravel\\framework\\src\\Illuminate\\Routing\\Middleware\\SubstituteBindings.php(50): Illuminate\\Pipeline\\Pipeline->Illuminate\\Pipeline\\{closure}(Object(Illuminate\\Http\\Request))
#16 C:\\Users\\ADMIN\\Desktop\\K2\\projects\\4viewsSocial\\APIAdmin\\vendor\\laravel\\framework\\src\\Illuminate\\Pipeline\\Pipeline.php(219): Illuminate\\Routing\\Middleware\\SubstituteBindings->handle(Object(Illuminate\\Http\\Request), Object(Closure))
#17 C:\\Users\\ADMIN\\Desktop\\K2\\projects\\4viewsSocial\\APIAdmin\\vendor\\laravel\\framework\\src\\Illuminate\\Pipeline\\Pipeline.php(137): Illuminate\\Pipeline\\Pipeline->Illuminate\\Pipeline\\{closure}(Object(Illuminate\\Http\\Request))
#18 C:\\Users\\ADMIN\\Desktop\\K2\\projects\\4viewsSocial\\APIAdmin\\vendor\\laravel\\framework\\src\\Illuminate\\Routing\\Router.php(821): Illuminate\\Pipeline\\Pipeline->then(Object(Closure))
#19 C:\\Users\\ADMIN\\Desktop\\K2\\projects\\4viewsSocial\\APIAdmin\\vendor\\laravel\\framework\\src\\Illuminate\\Routing\\Router.php(800): Illuminate\\Routing\\Router->runRouteWithinStack(Object(Illuminate\\Routing\\Route), Object(Illuminate\\Http\\Request))
#20 C:\\Users\\ADMIN\\Desktop\\K2\\projects\\4viewsSocial\\APIAdmin\\vendor\\laravel\\framework\\src\\Illuminate\\Routing\\Router.php(764): Illuminate\\Routing\\Router->runRoute(Object(Illuminate\\Http\\Request), Object(Illuminate\\Routing\\Route))
#21 C:\\Users\\ADMIN\\Desktop\\K2\\projects\\4viewsSocial\\APIAdmin\\vendor\\laravel\\framework\\src\\Illuminate\\Routing\\Router.php(753): Illuminate\\Routing\\Router->dispatchToRoute(Object(Illuminate\\Http\\Request))
#22 C:\\Users\\ADMIN\\Desktop\\K2\\projects\\4viewsSocial\\APIAdmin\\vendor\\laravel\\framework\\src\\Illuminate\\Foundation\\Http\\Kernel.php(200): Illuminate\\Routing\\Router->dispatch(Object(Illuminate\\Http\\Request))
#23 C:\\Users\\ADMIN\\Desktop\\K2\\projects\\4viewsSocial\\APIAdmin\\vendor\\laravel\\framework\\src\\Illuminate\\Pipeline\\Pipeline.php(180): Illuminate\\Foundation\\Http\\Kernel->Illuminate\\Foundation\\Http\\{closure}(Object(Illuminate\\Http\\Request))
#24 C:\\Users\\ADMIN\\Desktop\\K2\\projects\\4viewsSocial\\APIAdmin\\vendor\\laravel\\framework\\src\\Illuminate\\Foundation\\Http\\Middleware\\TransformsRequest.php(21): Illuminate\\Pipeline\\Pipeline->Illuminate\\Pipeline\\{closure}(Object(Illuminate\\Http\\Request))
#25 C:\\Users\\ADMIN\\Desktop\\K2\\projects\\4viewsSocial\\APIAdmin\\vendor\\laravel\\framework\\src\\Illuminate\\Foundation\\Http\\Middleware\\ConvertEmptyStringsToNull.php(31): Illuminate\\Foundation\\Http\\Middleware\\TransformsRequest->handle(Object(Illuminate\\Http\\Request), Object(Closure))
#26 C:\\Users\\ADMIN\\Desktop\\K2\\projects\\4viewsSocial\\APIAdmin\\vendor\\laravel\\framework\\src\\Illuminate\\Pipeline\\Pipeline.php(219): Illuminate\\Foundation\\Http\\Middleware\\ConvertEmptyStringsToNull->handle(Object(Illuminate\\Http\\Request), Object(Closure))
#27 C:\\Users\\ADMIN\\Desktop\\K2\\projects\\4viewsSocial\\APIAdmin\\vendor\\laravel\\framework\\src\\Illuminate\\Foundation\\Http\\Middleware\\TransformsRequest.php(21): Illuminate\\Pipeline\\Pipeline->Illuminate\\Pipeline\\{closure}(Object(Illuminate\\Http\\Request))
#28 C:\\Users\\ADMIN\\Desktop\\K2\\projects\\4viewsSocial\\APIAdmin\\vendor\\laravel\\framework\\src\\Illuminate\\Foundation\\Http\\Middleware\\TrimStrings.php(51): Illuminate\\Foundation\\Http\\Middleware\\TransformsRequest->handle(Object(Illuminate\\Http\\Request), Object(Closure))
#29 C:\\Users\\ADMIN\\Desktop\\K2\\projects\\4viewsSocial\\APIAdmin\\vendor\\laravel\\framework\\src\\Illuminate\\Pipeline\\Pipeline.php(219): Illuminate\\Foundation\\Http\\Middleware\\TrimStrings->handle(Object(Illuminate\\Http\\Request), Object(Closure))
#30 C:\\Users\\ADMIN\\Desktop\\K2\\projects\\4viewsSocial\\APIAdmin\\vendor\\laravel\\framework\\src\\Illuminate\\Http\\Middleware\\ValidatePostSize.php(27): Illuminate\\Pipeline\\Pipeline->Illuminate\\Pipeline\\{closure}(Object(Illuminate\\Http\\Request))
#31 C:\\Users\\ADMIN\\Desktop\\K2\\projects\\4viewsSocial\\APIAdmin\\vendor\\laravel\\framework\\src\\Illuminate\\Pipeline\\Pipeline.php(219): Illuminate\\Http\\Middleware\\ValidatePostSize->handle(Object(Illuminate\\Http\\Request), Object(Closure))
#32 C:\\Users\\ADMIN\\Desktop\\K2\\projects\\4viewsSocial\\APIAdmin\\vendor\\laravel\\framework\\src\\Illuminate\\Foundation\\Http\\Middleware\\PreventRequestsDuringMaintenance.php(109): Illuminate\\Pipeline\\Pipeline->Illuminate\\Pipeline\\{closure}(Object(Illuminate\\Http\\Request))
#33 C:\\Users\\ADMIN\\Desktop\\K2\\projects\\4viewsSocial\\APIAdmin\\vendor\\laravel\\framework\\src\\Illuminate\\Pipeline\\Pipeline.php(219): Illuminate\\Foundation\\Http\\Middleware\\PreventRequestsDuringMaintenance->handle(Object(Illuminate\\Http\\Request), Object(Closure))
#34 C:\\Users\\ADMIN\\Desktop\\K2\\projects\\4viewsSocial\\APIAdmin\\vendor\\laravel\\framework\\src\\Illuminate\\Http\\Middleware\\HandleCors.php(61): Illuminate\\Pipeline\\Pipeline->Illuminate\\Pipeline\\{closure}(Object(Illuminate\\Http\\Request))
#35 C:\\Users\\ADMIN\\Desktop\\K2\\projects\\4viewsSocial\\APIAdmin\\vendor\\laravel\\framework\\src\\Illuminate\\Pipeline\\Pipeline.php(219): Illuminate\\Http\\Middleware\\HandleCors->handle(Object(Illuminate\\Http\\Request), Object(Closure))
#36 C:\\Users\\ADMIN\\Desktop\\K2\\projects\\4viewsSocial\\APIAdmin\\vendor\\laravel\\framework\\src\\Illuminate\\Http\\Middleware\\TrustProxies.php(58): Illuminate\\Pipeline\\Pipeline->Illuminate\\Pipeline\\{closure}(Object(Illuminate\\Http\\Request))
#37 C:\\Users\\ADMIN\\Desktop\\K2\\projects\\4viewsSocial\\APIAdmin\\vendor\\laravel\\framework\\src\\Illuminate\\Pipeline\\Pipeline.php(219): Illuminate\\Http\\Middleware\\TrustProxies->handle(Object(Illuminate\\Http\\Request), Object(Closure))
#38 C:\\Users\\ADMIN\\Desktop\\K2\\projects\\4viewsSocial\\APIAdmin\\vendor\\laravel\\framework\\src\\Illuminate\\Foundation\\Http\\Middleware\\InvokeDeferredCallbacks.php(22): Illuminate\\Pipeline\\Pipeline->Illuminate\\Pipeline\\{closure}(Object(Illuminate\\Http\\Request))
#39 C:\\Users\\ADMIN\\Desktop\\K2\\projects\\4viewsSocial\\APIAdmin\\vendor\\laravel\\framework\\src\\Illuminate\\Pipeline\\Pipeline.php(219): Illuminate\\Foundation\\Http\\Middleware\\InvokeDeferredCallbacks->handle(Object(Illuminate\\Http\\Request), Object(Closure))
#40 C:\\Users\\ADMIN\\Desktop\\K2\\projects\\4viewsSocial\\APIAdmin\\vendor\\laravel\\framework\\src\\Illuminate\\Http\\Middleware\\ValidatePathEncoding.php(26): Illuminate\\Pipeline\\Pipeline->Illuminate\\Pipeline\\{closure}(Object(Illuminate\\Http\\Request))
#41 C:\\Users\\ADMIN\\Desktop\\K2\\projects\\4viewsSocial\\APIAdmin\\vendor\\laravel\\framework\\src\\Illuminate\\Pipeline\\Pipeline.php(219): Illuminate\\Http\\Middleware\\ValidatePathEncoding->handle(Object(Illuminate\\Http\\Request), Object(Closure))
#42 C:\\Users\\ADMIN\\Desktop\\K2\\projects\\4viewsSocial\\APIAdmin\\vendor\\laravel\\framework\\src\\Illuminate\\Pipeline\\Pipeline.php(137): Illuminate\\Pipeline\\Pipeline->Illuminate\\Pipeline\\{closure}(Object(Illuminate\\Http\\Request))
#43 C:\\Users\\ADMIN\\Desktop\\K2\\projects\\4viewsSocial\\APIAdmin\\vendor\\laravel\\framework\\src\\Illuminate\\Foundation\\Http\\Kernel.php(175): Illuminate\\Pipeline\\Pipeline->then(Object(Closure))
#44 C:\\Users\\ADMIN\\Desktop\\K2\\projects\\4viewsSocial\\APIAdmin\\vendor\\laravel\\framework\\src\\Illuminate\\Foundation\\Http\\Kernel.php(144): Illuminate\\Foundation\\Http\\Kernel->sendRequestThroughRouter(Object(Illuminate\\Http\\Request))
#45 C:\\Users\\ADMIN\\Desktop\\K2\\projects\\4viewsSocial\\APIAdmin\\vendor\\laravel\\framework\\src\\Illuminate\\Foundation\\Application.php(1220): Illuminate\\Foundation\\Http\\Kernel->handle(Object(Illuminate\\Http\\Request))
#46 C:\\Users\\ADMIN\\Desktop\\K2\\projects\\4viewsSocial\\APIAdmin\\public\\index.php(20): Illuminate\\Foundation\\Application->handleRequest(Object(Illuminate\\Http\\Request))
#47 C:\\Users\\ADMIN\\Desktop\\K2\\projects\\4viewsSocial\\APIAdmin\\vendor\\laravel\\framework\\src\\Illuminate\\Foundation\\resources\\server.php(23): require_once('C:\\\\Users\\\\ADMIN\\\\...')
#48 {main}

[previous exception] [object] (PDOException(code: 2002): SQLSTATE[HY000] [2002] No connection could be made because the target machine actively refused it at C:\\Users\\ADMIN\\Desktop\\K2\\projects\\4viewsSocial\\APIAdmin\\vendor\\laravel\\framework\\src\\Illuminate\\Database\\Connectors\\Connector.php:66)
[stacktrace]
#0 C:\\Users\\ADMIN\\Desktop\\K2\\projects\\4viewsSocial\\APIAdmin\\vendor\\laravel\\framework\\src\\Illuminate\\Database\\Connectors\\Connector.php(66): PDO->__construct('mysql:host=127....', 'root', Object(SensitiveParameterValue), Array)
#1 C:\\Users\\ADMIN\\Desktop\\K2\\projects\\4viewsSocial\\APIAdmin\\vendor\\laravel\\framework\\src\\Illuminate\\Database\\Connectors\\Connector.php(85): Illuminate\\Database\\Connectors\\Connector->createPdoConnection('mysql:host=127....', 'root', Object(SensitiveParameterValue), Array)
#2 C:\\Users\\ADMIN\\Desktop\\K2\\projects\\4viewsSocial\\APIAdmin\\vendor\\laravel\\framework\\src\\Illuminate\\Database\\Connectors\\Connector.php(48): Illuminate\\Database\\Connectors\\Connector->tryAgainIfCausedByLostConnection(Object(PDOException), 'mysql:host=127....', 'root', Object(SensitiveParameterValue), Array)
#3 C:\\Users\\ADMIN\\Desktop\\K2\\projects\\4viewsSocial\\APIAdmin\\vendor\\laravel\\framework\\src\\Illuminate\\Database\\Connectors\\MySqlConnector.php(24): Illuminate\\Database\\Connectors\\Connector->createConnection('mysql:host=127....', Array, Array)
#4 C:\\Users\\ADMIN\\Desktop\\K2\\projects\\4viewsSocial\\APIAdmin\\vendor\\laravel\\framework\\src\\Illuminate\\Database\\Connectors\\ConnectionFactory.php(184): Illuminate\\Database\\Connectors\\MySqlConnector->connect(Array)
#5 [internal function]: Illuminate\\Database\\Connectors\\ConnectionFactory->Illuminate\\Database\\Connectors\\{closure}()
#6 C:\\Users\\ADMIN\\Desktop\\K2\\projects\\4viewsSocial\\APIAdmin\\vendor\\laravel\\framework\\src\\Illuminate\\Database\\Connection.php(1234): call_user_func(Object(Closure))
#7 C:\\Users\\ADMIN\\Desktop\\K2\\projects\\4viewsSocial\\APIAdmin\\vendor\\laravel\\framework\\src\\Illuminate\\Database\\Connection.php(1270): Illuminate\\Database\\Connection->getPdo()
#8 C:\\Users\\ADMIN\\Desktop\\K2\\projects\\4viewsSocial\\APIAdmin\\vendor\\laravel\\framework\\src\\Illuminate\\Database\\Connection.php(511): Illuminate\\Database\\Connection->getReadPdo()
#9 C:\\Users\\ADMIN\\Desktop\\K2\\projects\\4viewsSocial\\APIAdmin\\vendor\\laravel\\framework\\src\\Illuminate\\Database\\Connection.php(406): Illuminate\\Database\\Connection->getPdoForSelect(true)
#10 C:\\Users\\ADMIN\\Desktop\\K2\\projects\\4viewsSocial\\APIAdmin\\vendor\\laravel\\framework\\src\\Illuminate\\Database\\Connection.php(811): Illuminate\\Database\\Connection->Illuminate\\Database\\{closure}('select DATE(cre...', Array)
#11 C:\\Users\\ADMIN\\Desktop\\K2\\projects\\4viewsSocial\\APIAdmin\\vendor\\laravel\\framework\\src\\Illuminate\\Database\\Connection.php(978): Illuminate\\Database\\Connection->runQueryCallback('select DATE(cre...', Array, Object(Closure))
#12 C:\\Users\\ADMIN\\Desktop\\K2\\projects\\4viewsSocial\\APIAdmin\\vendor\\laravel\\framework\\src\\Illuminate\\Database\\Connection.php(957): Illuminate\\Database\\Connection->tryAgainIfCausedByLostConnection(Object(Illuminate\\Database\\QueryException), 'select DATE(cre...', Array, Object(Closure))
#13 C:\\Users\\ADMIN\\Desktop\\K2\\projects\\4viewsSocial\\APIAdmin\\vendor\\laravel\\framework\\src\\Illuminate\\Database\\Connection.php(780): Illuminate\\Database\\Connection->handleQueryException(Object(Illuminate\\Database\\QueryException), 'select DATE(cre...', Array, Object(Closure))
#14 C:\\Users\\ADMIN\\Desktop\\K2\\projects\\4viewsSocial\\APIAdmin\\vendor\\laravel\\framework\\src\\Illuminate\\Database\\Connection.php(397): Illuminate\\Database\\Connection->run('select DATE(cre...', Array, Object(Closure))
#15 C:\\Users\\ADMIN\\Desktop\\K2\\projects\\4viewsSocial\\APIAdmin\\vendor\\laravel\\framework\\src\\Illuminate\\Database\\Query\\Builder.php(3188): Illuminate\\Database\\Connection->select('select DATE(cre...', Array, true)
#16 C:\\Users\\ADMIN\\Desktop\\K2\\projects\\4viewsSocial\\APIAdmin\\vendor\\laravel\\framework\\src\\Illuminate\\Database\\Query\\Builder.php(3446): Illuminate\\Database\\Query\\Builder->runSelect()
#17 C:\\Users\\ADMIN\\Desktop\\K2\\projects\\4viewsSocial\\APIAdmin\\vendor\\laravel\\framework\\src\\Illuminate\\Database\\Query\\Builder.php(3763): Illuminate\\Database\\Query\\Builder->Illuminate\\Database\\Query\\{closure}()
#18 C:\\Users\\ADMIN\\Desktop\\K2\\projects\\4viewsSocial\\APIAdmin\\vendor\\laravel\\framework\\src\\Illuminate\\Database\\Query\\Builder.php(3442): Illuminate\\Database\\Query\\Builder->onceWithColumns(Array, Object(Closure))
#19 C:\\Users\\ADMIN\\Desktop\\K2\\projects\\4viewsSocial\\APIAdmin\\vendor\\laravel\\framework\\src\\Illuminate\\Database\\Eloquent\\Builder.php(1082): Illuminate\\Database\\Query\\Builder->pluck('total', 'date')
#20 C:\\Users\\ADMIN\\Desktop\\K2\\projects\\4viewsSocial\\APIAdmin\\app\\Http\\Controllers\\DashboardController.php(45): Illuminate\\Database\\Eloquent\\Builder->pluck('total', 'date')
#21 C:\\Users\\ADMIN\\Desktop\\K2\\projects\\4viewsSocial\\APIAdmin\\vendor\\laravel\\framework\\src\\Illuminate\\Routing\\ControllerDispatcher.php(46): App\\Http\\Controllers\\DashboardController->chart()
#22 C:\\Users\\ADMIN\\Desktop\\K2\\projects\\4viewsSocial\\APIAdmin\\vendor\\laravel\\framework\\src\\Illuminate\\Routing\\Route.php(265): Illuminate\\Routing\\ControllerDispatcher->dispatch(Object(Illuminate\\Routing\\Route), Object(App\\Http\\Controllers\\DashboardController), 'chart')
#23 C:\\Users\\ADMIN\\Desktop\\K2\\projects\\4viewsSocial\\APIAdmin\\vendor\\laravel\\framework\\src\\Illuminate\\Routing\\Route.php(211): Illuminate\\Routing\\Route->runController()
#24 C:\\Users\\ADMIN\\Desktop\\K2\\projects\\4viewsSocial\\APIAdmin\\vendor\\laravel\\framework\\src\\Illuminate\\Routing\\Router.php(822): Illuminate\\Routing\\Route->run()
#25 C:\\Users\\ADMIN\\Desktop\\K2\\projects\\4viewsSocial\\APIAdmin\\vendor\\laravel\\framework\\src\\Illuminate\\Pipeline\\Pipeline.php(180): Illuminate\\Routing\\Router->Illuminate\\Routing\\{closure}(Object(Illuminate\\Http\\Request))
#26 C:\\Users\\ADMIN\\Desktop\\K2\\projects\\4viewsSocial\\APIAdmin\\vendor\\laravel\\framework\\src\\Illuminate\\Routing\\Middleware\\SubstituteBindings.php(50): Illuminate\\Pipeline\\Pipeline->Illuminate\\Pipeline\\{closure}(Object(Illuminate\\Http\\Request))
#27 C:\\Users\\ADMIN\\Desktop\\K2\\projects\\4viewsSocial\\APIAdmin\\vendor\\laravel\\framework\\src\\Illuminate\\Pipeline\\Pipeline.php(219): Illuminate\\Routing\\Middleware\\SubstituteBindings->handle(Object(Illuminate\\Http\\Request), Object(Closure))
#28 C:\\Users\\ADMIN\\Desktop\\K2\\projects\\4viewsSocial\\APIAdmin\\vendor\\laravel\\framework\\src\\Illuminate\\Pipeline\\Pipeline.php(137): Illuminate\\Pipeline\\Pipeline->Illuminate\\Pipeline\\{closure}(Object(Illuminate\\Http\\Request))
#29 C:\\Users\\ADMIN\\Desktop\\K2\\projects\\4viewsSocial\\APIAdmin\\vendor\\laravel\\framework\\src\\Illuminate\\Routing\\Router.php(821): Illuminate\\Pipeline\\Pipeline->then(Object(Closure))
#30 C:\\Users\\ADMIN\\Desktop\\K2\\projects\\4viewsSocial\\APIAdmin\\vendor\\laravel\\framework\\src\\Illuminate\\Routing\\Router.php(800): Illuminate\\Routing\\Router->runRouteWithinStack(Object(Illuminate\\Routing\\Route), Object(Illuminate\\Http\\Request))
#31 C:\\Users\\ADMIN\\Desktop\\K2\\projects\\4viewsSocial\\APIAdmin\\vendor\\laravel\\framework\\src\\Illuminate\\Routing\\Router.php(764): Illuminate\\Routing\\Router->runRoute(Object(Illuminate\\Http\\Request), Object(Illuminate\\Routing\\Route))
#32 C:\\Users\\ADMIN\\Desktop\\K2\\projects\\4viewsSocial\\APIAdmin\\vendor\\laravel\\framework\\src\\Illuminate\\Routing\\Router.php(753): Illuminate\\Routing\\Router->dispatchToRoute(Object(Illuminate\\Http\\Request))
#33 C:\\Users\\ADMIN\\Desktop\\K2\\projects\\4viewsSocial\\APIAdmin\\vendor\\laravel\\framework\\src\\Illuminate\\Foundation\\Http\\Kernel.php(200): Illuminate\\Routing\\Router->dispatch(Object(Illuminate\\Http\\Request))
#34 C:\\Users\\ADMIN\\Desktop\\K2\\projects\\4viewsSocial\\APIAdmin\\vendor\\laravel\\framework\\src\\Illuminate\\Pipeline\\Pipeline.php(180): Illuminate\\Foundation\\Http\\Kernel->Illuminate\\Foundation\\Http\\{closure}(Object(Illuminate\\Http\\Request))
#35 C:\\Users\\ADMIN\\Desktop\\K2\\projects\\4viewsSocial\\APIAdmin\\vendor\\laravel\\framework\\src\\Illuminate\\Foundation\\Http\\Middleware\\TransformsRequest.php(21): Illuminate\\Pipeline\\Pipeline->Illuminate\\Pipeline\\{closure}(Object(Illuminate\\Http\\Request))
#36 C:\\Users\\ADMIN\\Desktop\\K2\\projects\\4viewsSocial\\APIAdmin\\vendor\\laravel\\framework\\src\\Illuminate\\Foundation\\Http\\Middleware\\ConvertEmptyStringsToNull.php(31): Illuminate\\Foundation\\Http\\Middleware\\TransformsRequest->handle(Object(Illuminate\\Http\\Request), Object(Closure))
#37 C:\\Users\\ADMIN\\Desktop\\K2\\projects\\4viewsSocial\\APIAdmin\\vendor\\laravel\\framework\\src\\Illuminate\\Pipeline\\Pipeline.php(219): Illuminate\\Foundation\\Http\\Middleware\\ConvertEmptyStringsToNull->handle(Object(Illuminate\\Http\\Request), Object(Closure))
#38 C:\\Users\\ADMIN\\Desktop\\K2\\projects\\4viewsSocial\\APIAdmin\\vendor\\laravel\\framework\\src\\Illuminate\\Foundation\\Http\\Middleware\\TransformsRequest.php(21): Illuminate\\Pipeline\\Pipeline->Illuminate\\Pipeline\\{closure}(Object(Illuminate\\Http\\Request))
#39 C:\\Users\\ADMIN\\Desktop\\K2\\projects\\4viewsSocial\\APIAdmin\\vendor\\laravel\\framework\\src\\Illuminate\\Foundation\\Http\\Middleware\\TrimStrings.php(51): Illuminate\\Foundation\\Http\\Middleware\\TransformsRequest->handle(Object(Illuminate\\Http\\Request), Object(Closure))
#40 C:\\Users\\ADMIN\\Desktop\\K2\\projects\\4viewsSocial\\APIAdmin\\vendor\\laravel\\framework\\src\\Illuminate\\Pipeline\\Pipeline.php(219): Illuminate\\Foundation\\Http\\Middleware\\TrimStrings->handle(Object(Illuminate\\Http\\Request), Object(Closure))
#41 C:\\Users\\ADMIN\\Desktop\\K2\\projects\\4viewsSocial\\APIAdmin\\vendor\\laravel\\framework\\src\\Illuminate\\Http\\Middleware\\ValidatePostSize.php(27): Illuminate\\Pipeline\\Pipeline->Illuminate\\Pipeline\\{closure}(Object(Illuminate\\Http\\Request))
#42 C:\\Users\\ADMIN\\Desktop\\K2\\projects\\4viewsSocial\\APIAdmin\\vendor\\laravel\\framework\\src\\Illuminate\\Pipeline\\Pipeline.php(219): Illuminate\\Http\\Middleware\\ValidatePostSize->handle(Object(Illuminate\\Http\\Request), Object(Closure))
#43 C:\\Users\\ADMIN\\Desktop\\K2\\projects\\4viewsSocial\\APIAdmin\\vendor\\laravel\\framework\\src\\Illuminate\\Foundation\\Http\\Middleware\\PreventRequestsDuringMaintenance.php(109): Illuminate\\Pipeline\\Pipeline->Illuminate\\Pipeline\\{closure}(Object(Illuminate\\Http\\Request))
#44 C:\\Users\\ADMIN\\Desktop\\K2\\projects\\4viewsSocial\\APIAdmin\\vendor\\laravel\\framework\\src\\Illuminate\\Pipeline\\Pipeline.php(219): Illuminate\\Foundation\\Http\\Middleware\\PreventRequestsDuringMaintenance->handle(Object(Illuminate\\Http\\Request), Object(Closure))
#45 C:\\Users\\ADMIN\\Desktop\\K2\\projects\\4viewsSocial\\APIAdmin\\vendor\\laravel\\framework\\src\\Illuminate\\Http\\Middleware\\HandleCors.php(61): Illuminate\\Pipeline\\Pipeline->Illuminate\\Pipeline\\{closure}(Object(Illuminate\\Http\\Request))
#46 C:\\Users\\ADMIN\\Desktop\\K2\\projects\\4viewsSocial\\APIAdmin\\vendor\\laravel\\framework\\src\\Illuminate\\Pipeline\\Pipeline.php(219): Illuminate\\Http\\Middleware\\HandleCors->handle(Object(Illuminate\\Http\\Request), Object(Closure))
#47 C:\\Users\\ADMIN\\Desktop\\K2\\projects\\4viewsSocial\\APIAdmin\\vendor\\laravel\\framework\\src\\Illuminate\\Http\\Middleware\\TrustProxies.php(58): Illuminate\\Pipeline\\Pipeline->Illuminate\\Pipeline\\{closure}(Object(Illuminate\\Http\\Request))
#48 C:\\Users\\ADMIN\\Desktop\\K2\\projects\\4viewsSocial\\APIAdmin\\vendor\\laravel\\framework\\src\\Illuminate\\Pipeline\\Pipeline.php(219): Illuminate\\Http\\Middleware\\TrustProxies->handle(Object(Illuminate\\Http\\Request), Object(Closure))
#49 C:\\Users\\ADMIN\\Desktop\\K2\\projects\\4viewsSocial\\APIAdmin\\vendor\\laravel\\framework\\src\\Illuminate\\Foundation\\Http\\Middleware\\InvokeDeferredCallbacks.php(22): Illuminate\\Pipeline\\Pipeline->Illuminate\\Pipeline\\{closure}(Object(Illuminate\\Http\\Request))
#50 C:\\Users\\ADMIN\\Desktop\\K2\\projects\\4viewsSocial\\APIAdmin\\vendor\\laravel\\framework\\src\\Illuminate\\Pipeline\\Pipeline.php(219): Illuminate\\Foundation\\Http\\Middleware\\InvokeDeferredCallbacks->handle(Object(Illuminate\\Http\\Request), Object(Closure))
#51 C:\\Users\\ADMIN\\Desktop\\K2\\projects\\4viewsSocial\\APIAdmin\\vendor\\laravel\\framework\\src\\Illuminate\\Http\\Middleware\\ValidatePathEncoding.php(26): Illuminate\\Pipeline\\Pipeline->Illuminate\\Pipeline\\{closure}(Object(Illuminate\\Http\\Request))
#52 C:\\Users\\ADMIN\\Desktop\\K2\\projects\\4viewsSocial\\APIAdmin\\vendor\\laravel\\framework\\src\\Illuminate\\Pipeline\\Pipeline.php(219): Illuminate\\Http\\Middleware\\ValidatePathEncoding->handle(Object(Illuminate\\Http\\Request), Object(Closure))
#53 C:\\Users\\ADMIN\\Desktop\\K2\\projects\\4viewsSocial\\APIAdmin\\vendor\\laravel\\framework\\src\\Illuminate\\Pipeline\\Pipeline.php(137): Illuminate\\Pipeline\\Pipeline->Illuminate\\Pipeline\\{closure}(Object(Illuminate\\Http\\Request))
#54 C:\\Users\\ADMIN\\Desktop\\K2\\projects\\4viewsSocial\\APIAdmin\\vendor\\laravel\\framework\\src\\Illuminate\\Foundation\\Http\\Kernel.php(175): Illuminate\\Pipeline\\Pipeline->then(Object(Closure))
#55 C:\\Users\\ADMIN\\Desktop\\K2\\projects\\4viewsSocial\\APIAdmin\\vendor\\laravel\\framework\\src\\Illuminate\\Foundation\\Http\\Kernel.php(144): Illuminate\\Foundation\\Http\\Kernel->sendRequestThroughRouter(Object(Illuminate\\Http\\Request))
#56 C:\\Users\\ADMIN\\Desktop\\K2\\projects\\4viewsSocial\\APIAdmin\\vendor\\laravel\\framework\\src\\Illuminate\\Foundation\\Application.php(1220): Illuminate\\Foundation\\Http\\Kernel->handle(Object(Illuminate\\Http\\Request))
#57 C:\\Users\\ADMIN\\Desktop\\K2\\projects\\4viewsSocial\\APIAdmin\\public\\index.php(20): Illuminate\\Foundation\\Application->handleRequest(Object(Illuminate\\Http\\Request))
#58 C:\\Users\\ADMIN\\Desktop\\K2\\projects\\4viewsSocial\\APIAdmin\\vendor\\laravel\\framework\\src\\Illuminate\\Foundation\\resources\\server.php(23): require_once('C:\\\\Users\\\\ADMIN\\\\...')
#59 {main}
"} 
[2026-01-04 04:28:25] local.ERROR: SQLSTATE[HY000] [2002] No connection could be made because the target machine actively refused it (Connection: mysql, SQL: select count(*) as aggregate from `users`) {"exception":"[object] (Illuminate\\Database\\QueryException(code: 2002): SQLSTATE[HY000] [2002] No connection could be made because the target machine actively refused it (Connection: mysql, SQL: select count(*) as aggregate from `users`) at C:\\Users\\ADMIN\\Desktop\\K2\\projects\\4viewsSocial\\APIAdmin\\vendor\\laravel\\framework\\src\\Illuminate\\Database\\Connection.php:824)
[stacktrace]
#0 C:\\Users\\ADMIN\\Desktop\\K2\\projects\\4viewsSocial\\APIAdmin\\vendor\\laravel\\framework\\src\\Illuminate\\Database\\Connection.php(978): Illuminate\\Database\\Connection->runQueryCallback('select count(*)...', Array, Object(Closure))
#1 C:\\Users\\ADMIN\\Desktop\\K2\\projects\\4viewsSocial\\APIAdmin\\vendor\\laravel\\framework\\src\\Illuminate\\Database\\Connection.php(957): Illuminate\\Database\\Connection->tryAgainIfCausedByLostConnection(Object(Illuminate\\Database\\QueryException), 'select count(*)...', Array, Object(Closure))
#2 C:\\Users\\ADMIN\\Desktop\\K2\\projects\\4viewsSocial\\APIAdmin\\vendor\\laravel\\framework\\src\\Illuminate\\Database\\Connection.php(780): Illuminate\\Database\\Connection->handleQueryException(Object(Illuminate\\Database\\QueryException), 'select count(*)...', Array, Object(Closure))
#3 C:\\Users\\ADMIN\\Desktop\\K2\\projects\\4viewsSocial\\APIAdmin\\vendor\\laravel\\framework\\src\\Illuminate\\Database\\Connection.php(397): Illuminate\\Database\\Connection->run('select count(*)...', Array, Object(Closure))
#4 C:\\Users\\ADMIN\\Desktop\\K2\\projects\\4viewsSocial\\APIAdmin\\vendor\\laravel\\framework\\src\\Illuminate\\Database\\Query\\Builder.php(3188): Illuminate\\Database\\Connection->select('select count(*)...', Array, true)
#5 C:\\Users\\ADMIN\\Desktop\\K2\\projects\\4viewsSocial\\APIAdmin\\vendor\\laravel\\framework\\src\\Illuminate\\Database\\Query\\Builder.php(3173): Illuminate\\Database\\Query\\Builder->runSelect()
#6 C:\\Users\\ADMIN\\Desktop\\K2\\projects\\4viewsSocial\\APIAdmin\\vendor\\laravel\\framework\\src\\Illuminate\\Database\\Query\\Builder.php(3763): Illuminate\\Database\\Query\\Builder->Illuminate\\Database\\Query\\{closure}()
#7 C:\\Users\\ADMIN\\Desktop\\K2\\projects\\4viewsSocial\\APIAdmin\\vendor\\laravel\\framework\\src\\Illuminate\\Database\\Query\\Builder.php(3172): Illuminate\\Database\\Query\\Builder->onceWithColumns(Array, Object(Closure))
#8 C:\\Users\\ADMIN\\Desktop\\K2\\projects\\4viewsSocial\\APIAdmin\\vendor\\laravel\\framework\\src\\Illuminate\\Database\\Query\\Builder.php(3687): Illuminate\\Database\\Query\\Builder->get(Array)
#9 C:\\Users\\ADMIN\\Desktop\\K2\\projects\\4viewsSocial\\APIAdmin\\vendor\\laravel\\framework\\src\\Illuminate\\Database\\Query\\Builder.php(3615): Illuminate\\Database\\Query\\Builder->aggregate('count', Array)
#10 C:\\Users\\ADMIN\\Desktop\\K2\\projects\\4viewsSocial\\APIAdmin\\vendor\\laravel\\framework\\src\\Illuminate\\Database\\Eloquent\\Builder.php(2235): Illuminate\\Database\\Query\\Builder->count()
#11 C:\\Users\\ADMIN\\Desktop\\K2\\projects\\4viewsSocial\\APIAdmin\\vendor\\laravel\\framework\\src\\Illuminate\\Support\\Traits\\ForwardsCalls.php(23): Illuminate\\Database\\Eloquent\\Builder->__call('count', Array)
#12 C:\\Users\\ADMIN\\Desktop\\K2\\projects\\4viewsSocial\\APIAdmin\\vendor\\laravel\\framework\\src\\Illuminate\\Database\\Eloquent\\Model.php(2540): Illuminate\\Database\\Eloquent\\Model->forwardCallTo(Object(Illuminate\\Database\\Eloquent\\Builder), 'count', Array)
#13 C:\\Users\\ADMIN\\Desktop\\K2\\projects\\4viewsSocial\\APIAdmin\\vendor\\laravel\\framework\\src\\Illuminate\\Database\\Eloquent\\Model.php(2556): Illuminate\\Database\\Eloquent\\Model->__call('count', Array)
#14 C:\\Users\\ADMIN\\Desktop\\K2\\projects\\4viewsSocial\\APIAdmin\\app\\Http\\Controllers\\DashboardController.php(25): Illuminate\\Database\\Eloquent\\Model::__callStatic('count', Array)
#15 C:\\Users\\ADMIN\\Desktop\\K2\\projects\\4viewsSocial\\APIAdmin\\vendor\\laravel\\framework\\src\\Illuminate\\Routing\\ControllerDispatcher.php(46): App\\Http\\Controllers\\DashboardController->stats(Object(Illuminate\\Http\\Request))
#16 C:\\Users\\ADMIN\\Desktop\\K2\\projects\\4viewsSocial\\APIAdmin\\vendor\\laravel\\framework\\src\\Illuminate\\Routing\\Route.php(265): Illuminate\\Routing\\ControllerDispatcher->dispatch(Object(Illuminate\\Routing\\Route), Object(App\\Http\\Controllers\\DashboardController), 'stats')
#17 C:\\Users\\ADMIN\\Desktop\\K2\\projects\\4viewsSocial\\APIAdmin\\vendor\\laravel\\framework\\src\\Illuminate\\Routing\\Route.php(211): Illuminate\\Routing\\Route->runController()
#18 C:\\Users\\ADMIN\\Desktop\\K2\\projects\\4viewsSocial\\APIAdmin\\vendor\\laravel\\framework\\src\\Illuminate\\Routing\\Router.php(822): Illuminate\\Routing\\Route->run()
#19 C:\\Users\\ADMIN\\Desktop\\K2\\projects\\4viewsSocial\\APIAdmin\\vendor\\laravel\\framework\\src\\Illuminate\\Pipeline\\Pipeline.php(180): Illuminate\\Routing\\Router->Illuminate\\Routing\\{closure}(Object(Illuminate\\Http\\Request))
#20 C:\\Users\\ADMIN\\Desktop\\K2\\projects\\4viewsSocial\\APIAdmin\\vendor\\laravel\\framework\\src\\Illuminate\\Routing\\Middleware\\SubstituteBindings.php(50): Illuminate\\Pipeline\\Pipeline->Illuminate\\Pipeline\\{closure}(Object(Illuminate\\Http\\Request))
#21 C:\\Users\\ADMIN\\Desktop\\K2\\projects\\4viewsSocial\\APIAdmin\\vendor\\laravel\\framework\\src\\Illuminate\\Pipeline\\Pipeline.php(219): Illuminate\\Routing\\Middleware\\SubstituteBindings->handle(Object(Illuminate\\Http\\Request), Object(Closure))
#22 C:\\Users\\ADMIN\\Desktop\\K2\\projects\\4viewsSocial\\APIAdmin\\vendor\\laravel\\framework\\src\\Illuminate\\Pipeline\\Pipeline.php(137): Illuminate\\Pipeline\\Pipeline->Illuminate\\Pipeline\\{closure}(Object(Illuminate\\Http\\Request))
#23 C:\\Users\\ADMIN\\Desktop\\K2\\projects\\4viewsSocial\\APIAdmin\\vendor\\laravel\\framework\\src\\Illuminate\\Routing\\Router.php(821): Illuminate\\Pipeline\\Pipeline->then(Object(Closure))
#24 C:\\Users\\ADMIN\\Desktop\\K2\\projects\\4viewsSocial\\APIAdmin\\vendor\\laravel\\framework\\src\\Illuminate\\Routing\\Router.php(800): Illuminate\\Routing\\Router->runRouteWithinStack(Object(Illuminate\\Routing\\Route), Object(Illuminate\\Http\\Request))
#25 C:\\Users\\ADMIN\\Desktop\\K2\\projects\\4viewsSocial\\APIAdmin\\vendor\\laravel\\framework\\src\\Illuminate\\Routing\\Router.php(764): Illuminate\\Routing\\Router->runRoute(Object(Illuminate\\Http\\Request), Object(Illuminate\\Routing\\Route))
#26 C:\\Users\\ADMIN\\Desktop\\K2\\projects\\4viewsSocial\\APIAdmin\\vendor\\laravel\\framework\\src\\Illuminate\\Routing\\Router.php(753): Illuminate\\Routing\\Router->dispatchToRoute(Object(Illuminate\\Http\\Request))
#27 C:\\Users\\ADMIN\\Desktop\\K2\\projects\\4viewsSocial\\APIAdmin\\vendor\\laravel\\framework\\src\\Illuminate\\Foundation\\Http\\Kernel.php(200): Illuminate\\Routing\\Router->dispatch(Object(Illuminate\\Http\\Request))
#28 C:\\Users\\ADMIN\\Desktop\\K2\\projects\\4viewsSocial\\APIAdmin\\vendor\\laravel\\framework\\src\\Illuminate\\Pipeline\\Pipeline.php(180): Illuminate\\Foundation\\Http\\Kernel->Illuminate\\Foundation\\Http\\{closure}(Object(Illuminate\\Http\\Request))
#29 C:\\Users\\ADMIN\\Desktop\\K2\\projects\\4viewsSocial\\APIAdmin\\vendor\\laravel\\framework\\src\\Illuminate\\Foundation\\Http\\Middleware\\TransformsRequest.php(21): Illuminate\\Pipeline\\Pipeline->Illuminate\\Pipeline\\{closure}(Object(Illuminate\\Http\\Request))
#30 C:\\Users\\ADMIN\\Desktop\\K2\\projects\\4viewsSocial\\APIAdmin\\vendor\\laravel\\framework\\src\\Illuminate\\Foundation\\Http\\Middleware\\ConvertEmptyStringsToNull.php(31): Illuminate\\Foundation\\Http\\Middleware\\TransformsRequest->handle(Object(Illuminate\\Http\\Request), Object(Closure))
#31 C:\\Users\\ADMIN\\Desktop\\K2\\projects\\4viewsSocial\\APIAdmin\\vendor\\laravel\\framework\\src\\Illuminate\\Pipeline\\Pipeline.php(219): Illuminate\\Foundation\\Http\\Middleware\\ConvertEmptyStringsToNull->handle(Object(Illuminate\\Http\\Request), Object(Closure))
#32 C:\\Users\\ADMIN\\Desktop\\K2\\projects\\4viewsSocial\\APIAdmin\\vendor\\laravel\\framework\\src\\Illuminate\\Foundation\\Http\\Middleware\\TransformsRequest.php(21): Illuminate\\Pipeline\\Pipeline->Illuminate\\Pipeline\\{closure}(Object(Illuminate\\Http\\Request))
#33 C:\\Users\\ADMIN\\Desktop\\K2\\projects\\4viewsSocial\\APIAdmin\\vendor\\laravel\\framework\\src\\Illuminate\\Foundation\\Http\\Middleware\\TrimStrings.php(51): Illuminate\\Foundation\\Http\\Middleware\\TransformsRequest->handle(Object(Illuminate\\Http\\Request), Object(Closure))
#34 C:\\Users\\ADMIN\\Desktop\\K2\\projects\\4viewsSocial\\APIAdmin\\vendor\\laravel\\framework\\src\\Illuminate\\Pipeline\\Pipeline.php(219): Illuminate\\Foundation\\Http\\Middleware\\TrimStrings->handle(Object(Illuminate\\Http\\Request), Object(Closure))
#35 C:\\Users\\ADMIN\\Desktop\\K2\\projects\\4viewsSocial\\APIAdmin\\vendor\\laravel\\framework\\src\\Illuminate\\Http\\Middleware\\ValidatePostSize.php(27): Illuminate\\Pipeline\\Pipeline->Illuminate\\Pipeline\\{closure}(Object(Illuminate\\Http\\Request))
#36 C:\\Users\\ADMIN\\Desktop\\K2\\projects\\4viewsSocial\\APIAdmin\\vendor\\laravel\\framework\\src\\Illuminate\\Pipeline\\Pipeline.php(219): Illuminate\\Http\\Middleware\\ValidatePostSize->handle(Object(Illuminate\\Http\\Request), Object(Closure))
#37 C:\\Users\\ADMIN\\Desktop\\K2\\projects\\4viewsSocial\\APIAdmin\\vendor\\laravel\\framework\\src\\Illuminate\\Foundation\\Http\\Middleware\\PreventRequestsDuringMaintenance.php(109): Illuminate\\Pipeline\\Pipeline->Illuminate\\Pipeline\\{closure}(Object(Illuminate\\Http\\Request))
#38 C:\\Users\\ADMIN\\Desktop\\K2\\projects\\4viewsSocial\\APIAdmin\\vendor\\laravel\\framework\\src\\Illuminate\\Pipeline\\Pipeline.php(219): Illuminate\\Foundation\\Http\\Middleware\\PreventRequestsDuringMaintenance->handle(Object(Illuminate\\Http\\Request), Object(Closure))
#39 C:\\Users\\ADMIN\\Desktop\\K2\\projects\\4viewsSocial\\APIAdmin\\vendor\\laravel\\framework\\src\\Illuminate\\Http\\Middleware\\HandleCors.php(61): Illuminate\\Pipeline\\Pipeline->Illuminate\\Pipeline\\{closure}(Object(Illuminate\\Http\\Request))
#40 C:\\Users\\ADMIN\\Desktop\\K2\\projects\\4viewsSocial\\APIAdmin\\vendor\\laravel\\framework\\src\\Illuminate\\Pipeline\\Pipeline.php(219): Illuminate\\Http\\Middleware\\HandleCors->handle(Object(Illuminate\\Http\\Request), Object(Closure))
#41 C:\\Users\\ADMIN\\Desktop\\K2\\projects\\4viewsSocial\\APIAdmin\\vendor\\laravel\\framework\\src\\Illuminate\\Http\\Middleware\\TrustProxies.php(58): Illuminate\\Pipeline\\Pipeline->Illuminate\\Pipeline\\{closure}(Object(Illuminate\\Http\\Request))
#42 C:\\Users\\ADMIN\\Desktop\\K2\\projects\\4viewsSocial\\APIAdmin\\vendor\\laravel\\framework\\src\\Illuminate\\Pipeline\\Pipeline.php(219): Illuminate\\Http\\Middleware\\TrustProxies->handle(Object(Illuminate\\Http\\Request), Object(Closure))
#43 C:\\Users\\ADMIN\\Desktop\\K2\\projects\\4viewsSocial\\APIAdmin\\vendor\\laravel\\framework\\src\\Illuminate\\Foundation\\Http\\Middleware\\InvokeDeferredCallbacks.php(22): Illuminate\\Pipeline\\Pipeline->Illuminate\\Pipeline\\{closure}(Object(Illuminate\\Http\\Request))
#44 C:\\Users\\ADMIN\\Desktop\\K2\\projects\\4viewsSocial\\APIAdmin\\vendor\\laravel\\framework\\src\\Illuminate\\Pipeline\\Pipeline.php(219): Illuminate\\Foundation\\Http\\Middleware\\InvokeDeferredCallbacks->handle(Object(Illuminate\\Http\\Request), Object(Closure))
#45 C:\\Users\\ADMIN\\Desktop\\K2\\projects\\4viewsSocial\\APIAdmin\\vendor\\laravel\\framework\\src\\Illuminate\\Http\\Middleware\\ValidatePathEncoding.php(26): Illuminate\\Pipeline\\Pipeline->Illuminate\\Pipeline\\{closure}(Object(Illuminate\\Http\\Request))
#46 C:\\Users\\ADMIN\\Desktop\\K2\\projects\\4viewsSocial\\APIAdmin\\vendor\\laravel\\framework\\src\\Illuminate\\Pipeline\\Pipeline.php(219): Illuminate\\Http\\Middleware\\ValidatePathEncoding->handle(Object(Illuminate\\Http\\Request), Object(Closure))
#47 C:\\Users\\ADMIN\\Desktop\\K2\\projects\\4viewsSocial\\APIAdmin\\vendor\\laravel\\framework\\src\\Illuminate\\Pipeline\\Pipeline.php(137): Illuminate\\Pipeline\\Pipeline->Illuminate\\Pipeline\\{closure}(Object(Illuminate\\Http\\Request))
#48 C:\\Users\\ADMIN\\Desktop\\K2\\projects\\4viewsSocial\\APIAdmin\\vendor\\laravel\\framework\\src\\Illuminate\\Foundation\\Http\\Kernel.php(175): Illuminate\\Pipeline\\Pipeline->then(Object(Closure))
#49 C:\\Users\\ADMIN\\Desktop\\K2\\projects\\4viewsSocial\\APIAdmin\\vendor\\laravel\\framework\\src\\Illuminate\\Foundation\\Http\\Kernel.php(144): Illuminate\\Foundation\\Http\\Kernel->sendRequestThroughRouter(Object(Illuminate\\Http\\Request))
#50 C:\\Users\\ADMIN\\Desktop\\K2\\projects\\4viewsSocial\\APIAdmin\\vendor\\laravel\\framework\\src\\Illuminate\\Foundation\\Application.php(1220): Illuminate\\Foundation\\Http\\Kernel->handle(Object(Illuminate\\Http\\Request))
#51 C:\\Users\\ADMIN\\Desktop\\K2\\projects\\4viewsSocial\\APIAdmin\\public\\index.php(20): Illuminate\\Foundation\\Application->handleRequest(Object(Illuminate\\Http\\Request))
#52 C:\\Users\\ADMIN\\Desktop\\K2\\projects\\4viewsSocial\\APIAdmin\\vendor\\laravel\\framework\\src\\Illuminate\\Foundation\\resources\\server.php(23): require_once('C:\\\\Users\\\\ADMIN\\\\...')
#53 {main}

[previous exception] [object] (PDOException(code: 2002): SQLSTATE[HY000] [2002] No connection could be made because the target machine actively refused it at C:\\Users\\ADMIN\\Desktop\\K2\\projects\\4viewsSocial\\APIAdmin\\vendor\\laravel\\framework\\src\\Illuminate\\Database\\Connectors\\Connector.php:66)
[stacktrace]
#0 C:\\Users\\ADMIN\\Desktop\\K2\\projects\\4viewsSocial\\APIAdmin\\vendor\\laravel\\framework\\src\\Illuminate\\Database\\Connectors\\Connector.php(66): PDO->__construct('mysql:host=127....', 'root', Object(SensitiveParameterValue), Array)
#1 C:\\Users\\ADMIN\\Desktop\\K2\\projects\\4viewsSocial\\APIAdmin\\vendor\\laravel\\framework\\src\\Illuminate\\Database\\Connectors\\Connector.php(85): Illuminate\\Database\\Connectors\\Connector->createPdoConnection('mysql:host=127....', 'root', Object(SensitiveParameterValue), Array)
#2 C:\\Users\\ADMIN\\Desktop\\K2\\projects\\4viewsSocial\\APIAdmin\\vendor\\laravel\\framework\\src\\Illuminate\\Database\\Connectors\\Connector.php(48): Illuminate\\Database\\Connectors\\Connector->tryAgainIfCausedByLostConnection(Object(PDOException), 'mysql:host=127....', 'root', Object(SensitiveParameterValue), Array)
#3 C:\\Users\\ADMIN\\Desktop\\K2\\projects\\4viewsSocial\\APIAdmin\\vendor\\laravel\\framework\\src\\Illuminate\\Database\\Connectors\\MySqlConnector.php(24): Illuminate\\Database\\Connectors\\Connector->createConnection('mysql:host=127....', Array, Array)
#4 C:\\Users\\ADMIN\\Desktop\\K2\\projects\\4viewsSocial\\APIAdmin\\vendor\\laravel\\framework\\src\\Illuminate\\Database\\Connectors\\ConnectionFactory.php(184): Illuminate\\Database\\Connectors\\MySqlConnector->connect(Array)
#5 [internal function]: Illuminate\\Database\\Connectors\\ConnectionFactory->Illuminate\\Database\\Connectors\\{closure}()
#6 C:\\Users\\ADMIN\\Desktop\\K2\\projects\\4viewsSocial\\APIAdmin\\vendor\\laravel\\framework\\src\\Illuminate\\Database\\Connection.php(1234): call_user_func(Object(Closure))
#7 C:\\Users\\ADMIN\\Desktop\\K2\\projects\\4viewsSocial\\APIAdmin\\vendor\\laravel\\framework\\src\\Illuminate\\Database\\Connection.php(1270): Illuminate\\Database\\Connection->getPdo()
#8 C:\\Users\\ADMIN\\Desktop\\K2\\projects\\4viewsSocial\\APIAdmin\\vendor\\laravel\\framework\\src\\Illuminate\\Database\\Connection.php(511): Illuminate\\Database\\Connection->getReadPdo()
#9 C:\\Users\\ADMIN\\Desktop\\K2\\projects\\4viewsSocial\\APIAdmin\\vendor\\laravel\\framework\\src\\Illuminate\\Database\\Connection.php(406): Illuminate\\Database\\Connection->getPdoForSelect(true)
#10 C:\\Users\\ADMIN\\Desktop\\K2\\projects\\4viewsSocial\\APIAdmin\\vendor\\laravel\\framework\\src\\Illuminate\\Database\\Connection.php(811): Illuminate\\Database\\Connection->Illuminate\\Database\\{closure}('select count(*)...', Array)
#11 C:\\Users\\ADMIN\\Desktop\\K2\\projects\\4viewsSocial\\APIAdmin\\vendor\\laravel\\framework\\src\\Illuminate\\Database\\Connection.php(978): Illuminate\\Database\\Connection->runQueryCallback('select count(*)...', Array, Object(Closure))
#12 C:\\Users\\ADMIN\\Desktop\\K2\\projects\\4viewsSocial\\APIAdmin\\vendor\\laravel\\framework\\src\\Illuminate\\Database\\Connection.php(957): Illuminate\\Database\\Connection->tryAgainIfCausedByLostConnection(Object(Illuminate\\Database\\QueryException), 'select count(*)...', Array, Object(Closure))
#13 C:\\Users\\ADMIN\\Desktop\\K2\\projects\\4viewsSocial\\APIAdmin\\vendor\\laravel\\framework\\src\\Illuminate\\Database\\Connection.php(780): Illuminate\\Database\\Connection->handleQueryException(Object(Illuminate\\Database\\QueryException), 'select count(*)...', Array, Object(Closure))
#14 C:\\Users\\ADMIN\\Desktop\\K2\\projects\\4viewsSocial\\APIAdmin\\vendor\\laravel\\framework\\src\\Illuminate\\Database\\Connection.php(397): Illuminate\\Database\\Connection->run('select count(*)...', Array, Object(Closure))
#15 C:\\Users\\ADMIN\\Desktop\\K2\\projects\\4viewsSocial\\APIAdmin\\vendor\\laravel\\framework\\src\\Illuminate\\Database\\Query\\Builder.php(3188): Illuminate\\Database\\Connection->select('select count(*)...', Array, true)
#16 C:\\Users\\ADMIN\\Desktop\\K2\\projects\\4viewsSocial\\APIAdmin\\vendor\\laravel\\framework\\src\\Illuminate\\Database\\Query\\Builder.php(3173): Illuminate\\Database\\Query\\Builder->runSelect()
#17 C:\\Users\\ADMIN\\Desktop\\K2\\projects\\4viewsSocial\\APIAdmin\\vendor\\laravel\\framework\\src\\Illuminate\\Database\\Query\\Builder.php(3763): Illuminate\\Database\\Query\\Builder->Illuminate\\Database\\Query\\{closure}()
#18 C:\\Users\\ADMIN\\Desktop\\K2\\projects\\4viewsSocial\\APIAdmin\\vendor\\laravel\\framework\\src\\Illuminate\\Database\\Query\\Builder.php(3172): Illuminate\\Database\\Query\\Builder->onceWithColumns(Array, Object(Closure))
#19 C:\\Users\\ADMIN\\Desktop\\K2\\projects\\4viewsSocial\\APIAdmin\\vendor\\laravel\\framework\\src\\Illuminate\\Database\\Query\\Builder.php(3687): Illuminate\\Database\\Query\\Builder->get(Array)
#20 C:\\Users\\ADMIN\\Desktop\\K2\\projects\\4viewsSocial\\APIAdmin\\vendor\\laravel\\framework\\src\\Illuminate\\Database\\Query\\Builder.php(3615): Illuminate\\Database\\Query\\Builder->aggregate('count', Array)
#21 C:\\Users\\ADMIN\\Desktop\\K2\\projects\\4viewsSocial\\APIAdmin\\vendor\\laravel\\framework\\src\\Illuminate\\Database\\Eloquent\\Builder.php(2235): Illuminate\\Database\\Query\\Builder->count()
#22 C:\\Users\\ADMIN\\Desktop\\K2\\projects\\4viewsSocial\\APIAdmin\\vendor\\laravel\\framework\\src\\Illuminate\\Support\\Traits\\ForwardsCalls.php(23): Illuminate\\Database\\Eloquent\\Builder->__call('count', Array)
#23 C:\\Users\\ADMIN\\Desktop\\K2\\projects\\4viewsSocial\\APIAdmin\\vendor\\laravel\\framework\\src\\Illuminate\\Database\\Eloquent\\Model.php(2540): Illuminate\\Database\\Eloquent\\Model->forwardCallTo(Object(Illuminate\\Database\\Eloquent\\Builder), 'count', Array)
#24 C:\\Users\\ADMIN\\Desktop\\K2\\projects\\4viewsSocial\\APIAdmin\\vendor\\laravel\\framework\\src\\Illuminate\\Database\\Eloquent\\Model.php(2556): Illuminate\\Database\\Eloquent\\Model->__call('count', Array)
#25 C:\\Users\\ADMIN\\Desktop\\K2\\projects\\4viewsSocial\\APIAdmin\\app\\Http\\Controllers\\DashboardController.php(25): Illuminate\\Database\\Eloquent\\Model::__callStatic('count', Array)
#26 C:\\Users\\ADMIN\\Desktop\\K2\\projects\\4viewsSocial\\APIAdmin\\vendor\\laravel\\framework\\src\\Illuminate\\Routing\\ControllerDispatcher.php(46): App\\Http\\Controllers\\DashboardController->stats(Object(Illuminate\\Http\\Request))
#27 C:\\Users\\ADMIN\\Desktop\\K2\\projects\\4viewsSocial\\APIAdmin\\vendor\\laravel\\framework\\src\\Illuminate\\Routing\\Route.php(265): Illuminate\\Routing\\ControllerDispatcher->dispatch(Object(Illuminate\\Routing\\Route), Object(App\\Http\\Controllers\\DashboardController), 'stats')
#28 C:\\Users\\ADMIN\\Desktop\\K2\\projects\\4viewsSocial\\APIAdmin\\vendor\\laravel\\framework\\src\\Illuminate\\Routing\\Route.php(211): Illuminate\\Routing\\Route->runController()
#29 C:\\Users\\ADMIN\\Desktop\\K2\\projects\\4viewsSocial\\APIAdmin\\vendor\\laravel\\framework\\src\\Illuminate\\Routing\\Router.php(822): Illuminate\\Routing\\Route->run()
#30 C:\\Users\\ADMIN\\Desktop\\K2\\projects\\4viewsSocial\\APIAdmin\\vendor\\laravel\\framework\\src\\Illuminate\\Pipeline\\Pipeline.php(180): Illuminate\\Routing\\Router->Illuminate\\Routing\\{closure}(Object(Illuminate\\Http\\Request))
#31 C:\\Users\\ADMIN\\Desktop\\K2\\projects\\4viewsSocial\\APIAdmin\\vendor\\laravel\\framework\\src\\Illuminate\\Routing\\Middleware\\SubstituteBindings.php(50): Illuminate\\Pipeline\\Pipeline->Illuminate\\Pipeline\\{closure}(Object(Illuminate\\Http\\Request))
#32 C:\\Users\\ADMIN\\Desktop\\K2\\projects\\4viewsSocial\\APIAdmin\\vendor\\laravel\\framework\\src\\Illuminate\\Pipeline\\Pipeline.php(219): Illuminate\\Routing\\Middleware\\SubstituteBindings->handle(Object(Illuminate\\Http\\Request), Object(Closure))
#33 C:\\Users\\ADMIN\\Desktop\\K2\\projects\\4viewsSocial\\APIAdmin\\vendor\\laravel\\framework\\src\\Illuminate\\Pipeline\\Pipeline.php(137): Illuminate\\Pipeline\\Pipeline->Illuminate\\Pipeline\\{closure}(Object(Illuminate\\Http\\Request))
#34 C:\\Users\\ADMIN\\Desktop\\K2\\projects\\4viewsSocial\\APIAdmin\\vendor\\laravel\\framework\\src\\Illuminate\\Routing\\Router.php(821): Illuminate\\Pipeline\\Pipeline->then(Object(Closure))
#35 C:\\Users\\ADMIN\\Desktop\\K2\\projects\\4viewsSocial\\APIAdmin\\vendor\\laravel\\framework\\src\\Illuminate\\Routing\\Router.php(800): Illuminate\\Routing\\Router->runRouteWithinStack(Object(Illuminate\\Routing\\Route), Object(Illuminate\\Http\\Request))
#36 C:\\Users\\ADMIN\\Desktop\\K2\\projects\\4viewsSocial\\APIAdmin\\vendor\\laravel\\framework\\src\\Illuminate\\Routing\\Router.php(764): Illuminate\\Routing\\Router->runRoute(Object(Illuminate\\Http\\Request), Object(Illuminate\\Routing\\Route))
#37 C:\\Users\\ADMIN\\Desktop\\K2\\projects\\4viewsSocial\\APIAdmin\\vendor\\laravel\\framework\\src\\Illuminate\\Routing\\Router.php(753): Illuminate\\Routing\\Router->dispatchToRoute(Object(Illuminate\\Http\\Request))
#38 C:\\Users\\ADMIN\\Desktop\\K2\\projects\\4viewsSocial\\APIAdmin\\vendor\\laravel\\framework\\src\\Illuminate\\Foundation\\Http\\Kernel.php(200): Illuminate\\Routing\\Router->dispatch(Object(Illuminate\\Http\\Request))
#39 C:\\Users\\ADMIN\\Desktop\\K2\\projects\\4viewsSocial\\APIAdmin\\vendor\\laravel\\framework\\src\\Illuminate\\Pipeline\\Pipeline.php(180): Illuminate\\Foundation\\Http\\Kernel->Illuminate\\Foundation\\Http\\{closure}(Object(Illuminate\\Http\\Request))
#40 C:\\Users\\ADMIN\\Desktop\\K2\\projects\\4viewsSocial\\APIAdmin\\vendor\\laravel\\framework\\src\\Illuminate\\Foundation\\Http\\Middleware\\TransformsRequest.php(21): Illuminate\\Pipeline\\Pipeline->Illuminate\\Pipeline\\{closure}(Object(Illuminate\\Http\\Request))
#41 C:\\Users\\ADMIN\\Desktop\\K2\\projects\\4viewsSocial\\APIAdmin\\vendor\\laravel\\framework\\src\\Illuminate\\Foundation\\Http\\Middleware\\ConvertEmptyStringsToNull.php(31): Illuminate\\Foundation\\Http\\Middleware\\TransformsRequest->handle(Object(Illuminate\\Http\\Request), Object(Closure))
#42 C:\\Users\\ADMIN\\Desktop\\K2\\projects\\4viewsSocial\\APIAdmin\\vendor\\laravel\\framework\\src\\Illuminate\\Pipeline\\Pipeline.php(219): Illuminate\\Foundation\\Http\\Middleware\\ConvertEmptyStringsToNull->handle(Object(Illuminate\\Http\\Request), Object(Closure))
#43 C:\\Users\\ADMIN\\Desktop\\K2\\projects\\4viewsSocial\\APIAdmin\\vendor\\laravel\\framework\\src\\Illuminate\\Foundation\\Http\\Middleware\\TransformsRequest.php(21): Illuminate\\Pipeline\\Pipeline->Illuminate\\Pipeline\\{closure}(Object(Illuminate\\Http\\Request))
#44 C:\\Users\\ADMIN\\Desktop\\K2\\projects\\4viewsSocial\\APIAdmin\\vendor\\laravel\\framework\\src\\Illuminate\\Foundation\\Http\\Middleware\\TrimStrings.php(51): Illuminate\\Foundation\\Http\\Middleware\\TransformsRequest->handle(Object(Illuminate\\Http\\Request), Object(Closure))
#45 C:\\Users\\ADMIN\\Desktop\\K2\\projects\\4viewsSocial\\APIAdmin\\vendor\\laravel\\framework\\src\\Illuminate\\Pipeline\\Pipeline.php(219): Illuminate\\Foundation\\Http\\Middleware\\TrimStrings->handle(Object(Illuminate\\Http\\Request), Object(Closure))
#46 C:\\Users\\ADMIN\\Desktop\\K2\\projects\\4viewsSocial\\APIAdmin\\vendor\\laravel\\framework\\src\\Illuminate\\Http\\Middleware\\ValidatePostSize.php(27): Illuminate\\Pipeline\\Pipeline->Illuminate\\Pipeline\\{closure}(Object(Illuminate\\Http\\Request))
#47 C:\\Users\\ADMIN\\Desktop\\K2\\projects\\4viewsSocial\\APIAdmin\\vendor\\laravel\\framework\\src\\Illuminate\\Pipeline\\Pipeline.php(219): Illuminate\\Http\\Middleware\\ValidatePostSize->handle(Object(Illuminate\\Http\\Request), Object(Closure))
#48 C:\\Users\\ADMIN\\Desktop\\K2\\projects\\4viewsSocial\\APIAdmin\\vendor\\laravel\\framework\\src\\Illuminate\\Foundation\\Http\\Middleware\\PreventRequestsDuringMaintenance.php(109): Illuminate\\Pipeline\\Pipeline->Illuminate\\Pipeline\\{closure}(Object(Illuminate\\Http\\Request))
#49 C:\\Users\\ADMIN\\Desktop\\K2\\projects\\4viewsSocial\\APIAdmin\\vendor\\laravel\\framework\\src\\Illuminate\\Pipeline\\Pipeline.php(219): Illuminate\\Foundation\\Http\\Middleware\\PreventRequestsDuringMaintenance->handle(Object(Illuminate\\Http\\Request), Object(Closure))
#50 C:\\Users\\ADMIN\\Desktop\\K2\\projects\\4viewsSocial\\APIAdmin\\vendor\\laravel\\framework\\src\\Illuminate\\Http\\Middleware\\HandleCors.php(61): Illuminate\\Pipeline\\Pipeline->Illuminate\\Pipeline\\{closure}(Object(Illuminate\\Http\\Request))
#51 C:\\Users\\ADMIN\\Desktop\\K2\\projects\\4viewsSocial\\APIAdmin\\vendor\\laravel\\framework\\src\\Illuminate\\Pipeline\\Pipeline.php(219): Illuminate\\Http\\Middleware\\HandleCors->handle(Object(Illuminate\\Http\\Request), Object(Closure))
#52 C:\\Users\\ADMIN\\Desktop\\K2\\projects\\4viewsSocial\\APIAdmin\\vendor\\laravel\\framework\\src\\Illuminate\\Http\\Middleware\\TrustProxies.php(58): Illuminate\\Pipeline\\Pipeline->Illuminate\\Pipeline\\{closure}(Object(Illuminate\\Http\\Request))
#53 C:\\Users\\ADMIN\\Desktop\\K2\\projects\\4viewsSocial\\APIAdmin\\vendor\\laravel\\framework\\src\\Illuminate\\Pipeline\\Pipeline.php(219): Illuminate\\Http\\Middleware\\TrustProxies->handle(Object(Illuminate\\Http\\Request), Object(Closure))
#54 C:\\Users\\ADMIN\\Desktop\\K2\\projects\\4viewsSocial\\APIAdmin\\vendor\\laravel\\framework\\src\\Illuminate\\Foundation\\Http\\Middleware\\InvokeDeferredCallbacks.php(22): Illuminate\\Pipeline\\Pipeline->Illuminate\\Pipeline\\{closure}(Object(Illuminate\\Http\\Request))
#55 C:\\Users\\ADMIN\\Desktop\\K2\\projects\\4viewsSocial\\APIAdmin\\vendor\\laravel\\framework\\src\\Illuminate\\Pipeline\\Pipeline.php(219): Illuminate\\Foundation\\Http\\Middleware\\InvokeDeferredCallbacks->handle(Object(Illuminate\\Http\\Request), Object(Closure))
#56 C:\\Users\\ADMIN\\Desktop\\K2\\projects\\4viewsSocial\\APIAdmin\\vendor\\laravel\\framework\\src\\Illuminate\\Http\\Middleware\\ValidatePathEncoding.php(26): Illuminate\\Pipeline\\Pipeline->Illuminate\\Pipeline\\{closure}(Object(Illuminate\\Http\\Request))
#57 C:\\Users\\ADMIN\\Desktop\\K2\\projects\\4viewsSocial\\APIAdmin\\vendor\\laravel\\framework\\src\\Illuminate\\Pipeline\\Pipeline.php(219): Illuminate\\Http\\Middleware\\ValidatePathEncoding->handle(Object(Illuminate\\Http\\Request), Object(Closure))
#58 C:\\Users\\ADMIN\\Desktop\\K2\\projects\\4viewsSocial\\APIAdmin\\vendor\\laravel\\framework\\src\\Illuminate\\Pipeline\\Pipeline.php(137): Illuminate\\Pipeline\\Pipeline->Illuminate\\Pipeline\\{closure}(Object(Illuminate\\Http\\Request))
#59 C:\\Users\\ADMIN\\Desktop\\K2\\projects\\4viewsSocial\\APIAdmin\\vendor\\laravel\\framework\\src\\Illuminate\\Foundation\\Http\\Kernel.php(175): Illuminate\\Pipeline\\Pipeline->then(Object(Closure))
#60 C:\\Users\\ADMIN\\Desktop\\K2\\projects\\4viewsSocial\\APIAdmin\\vendor\\laravel\\framework\\src\\Illuminate\\Foundation\\Http\\Kernel.php(144): Illuminate\\Foundation\\Http\\Kernel->sendRequestThroughRouter(Object(Illuminate\\Http\\Request))
#61 C:\\Users\\ADMIN\\Desktop\\K2\\projects\\4viewsSocial\\APIAdmin\\vendor\\laravel\\framework\\src\\Illuminate\\Foundation\\Application.php(1220): Illuminate\\Foundation\\Http\\Kernel->handle(Object(Illuminate\\Http\\Request))
#62 C:\\Users\\ADMIN\\Desktop\\K2\\projects\\4viewsSocial\\APIAdmin\\public\\index.php(20): Illuminate\\Foundation\\Application->handleRequest(Object(Illuminate\\Http\\Request))
#63 C:\\Users\\ADMIN\\Desktop\\K2\\projects\\4viewsSocial\\APIAdmin\\vendor\\laravel\\framework\\src\\Illuminate\\Foundation\\resources\\server.php(23): require_once('C:\\\\Users\\\\ADMIN\\\\...')
#64 {main}
"} 
